project_id,state,constituency_type,project_category,estimated_cost,sanctioned_amount,expected_duration_days,elapsed_days,progress_pct,contractor_id,contractor_past_delays,monsoon_overlap_days,material_inflation_index,labor_shortage_index,terrain_difficulty,sanction_year,actual_final_cost,actual_delay_days
MPLADS-0001,Maharashtra,RAJYA_SABHA,Other Public Assets,39048169.75,38236848.25,445,300,64.33,CTR-016,12,80,1.1817,0.1768,PLAIN,2025,50751456.22,124.27
MPLADS-0002,Bihar,LOK_SABHA,Sports Infrastructure,24952545.55,22019755.67,387,83,43.4,CTR-036,1,69,1.1864,0.0228,PLAIN,2023,27809837.56,65.41
MPLADS-0003,Meghalaya,LOK_SABHA,Other Public Assets,16912665.37,15731621.82,473,311,63.64,CTR-073,7,92,1.2189,0.4812,HILLY,2024,25451614.56,117.34
MPLADS-0004,Himachal Pradesh,LOK_SABHA,Roads,40508447.87,35618459.37,181,259,100.0,CTR-125,13,43,0.968,0.6351,HILLY,2025,43537013.11,143.88
MPLADS-0005,Mizoram,RAJYA_SABHA,Healthcare,5176100.07,5107244.49,261,102,20.71,CTR-190,4,47,1.1898,1.0,HILLY,2024,8278287.3,121.54
MPLADS-0006,Ladakh,LOK_SABHA,Roads,6530708.98,6051240.54,508,529,81.72,CTR-084,13,15,0.9995,1.0,HILLY,2025,7952704.91,128.0
MPLADS-0007,Lakshadweep,LOK_SABHA,Other Public Assets,5741921.49,4794991.93,427,268,100.0,CTR-034,8,54,0.9571,0.1091,COASTAL,2024,5076750.81,68.73
MPLADS-0008,Chhattisgarh,LOK_SABHA,Healthcare,22967895.66,19797404.84,211,75,19.09,CTR-169,5,0,0.9921,0.2666,HILLY,2025,23825069.8,66.6
MPLADS-0009,Sikkim,LOK_SABHA,Sanitation,1546826.81,1258883.22,177,46,17.66,CTR-086,11,25,1.0772,0.7045,HILLY,2023,1780890.84,101.85
MPLADS-0010,Telangana,LOK_SABHA,Community Halls,26425770.96,21812306.37,132,165,100.0,CTR-081,15,0,0.9896,0.8436,PLAIN,2024,24878821.99,99.42
MPLADS-0011,Uttarakhand,LOK_SABHA,Sanitation,23408568.6,20980453.35,399,383,100.0,CTR-013,11,62,1.0966,0.5275,HILLY,2025,30186579.45,135.94
MPLADS-0012,West Bengal,LOK_SABHA,Healthcare,40317395.48,37623410.06,435,413,84.48,CTR-036,1,69,1.1958,0.0951,COASTAL,2025,54988678.91,44.31
MPLADS-0013,Manipur,RAJYA_SABHA,Community Halls,13042476.02,12357993.49,112,16,18.97,CTR-026,10,37,1.2556,0.9992,HILLY,2025,21662078.42,126.11
MPLADS-0014,Nagaland,LOK_SABHA,Sports Infrastructure,17015069.04,17433497.44,458,524,100.0,CTR-160,12,47,1.1252,0.5833,HILLY,2025,26724709.09,134.57
MPLADS-0015,Telangana,RAJYA_SABHA,Other Public Assets,42601417.12,40866196.26,145,26,41.99,CTR-007,1,10,1.1317,1.0,DESERT,2023,55906646.74,51.4
MPLADS-0016,Punjab,RAJYA_SABHA,Sanitation,41926380.69,34656551.01,390,585,90.06,CTR-028,13,41,1.0072,0.7768,COASTAL,2024,43489480.53,114.84
MPLADS-0017,Chandigarh,RAJYA_SABHA,Sports Infrastructure,3332981.04,3333784.16,526,732,100.0,CTR-170,0,46,1.1518,0.7452,PLAIN,2025,4346912.65,60.85
MPLADS-0018,Bihar,RAJYA_SABHA,Bridges,31007294.01,25134129.21,188,250,72.54,CTR-083,2,67,1.2636,0.8364,HILLY,2023,42283675.81,105.72
MPLADS-0019,Jharkhand,RAJYA_SABHA,Sports Infrastructure,20499702.34,18829841.33,148,26,18.61,CTR-190,4,48,1.2039,0.4118,PLAIN,2024,25384909.75,43.08
MPLADS-0020,Nagaland,LOK_SABHA,Drinking Water,35249107.96,33909187.87,354,347,100.0,CTR-050,12,49,1.1551,0.9367,HILLY,2024,53068747.34,138.95
MPLADS-0021,Odisha,LOK_SABHA,Electrification,42178663.95,34328876.28,125,52,48.41,CTR-098,10,37,0.9559,0.8272,PLAIN,2023,34886094.2,48.68
MPLADS-0022,Odisha,RAJYA_SABHA,Other Public Assets,34539419.93,33722617.62,429,249,59.53,CTR-067,14,68,1.2845,0.9891,COASTAL,2024,55548190.1,144.72
MPLADS-0023,Kerala,RAJYA_SABHA,Roads,7958312.2,6726617.46,200,273,100.0,CTR-127,1,88,0.9836,0.4437,HILLY,2024,8055633.7,102.09
MPLADS-0024,Uttarakhand,LOK_SABHA,Healthcare,24387339.18,24196066.77,400,512,98.69,CTR-087,1,66,1.1626,0.305,HILLY,2025,35590589.6,91.96
MPLADS-0025,Jharkhand,RAJYA_SABHA,Roads,30124620.98,24154783.09,277,115,28.02,CTR-106,12,36,1.141,0.7614,PLAIN,2024,32708517.38,130.32
MPLADS-0026,Odisha,LOK_SABHA,Bridges,48505848.28,50744127.38,159,68,70.09,CTR-195,15,18,0.9995,0.2409,HILLY,2025,64256751.81,120.82
MPLADS-0027,Assam,LOK_SABHA,Bridges,46272732.53,46533977.86,197,10,0.0,CTR-191,10,43,1.2353,0.7737,PLAIN,2025,67639677.81,99.48
MPLADS-0028,Himachal Pradesh,LOK_SABHA,Electrification,1965560.81,1769670.84,405,544,100.0,CTR-051,12,62,1.1861,0.5969,HILLY,2025,2790701.31,100.61
MPLADS-0029,Meghalaya,RAJYA_SABHA,Electrification,7272653.26,6863333.66,174,261,80.94,CTR-147,0,50,1.1488,0.3344,HILLY,2024,10260244.16,58.36
MPLADS-0030,Delhi,LOK_SABHA,Healthcare,27272403.53,23757951.21,246,331,74.42,CTR-113,8,42,1.2114,0.4994,DESERT,2025,35401943.64,91.54
MPLADS-0031,Jharkhand,RAJYA_SABHA,Bridges,49737736.57,48178427.16,205,250,92.49,CTR-054,7,0,1.0241,0.5622,PLAIN,2024,55936719.68,64.08
MPLADS-0032,Ladakh,LOK_SABHA,Other Public Assets,3743756.48,3420967.78,208,161,94.1,CTR-010,1,6,0.9742,0.8982,HILLY,2023,4080034.33,63.07
MPLADS-0033,Manipur,LOK_SABHA,Electrification,16988160.97,15422391.99,338,396,84.67,CTR-106,12,47,1.0413,0.5307,HILLY,2024,21306498.77,112.15
MPLADS-0034,Kerala,RAJYA_SABHA,Sanitation,2048533.89,1695484.16,408,380,100.0,CTR-018,2,91,1.1976,0.1627,PLAIN,2023,2264555.5,95.82
MPLADS-0035,Jammu and Kashmir,LOK_SABHA,Other Public Assets,40061069.35,38065366.28,223,72,41.82,CTR-128,12,33,1.0162,0.9252,HILLY,2024,53240574.43,125.3
MPLADS-0036,West Bengal,RAJYA_SABHA,Sanitation,49592836.56,39723956.37,506,12,29.33,CTR-116,9,73,1.1987,0.2732,PLAIN,2024,54201242.85,79.02
MPLADS-0037,Arunachal Pradesh,LOK_SABHA,Community Halls,30733121.6,28839506.76,326,194,65.2,CTR-107,12,40,1.1177,0.7146,HILLY,2024,42672883.17,119.06
MPLADS-0038,Telangana,RAJYA_SABHA,Healthcare,9332867.21,7931868.5,504,650,100.0,CTR-049,10,51,1.1568,0.7417,PLAIN,2025,10150126.35,80.18
MPLADS-0039,Delhi,LOK_SABHA,Bridges,1645434.68,1719160.29,535,302,82.75,CTR-187,2,38,1.1137,0.6018,PLAIN,2025,2113141.96,42.55
MPLADS-0040,Kerala,RAJYA_SABHA,Sanitation,12558038.9,10357005.56,303,342,100.0,CTR-069,1,85,1.0538,0.2452,HILLY,2025,13262569.89,103.06
MPLADS-0041,Chhattisgarh,RAJYA_SABHA,Education,49236146.11,51480904.27,250,358,83.6,CTR-083,2,59,1.1967,0.5424,COASTAL,2025,73818015.65,67.25
MPLADS-0042,Uttarakhand,LOK_SABHA,Education,38731472.89,32987726.45,362,512,100.0,CTR-047,7,61,1.1154,0.6499,HILLY,2025,47494556.54,130.72
MPLADS-0043,Uttar Pradesh,LOK_SABHA,Education,44455447.02,44203814.89,238,185,100.0,CTR-091,6,42,1.0003,0.9522,PLAIN,2025,51017281.07,79.62
MPLADS-0044,Delhi,LOK_SABHA,Roads,30602395.99,28039553.44,527,316,54.63,CTR-133,1,43,1.0112,1.0,DESERT,2024,33640549.86,78.06
MPLADS-0045,Tamil Nadu,LOK_SABHA,Bridges,32131175.64,25723486.41,339,505,96.16,CTR-176,7,47,1.1072,1.0,DESERT,2024,35494940.32,113.8
MPLADS-0046,Tamil Nadu,LOK_SABHA,Other Public Assets,42377374.28,34328361.38,535,361,72.44,CTR-150,0,50,1.329,0.3663,PLAIN,2025,54145178.14,40.85
MPLADS-0047,Kerala,LOK_SABHA,Drinking Water,22282480.36,18526807.39,463,63,23.66,CTR-027,6,84,1.2613,1.0,HILLY,2024,31046103.73,122.17
MPLADS-0048,Karnataka,RAJYA_SABHA,Sports Infrastructure,35218859.51,36565298.24,352,322,92.02,CTR-062,11,77,0.9593,0.4001,PLAIN,2024,38356986.36,94.71
MPLADS-0049,Dadra and Nagar Haveli and Daman and Diu,LOK_SABHA,Community Halls,12588147.54,12942729.96,520,721,85.67,CTR-188,6,51,1.1326,0.4402,HILLY,2024,18946664.25,98.82
MPLADS-0050,Telangana,RAJYA_SABHA,Electrification,17138433.44,17127768.35,150,189,98.84,CTR-140,6,0,0.9963,0.3901,PLAIN,2023,17262113.08,22.41
MPLADS-0051,Karnataka,LOK_SABHA,Other Public Assets,13896291.54,14191063.35,190,189,78.5,CTR-143,4,0,1.0205,0.4235,PLAIN,2025,15139179.54,58.76
MPLADS-0052,Bihar,RAJYA_SABHA,Roads,23329839.85,21141366.29,184,14,15.4,CTR-153,14,74,1.0786,0.9488,DESERT,2024,29553153.15,148.96
MPLADS-0053,Kerala,LOK_SABHA,Sanitation,525677.84,477882.77,473,549,97.24,CTR-068,5,90,1.2792,0.5389,PLAIN,2023,713677.07,70.57
MPLADS-0054,Haryana,RAJYA_SABHA,Community Halls,11349866.22,9671162.38,382,431,100.0,CTR-152,4,38,1.3462,0.1372,PLAIN,2024,14939677.84,19.29
MPLADS-0055,Mizoram,LOK_SABHA,Sanitation,36868893.97,34715940.91,426,352,100.0,CTR-075,10,45,1.0541,0.6187,HILLY,2024,47614918.3,114.9
MPLADS-0056,Goa,LOK_SABHA,Healthcare,552839.52,471610.41,359,482,100.0,CTR-156,10,91,0.9738,0.2152,COASTAL,2023,563112.65,80.84
MPLADS-0057,Bihar,LOK_SABHA,Drinking Water,16359661.58,14563201.77,200,16,42.22,CTR-069,1,73,0.9899,0.1074,PLAIN,2025,14069105.98,62.02
MPLADS-0058,Tripura,RAJYA_SABHA,Community Halls,16534865.11,17149323.43,128,111,95.21,CTR-185,7,26,1.1475,0.9709,PLAIN,2024,23053307.12,63.11
MPLADS-0059,Puducherry,RAJYA_SABHA,Sanitation,20729134.18,18819561.18,451,428,88.72,CTR-161,15,48,1.1347,0.6588,PLAIN,2024,24887538.62,84.55
MPLADS-0060,Odisha,LOK_SABHA,Bridges,37899207.35,32758391.75,327,405,100.0,CTR-037,13,58,1.107,0.9239,PLAIN,2024,42523499.69,79.15
MPLADS-0061,Madhya Pradesh,RAJYA_SABHA,Bridges,770918.89,768345.89,512,254,49.26,CTR-198,1,53,1.1486,0.5365,PLAIN,2024,1008175.7,58.21
MPLADS-0062,Rajasthan,LOK_SABHA,Healthcare,28437437.68,29732366.95,418,381,100.0,CTR-187,2,33,1.0638,0.5038,DESERT,2024,39571663.03,42.07
MPLADS-0063,Tamil Nadu,LOK_SABHA,Sports Infrastructure,23355496.26,21733754.21,510,164,30.3,CTR-115,8,48,1.2736,0.9744,COASTAL,2023,35573628.82,117.58
MPLADS-0064,Maharashtra,LOK_SABHA,Roads,2499761.83,2440890.56,335,151,43.44,CTR-078,3,79,1.2839,0.3558,DESERT,2025,3909571.61,104.45
MPLADS-0065,Gujarat,LOK_SABHA,Other Public Assets,48236473.15,39726185.19,393,511,100.0,CTR-109,7,53,1.2683,0.5457,PLAIN,2024,59682437.1,93.24
MPLADS-0066,Delhi,LOK_SABHA,Healthcare,4333086.22,4311279.79,416,278,56.75,CTR-168,2,36,1.0375,0.5158,PLAIN,2023,4895671.12,42.3
MPLADS-0067,Goa,LOK_SABHA,Sanitation,31486483.06,26778208.89,318,382,100.0,CTR-131,9,82,1.1251,0.9457,COASTAL,2024,37859061.12,120.48
MPLADS-0068,Gujarat,LOK_SABHA,Sports Infrastructure,8859215.56,9161912.13,434,122,15.09,CTR-118,2,50,1.1445,0.4779,PLAIN,2025,11544607.68,45.59
MPLADS-0069,Sikkim,LOK_SABHA,Other Public Assets,3486375.52,3505736.71,414,403,91.41,CTR-181,15,52,1.215,0.8719,HILLY,2024,5753361.84,130.22
MPLADS-0070,Nagaland,LOK_SABHA,Drinking Water,10329891.34,9882671.57,141,158,97.14,CTR-147,0,35,1.0291,0.4913,HILLY,2023,12751669.8,78.63
MPLADS-0071,Andaman and Nicobar Islands,LOK_SABHA,Drinking Water,6800171.82,6375568.57,464,491,94.7,CTR-085,10,53,1.2782,0.2408,COASTAL,2024,10342759.07,73.4
MPLADS-0072,Gujarat,LOK_SABHA,Healthcare,15496749.13,13828031.45,496,175,38.44,CTR-012,15,53,1.1954,0.8898,PLAIN,2024,20044294.72,86.41
MPLADS-0073,Mizoram,LOK_SABHA,Drinking Water,41912345.53,34668394.94,411,138,44.81,CTR-014,12,53,1.1107,0.4681,HILLY,2024,52011581.87,121.5
MPLADS-0074,Himachal Pradesh,LOK_SABHA,Sanitation,41788984.15,40549203.96,392,113,40.4,CTR-046,15,60,1.2758,0.4353,DESERT,2024,66600463.45,117.12
MPLADS-0075,West Bengal,RAJYA_SABHA,Bridges,11047209.25,8849659.1,347,297,52.38,CTR-177,11,67,1.1081,0.7471,PLAIN,2025,10855669.36,83.45
MPLADS-0076,Odisha,RAJYA_SABHA,Sports Infrastructure,20466042.96,21097149.05,122,45,20.87,CTR-018,2,0,0.9891,0.6682,DESERT,2024,23723288.43,48.01
MPLADS-0077,Punjab,LOK_SABHA,Electrification,7184385.75,7442661.49,321,193,100.0,CTR-081,15,42,1.2632,0.2109,PLAIN,2024,11201135.21,112.12
MPLADS-0078,Punjab,LOK_SABHA,Healthcare,39151498.55,40507231.34,137,150,100.0,CTR-012,15,0,1.161,0.9448,HILLY,2023,64290959.56,86.45
MPLADS-0079,Tripura,LOK_SABHA,Community Halls,45701110.64,39379790.76,439,485,94.22,CTR-051,12,52,1.3171,0.9842,PLAIN,2025,62891366.94,125.8
MPLADS-0080,Tamil Nadu,LOK_SABHA,Electrification,49008937.72,50032364.86,441,199,41.71,CTR-042,12,50,1.0381,0.7119,COASTAL,2024,62686241.34,87.22
MPLADS-0081,Dadra and Nagar Haveli and Daman and Diu,RAJYA_SABHA,Healthcare,13251824.5,13472496.64,190,213,100.0,CTR-060,10,48,0.9609,0.9585,PLAIN,2025,14383081.99,100.56
MPLADS-0082,Assam,LOK_SABHA,Sports Infrastructure,17803398.77,16818022.02,147,31,5.9,CTR-034,8,0,1.3188,0.3322,COASTAL,2025,27630333.13,55.02
MPLADS-0083,Bihar,LOK_SABHA,Roads,38833651.63,37192075.58,274,363,99.54,CTR-088,4,52,1.1371,0.1697,COASTAL,2024,48728164.15,36.07
MPLADS-0084,Lakshadweep,RAJYA_SABHA,Sports Infrastructure,15729440.59,13435389.62,294,304,90.72,CTR-023,2,49,1.1941,0.6235,COASTAL,2025,19453067.27,68.7
MPLADS-0085,Arunachal Pradesh,LOK_SABHA,Drinking Water,37273862.34,32028144.68,471,586,93.23,CTR-008,11,51,1.1467,0.7287,HILLY,2024,47883268.39,103.35
MPLADS-0086,Madhya Pradesh,LOK_SABHA,Drinking Water,9453779.3,8075692.73,154,22,14.17,CTR-130,10,55,1.0117,1.0,DESERT,2024,10262424.85,116.77
MPLADS-0087,Goa,RAJYA_SABHA,Education,42561644.47,44677262.64,453,152,37.66,CTR-070,7,91,1.1607,0.639,COASTAL,2025,61263939.17,124.83
MPLADS-0088,Ladakh,RAJYA_SABHA,Drinking Water,40023193.07,34711419.95,107,51,53.88,CTR-017,8,10,1.2497,0.5335,DESERT,2025,54238984.1,46.75
MPLADS-0089,Bihar,LOK_SABHA,Bridges,9261569.85,8927858.96,492,203,51.34,CTR-003,10,67,1.1926,0.4447,PLAIN,2024,12160427.1,85.49
MPLADS-0090,Sikkim,LOK_SABHA,Other Public Assets,33169319.09,32545875.39,178,160,73.92,CTR-175,11,46,0.9684,0.5522,HILLY,2023,40091657.74,107.71
MPLADS-0091,Odisha,RAJYA_SABHA,Electrification,30368594.9,26159249.8,170,10,0.0,CTR-116,9,76,1.0305,0.9296,PLAIN,2024,30974488.67,116.24
MPLADS-0092,Haryana,RAJYA_SABHA,Other Public Assets,42564565.29,40583485.45,513,473,82.96,CTR-128,12,38,1.2896,0.4725,PLAIN,2023,62576953.98,105.78
MPLADS-0093,Maharashtra,LOK_SABHA,Education,11154565.53,11320660.18,386,219,39.31,CTR-158,8,83,1.3449,0.3506,DESERT,2025,18976253.78,107.99
MPLADS-0094,Goa,LOK_SABHA,Education,42215232.46,38483295.01,451,645,95.7,CTR-038,13,82,1.225,0.0474,COASTAL,2024,58420020.59,84.89
MPLADS-0095,Meghalaya,LOK_SABHA,Roads,5879015.05,4723461.36,293,109,44.53,CTR-065,6,98,0.9587,0.7151,HILLY,2025,5723385.04,121.02
MPLADS-0096,Puducherry,RAJYA_SABHA,Sports Infrastructure,31801575.01,32828468.8,533,784,93.22,CTR-074,2,49,0.9565,0.4525,PLAIN,2025,33856079.7,55.35
MPLADS-0097,Uttarakhand,LOK_SABHA,Other Public Assets,21470928.47,22169300.04,419,316,63.57,CTR-195,15,65,1.2922,0.5899,HILLY,2023,38699481.33,134.35
MPLADS-0098,Rajasthan,RAJYA_SABHA,Education,13542033.7,12036219.93,270,141,80.97,CTR-093,13,35,1.31,0.3427,PLAIN,2025,19149298.63,58.42
MPLADS-0099,Karnataka,RAJYA_SABHA,Electrification,35822537.19,37549254.75,310,159,55.38,CTR-023,2,54,0.9556,1.0,HILLY,2025,45577086.82,70.78
MPLADS-0100,Jharkhand,LOK_SABHA,Sanitation,16732232.23,13761136.93,362,13,0.0,CTR-059,11,70,1.0758,0.7739,PLAIN,2024,17304866.6,134.21
MPLADS-0101,West Bengal,RAJYA_SABHA,Healthcare,38619490.55,31796111.15,214,211,100.0,CTR-134,8,0,1.2697,0.6024,PLAIN,2025,46463910.29,47.68
MPLADS-0102,Mizoram,LOK_SABHA,Education,13881878.04,14207210.71,503,321,72.14,CTR-149,13,46,1.0908,0.7658,HILLY,2025,20868827.67,133.83
MPLADS-0103,Rajasthan,LOK_SABHA,Electrification,41002253.96,38789794.36,232,91,34.24,CTR-189,3,34,1.2764,0.2675,DESERT,2023,61480419.43,52.31
MPLADS-0104,Jharkhand,LOK_SABHA,Sanitation,22411472.75,18804857.88,411,64,35.09,CTR-052,3,66,1.329,0.3147,PLAIN,2025,28732856.91,51.7
MPLADS-0105,Nagaland,LOK_SABHA,Bridges,17281284.95,16656823.09,291,41,0.0,CTR-178,2,25,1.0781,0.3683,PLAIN,2025,19663939.34,33.26
MPLADS-0106,Gujarat,LOK_SABHA,Sanitation,17596477.96,16425897.04,539,624,100.0,CTR-058,2,54,0.9735,0.4291,COASTAL,2024,18470443.61,67.53
MPLADS-0107,Uttar Pradesh,LOK_SABHA,Bridges,31632926.85,30149653.61,291,329,88.09,CTR-105,12,40,1.2941,0.8484,HILLY,2025,53534683.77,107.03
MPLADS-0108,Nagaland,RAJYA_SABHA,Electrification,48617473.77,47501514.19,354,324,100.0,CTR-122,10,43,1.2418,1.0,HILLY,2024,79947967.65,115.54
MPLADS-0109,Rajasthan,LOK_SABHA,Drinking Water,4397792.85,3941173.84,91,24,33.54,CTR-030,7,16,1.1485,1.0,DESERT,2025,5813484.79,36.1
MPLADS-0110,Kerala,LOK_SABHA,Education,29231695.71,26138509.32,230,286,100.0,CTR-148,3,93,0.9777,0.1703,COASTAL,2024,29726122.12,107.79
MPLADS-0111,Uttar Pradesh,LOK_SABHA,Electrification,42754693.57,36712423.8,302,248,87.66,CTR-058,2,47,1.0101,0.8307,PLAIN,2023,40898054.8,64.14
MPLADS-0112,Chandigarh,LOK_SABHA,Drinking Water,16681468.42,14619141.03,435,163,1.72,CTR-009,3,51,1.2891,0.2375,PLAIN,2024,21793124.37,66.89
MPLADS-0113,Madhya Pradesh,LOK_SABHA,Bridges,18280617.66,14674467.5,228,204,74.93,CTR-195,15,52,1.2669,0.7531,PLAIN,2025,22850127.72,119.83
MPLADS-0114,Punjab,RAJYA_SABHA,Other Public Assets,27103159.88,24983119.68,247,39,32.58,CTR-196,1,31,1.0292,0.9653,DESERT,2024,32555540.94,59.57
MPLADS-0115,Jharkhand,RAJYA_SABHA,Bridges,16461934.27,16039165.71,175,251,75.87,CTR-039,4,34,1.3491,0.3604,HILLY,2024,27472443.52,77.13
MPLADS-0116,Dadra and Nagar Haveli and Daman and Diu,LOK_SABHA,Community Halls,32256586.57,32177905.94,450,422,100.0,CTR-006,13,47,1.2216,0.2904,HILLY,2025,53480770.75,105.74
MPLADS-0117,Karnataka,LOK_SABHA,Healthcare,26227806.15,23396726.84,239,18,9.05,CTR-076,7,76,0.9923,0.3383,COASTAL,2025,26269027.37,78.76
MPLADS-0118,Jammu and Kashmir,LOK_SABHA,Other Public Assets,44241480.94,41168262.47,537,445,93.96,CTR-150,0,39,1.2817,0.2772,PLAIN,2025,59458138.52,47.33
MPLADS-0119,Tripura,LOK_SABHA,Drinking Water,41913716.95,35059067.0,99,33,22.79,CTR-199,5,11,1.1753,0.3681,PLAIN,2023,46320778.69,38.53
MPLADS-0120,Jharkhand,LOK_SABHA,Sports Infrastructure,1315868.93,1367876.21,500,439,91.06,CTR-029,8,61,1.0859,0.4498,HILLY,2025,1928719.57,97.4
MPLADS-0121,Punjab,LOK_SABHA,Community Halls,14618443.73,14226565.54,537,20,7.46,CTR-052,3,44,1.1566,0.8039,HILLY,2025,21314901.51,77.49
MPLADS-0122,Telangana,RAJYA_SABHA,Community Halls,31185841.02,30380661.16,451,581,96.79,CTR-058,2,43,1.0837,0.166,COASTAL,2024,38773095.86,58.21
MPLADS-0123,Uttarakhand,LOK_SABHA,Other Public Assets,47557909.65,42935318.61,467,467,100.0,CTR-142,3,59,1.2164,0.5512,HILLY,2025,67759756.16,83.69
MPLADS-0124,Karnataka,RAJYA_SABHA,Sanitation,43935110.57,45688080.43,248,85,51.28,CTR-181,15,55,1.0654,0.2413,COASTAL,2025,59766178.74,112.52
MPLADS-0125,Himachal Pradesh,LOK_SABHA,Drinking Water,35972826.46,35612963.4,537,463,93.12,CTR-053,5,65,1.2885,1.0,DESERT,2023,60235786.16,115.27
MPLADS-0126,Manipur,LOK_SABHA,Community Halls,20129359.78,18086652.93,345,127,23.35,CTR-113,8,49,1.1957,0.6473,HILLY,2025,28365015.36,103.33
MPLADS-0127,Uttar Pradesh,LOK_SABHA,Bridges,8097864.17,7657912.19,389,166,62.97,CTR-073,7,61,1.1025,0.8757,COASTAL,2025,10654835.25,109.01
MPLADS-0128,Ladakh,RAJYA_SABHA,Electrification,40708698.85,39788258.93,99,69,67.35,CTR-063,5,3,1.2071,1.0,HILLY,2024,62263080.97,84.29
MPLADS-0129,Odisha,LOK_SABHA,Other Public Assets,40468645.13,35969356.74,391,240,56.17,CTR-051,12,76,0.9511,0.4988,HILLY,2024,44963744.99,114.76
MPLADS-0130,Jharkhand,LOK_SABHA,Bridges,9161402.96,9080810.1,478,258,43.62,CTR-036,1,57,1.2396,0.8374,PLAIN,2025,12872384.86,95.36
MPLADS-0131,Rajasthan,RAJYA_SABHA,Community Halls,16130341.65,13196454.19,356,505,100.0,CTR-018,2,35,1.305,0.2489,DESERT,2023,21320464.58,49.11
MPLADS-0132,Nagaland,LOK_SABHA,Sanitation,11223355.19,10920002.19,197,203,94.44,CTR-116,9,12,1.2843,0.2751,HILLY,2024,17931087.33,85.29
MPLADS-0133,Punjab,RAJYA_SABHA,Sports Infrastructure,3534551.26,3354163.62,364,65,0.0,CTR-128,12,41,1.2993,0.8935,DESERT,2024,5784152.12,95.33
MPLADS-0134,Bihar,LOK_SABHA,Other Public Assets,47815096.44,49975830.38,508,563,100.0,CTR-050,12,71,1.1351,1.0,HILLY,2023,78026295.12,145.44
MPLADS-0135,Gujarat,LOK_SABHA,Bridges,10866650.43,10290234.2,489,170,40.54,CTR-016,12,50,1.0783,0.958,HILLY,2023,14669460.97,139.99
MPLADS-0136,Tripura,LOK_SABHA,Community Halls,6630915.62,5985133.19,383,320,70.72,CTR-045,1,46,0.9974,0.2168,PLAIN,2024,6112627.48,23.07
MPLADS-0137,Kerala,LOK_SABHA,Community Halls,1699353.03,1759411.1,269,43,16.12,CTR-039,4,98,0.9854,0.9745,COASTAL,2023,2136872.11,112.53
MPLADS-0138,Meghalaya,LOK_SABHA,Other Public Assets,3351251.99,3454189.35,267,227,69.34,CTR-175,11,93,1.0476,1.0,HILLY,2025,4910729.17,159.35
MPLADS-0139,Sikkim,LOK_SABHA,Roads,18576642.8,18099605.28,321,286,96.75,CTR-183,7,39,1.0786,0.2859,HILLY,2024,23722609.34,71.5
MPLADS-0140,Telangana,LOK_SABHA,Education,47905823.7,48807584.76,509,117,30.66,CTR-038,13,49,0.9547,0.2479,PLAIN,2025,49416430.02,103.28
MPLADS-0141,Ladakh,LOK_SABHA,Community Halls,9574249.01,8782299.3,180,176,98.4,CTR-053,5,3,1.2778,0.8539,HILLY,2024,14722466.73,96.8
MPLADS-0142,Uttar Pradesh,LOK_SABHA,Sports Infrastructure,27669935.66,23245084.92,182,167,82.09,CTR-186,7,0,1.0738,0.549,PLAIN,2023,27846381.13,57.09
MPLADS-0143,Tamil Nadu,LOK_SABHA,Electrification,4681804.34,4651861.66,386,342,100.0,CTR-067,14,51,1.2293,0.2786,PLAIN,2025,6853511.04,76.06
MPLADS-0144,Madhya Pradesh,LOK_SABHA,Bridges,7493818.72,6495143.07,473,610,80.96,CTR-129,9,50,1.3441,0.7061,PLAIN,2024,11000490.16,69.05
MPLADS-0145,Tripura,LOK_SABHA,Bridges,23318550.82,22400533.8,396,546,100.0,CTR-042,12,50,1.1482,0.8173,HILLY,2025,34698979.94,121.49
MPLADS-0146,Goa,LOK_SABHA,Electrification,9506176.29,9343684.88,119,80,62.22,CTR-107,12,0,1.2763,0.7236,COASTAL,2024,14631350.24,73.34
MPLADS-0147,Himachal Pradesh,LOK_SABHA,Education,38167172.49,33551572.21,509,156,21.18,CTR-150,0,68,1.3358,0.6655,HILLY,2025,59367714.39,73.76
MPLADS-0148,Haryana,RAJYA_SABHA,Sanitation,33962938.52,29984811.34,410,398,100.0,CTR-005,6,38,1.1305,0.8324,HILLY,2024,43690296.79,90.68
MPLADS-0149,Andaman and Nicobar Islands,LOK_SABHA,Healthcare,27316059.3,22732953.14,371,383,82.93,CTR-025,12,47,1.2544,1.0,HILLY,2023,39119506.6,143.74
MPLADS-0150,Assam,RAJYA_SABHA,Roads,35729997.44,36251963.44,223,61,27.22,CTR-034,8,40,1.0245,0.5317,HILLY,2025,47783967.07,82.77
MPLADS-0151,Ladakh,RAJYA_SABHA,Sanitation,5261454.5,4457188.67,333,38,0.0,CTR-060,10,16,0.9661,1.0,HILLY,2025,5774235.67,107.39
MPLADS-0152,Chandigarh,LOK_SABHA,Sanitation,43271686.3,36167544.65,349,151,33.27,CTR-122,10,50,1.172,0.0941,PLAIN,2025,48385426.6,96.13
MPLADS-0153,Odisha,LOK_SABHA,Other Public Assets,5919622.62,4876812.21,372,196,68.67,CTR-195,15,73,0.9552,0.2806,PLAIN,2023,5072907.67,112.03
MPLADS-0154,Andaman and Nicobar Islands,RAJYA_SABHA,Electrification,24433826.23,22230811.75,197,33,12.8,CTR-074,2,36,1.0639,0.5552,HILLY,2024,29384450.23,77.81
MPLADS-0155,Delhi,LOK_SABHA,Community Halls,23892388.79,24915932.9,320,265,85.47,CTR-190,4,36,1.1761,0.043,COASTAL,2025,33322311.27,32.18
MPLADS-0156,Nagaland,RAJYA_SABHA,Sanitation,48004220.35,45541153.85,168,162,100.0,CTR-114,7,14,1.1434,0.7334,DESERT,2023,66767190.18,67.92
MPLADS-0157,Goa,LOK_SABHA,Sanitation,4963512.84,4508574.52,298,158,33.27,CTR-146,13,67,1.2525,0.497,COASTAL,2024,6890505.31,120.13
MPLADS-0158,Ladakh,LOK_SABHA,Roads,46702723.66,48301200.74,329,269,98.22,CTR-088,4,13,1.0745,0.2125,HILLY,2023,65070643.22,60.28
MPLADS-0159,Bihar,LOK_SABHA,Electrification,14111058.25,11381279.27,126,46,61.17,CTR-038,13,71,1.0861,0.8218,PLAIN,2025,14715760.8,110.89
MPLADS-0160,Delhi,LOK_SABHA,Bridges,2416768.76,2132160.19,180,134,62.95,CTR-113,8,30,1.0772,0.3462,PLAIN,2023,2607223.9,56.4
MPLADS-0161,Manipur,LOK_SABHA,Sanitation,42830615.35,36011747.5,254,193,69.36,CTR-123,10,51,1.2965,1.0,HILLY,2023,64266736.34,130.53
MPLADS-0162,Goa,LOK_SABHA,Education,1903016.64,1874683.27,479,666,100.0,CTR-146,13,87,1.1594,0.9072,COASTAL,2025,2783256.4,124.08
MPLADS-0163,Andaman and Nicobar Islands,LOK_SABHA,Sports Infrastructure,15325868.27,13149903.26,286,266,87.78,CTR-144,6,53,1.111,0.1542,COASTAL,2023,17370788.48,60.57
MPLADS-0164,Gujarat,RAJYA_SABHA,Community Halls,28316075.72,24980340.05,289,139,47.26,CTR-119,3,22,0.9662,0.3644,PLAIN,2023,25003029.22,25.63
MPLADS-0165,Arunachal Pradesh,LOK_SABHA,Sports Infrastructure,49547859.28,49328410.87,223,314,95.83,CTR-007,1,40,0.9527,0.2882,PLAIN,2023,47768780.98,27.17
MPLADS-0166,Chandigarh,LOK_SABHA,Drinking Water,27857242.45,25296712.13,453,562,92.58,CTR-035,14,52,1.1752,0.7,PLAIN,2024,36794610.76,79.54
MPLADS-0167,Punjab,LOK_SABHA,Sports Infrastructure,38035827.4,34156576.77,277,355,100.0,CTR-194,5,33,1.1768,0.4966,COASTAL,2025,48883118.21,56.59
MPLADS-0168,Himachal Pradesh,RAJYA_SABHA,Other Public Assets,9022447.85,8443548.24,455,522,95.74,CTR-122,10,56,0.9934,0.3535,HILLY,2024,10576338.49,90.25
MPLADS-0169,Tamil Nadu,RAJYA_SABHA,Bridges,8145009.85,7134178.8,243,324,100.0,CTR-109,7,22,1.1384,0.4801,PLAIN,2024,9627535.24,49.1
MPLADS-0170,Goa,LOK_SABHA,Community Halls,46329187.85,44275546.35,283,218,94.1,CTR-121,7,68,1.2749,0.8607,COASTAL,2024,73011006.59,105.47
MPLADS-0171,Jammu and Kashmir,LOK_SABHA,Drinking Water,13205456.66,13024809.88,159,17,7.22,CTR-126,9,0,1.1107,0.9225,HILLY,2025,19327421.49,88.99
MPLADS-0172,Mizoram,LOK_SABHA,Electrification,2697666.2,2830981.79,345,450,98.07,CTR-063,5,46,1.038,1.0,HILLY,2023,3841752.94,81.63
MPLADS-0173,Manipur,LOK_SABHA,Healthcare,34879373.17,31090630.02,249,59,30.76,CTR-057,8,36,1.2842,0.8684,HILLY,2024,54008882.64,129.28
MPLADS-0174,West Bengal,LOK_SABHA,Other Public Assets,3559692.07,3579383.64,123,40,46.42,CTR-101,13,49,1.0206,0.0518,PLAIN,2024,4002186.2,71.42
MPLADS-0175,Ladakh,LOK_SABHA,Education,4605343.03,3866795.72,490,306,61.77,CTR-108,10,15,1.0462,0.6198,HILLY,2024,5471536.55,75.79
MPLADS-0176,Uttarakhand,LOK_SABHA,Education,16440687.04,15501577.74,224,93,35.87,CTR-013,11,14,1.1203,0.687,HILLY,2025,23507738.06,100.54
MPLADS-0177,Tripura,LOK_SABHA,Roads,37721550.16,34171814.12,217,97,36.01,CTR-097,3,37,1.1796,0.6843,PLAIN,2024,45422454.87,46.68
MPLADS-0178,Uttar Pradesh,RAJYA_SABHA,Electrification,42682870.15,43028242.42,261,286,100.0,CTR-163,6,46,1.2904,0.6314,DESERT,2025,72718691.13,90.75
MPLADS-0179,Punjab,RAJYA_SABHA,Other Public Assets,8780915.81,9164999.0,189,72,59.54,CTR-192,10,0,1.1265,0.2112,PLAIN,2024,11688338.89,39.19
MPLADS-0180,Dadra and Nagar Haveli and Daman and Diu,LOK_SABHA,Electrification,25820791.26,23566233.3,161,181,83.49,CTR-075,10,47,1.3453,0.3269,PLAIN,2023,39293513.87,59.76
MPLADS-0181,Himachal Pradesh,LOK_SABHA,Sports Infrastructure,34193846.9,34346145.67,301,358,100.0,CTR-100,2,46,0.984,1.0,DESERT,2025,40394232.97,88.22
MPLADS-0182,Ladakh,RAJYA_SABHA,Healthcare,1652907.47,1385765.26,135,114,82.31,CTR-109,7,7,1.0594,0.2156,HILLY,2024,1801477.07,52.38
MPLADS-0183,Andaman and Nicobar Islands,RAJYA_SABHA,Sports Infrastructure,7309039.2,6877937.12,189,17,18.48,CTR-063,5,50,1.2574,0.6278,COASTAL,2024,10612273.22,55.31
MPLADS-0184,Andaman and Nicobar Islands,LOK_SABHA,Other Public Assets,20980245.09,19250330.9,218,95,32.67,CTR-143,4,10,1.268,0.283,COASTAL,2024,29845484.15,49.22
MPLADS-0185,Maharashtra,RAJYA_SABHA,Bridges,21488846.36,18682929.13,512,282,54.1,CTR-089,12,80,0.9826,0.47,PLAIN,2024,20702060.24,114.2
MPLADS-0186,Andhra Pradesh,LOK_SABHA,Education,10582622.78,8761145.3,458,82,0.0,CTR-129,9,61,1.237,0.9146,PLAIN,2024,13261049.5,97.49
MPLADS-0187,Chandigarh,LOK_SABHA,Other Public Assets,26035042.18,24233208.73,468,650,60.62,CTR-149,13,45,1.2741,0.7049,PLAIN,2025,37287629.48,135.25
MPLADS-0188,Tripura,LOK_SABHA,Electrification,19625509.85,17642904.92,170,78,42.05,CTR-185,7,36,1.2967,0.346,PLAIN,2025,26698135.31,53.62
MPLADS-0189,Bihar,LOK_SABHA,Other Public Assets,2283232.89,2110329.75,121,47,3.83,CTR-059,11,32,0.9792,0.1857,PLAIN,2024,2165234.15,60.7
MPLADS-0190,Delhi,LOK_SABHA,Electrification,47246276.35,46241311.31,140,14,0.0,CTR-041,2,0,1.3288,0.106,PLAIN,2025,70336790.57,3.62
MPLADS-0191,Madhya Pradesh,LOK_SABHA,Roads,7595439.99,7887579.4,348,75,14.22,CTR-144,6,46,1.1474,0.6518,PLAIN,2024,10326202.9,56.64
MPLADS-0192,Meghalaya,LOK_SABHA,Education,48991273.22,44374903.76,414,50,22.02,CTR-002,12,85,1.0221,0.9161,DESERT,2025,56227459.03,122.49
MPLADS-0193,Andaman and Nicobar Islands,LOK_SABHA,Sanitation,9032177.71,9325200.19,338,21,0.0,CTR-051,12,46,1.0387,0.1934,COASTAL,2024,11149220.12,112.1
MPLADS-0194,Sikkim,RAJYA_SABHA,Drinking Water,32198562.99,30155077.11,456,84,21.39,CTR-132,8,52,1.2514,0.3353,HILLY,2024,48782262.11,91.1
MPLADS-0195,Assam,RAJYA_SABHA,Bridges,22705591.5,22865634.51,232,296,100.0,CTR-063,5,47,1.3367,0.9037,HILLY,2024,40653793.51,116.78
MPLADS-0196,Chandigarh,LOK_SABHA,Other Public Assets,21273100.34,17948215.5,133,5,0.0,CTR-088,4,24,1.1303,0.3695,PLAIN,2024,22711159.81,40.62
MPLADS-0197,Andhra Pradesh,LOK_SABHA,Sports Infrastructure,38358240.94,38702708.31,286,80,31.77,CTR-041,2,69,1.068,0.6588,PLAIN,2023,44906142.04,66.56
MPLADS-0198,Sikkim,LOK_SABHA,Other Public Assets,38655108.95,35759025.81,243,280,100.0,CTR-174,11,25,1.1434,1.0,HILLY,2025,55665049.5,132.88
MPLADS-0199,Chandigarh,RAJYA_SABHA,Drinking Water,31527403.69,28590856.11,153,117,77.85,CTR-069,1,12,1.2924,0.9093,DESERT,2025,46758753.92,46.35
MPLADS-0200,Meghalaya,LOK_SABHA,Education,21076070.56,18178041.06,311,251,93.69,CTR-095,14,91,1.1304,0.4074,HILLY,2024,27464977.21,123.21
MPLADS-0201,Uttar Pradesh,LOK_SABHA,Roads,48119711.01,46998993.0,225,336,92.79,CTR-143,4,0,1.1722,0.6118,PLAIN,2024,63594075.86,39.58
MPLADS-0202,Madhya Pradesh,RAJYA_SABHA,Drinking Water,7128824.36,5827120.64,517,382,82.17,CTR-083,2,55,0.997,0.8846,COASTAL,2023,6697767.61,82.99
MPLADS-0203,Arunachal Pradesh,RAJYA_SABHA,Bridges,22715916.0,19322642.82,433,454,90.87,CTR-014,12,48,0.9785,1.0,HILLY,2023,25366817.14,96.7
MPLADS-0204,Rajasthan,LOK_SABHA,Electrification,13161142.34,13740893.51,401,19,25.48,CTR-080,10,32,1.1648,0.6553,PLAIN,2024,18520055.5,77.71
MPLADS-0205,Mizoram,LOK_SABHA,Electrification,17342781.49,14523854.71,158,44,33.27,CTR-004,7,0,0.9783,0.2305,HILLY,2025,16860446.06,58.49
MPLADS-0206,Odisha,RAJYA_SABHA,Electrification,40867386.42,40796680.04,102,116,88.81,CTR-141,15,0,1.0346,0.2421,HILLY,2024,54521726.6,69.63
MPLADS-0207,Chhattisgarh,LOK_SABHA,Sports Infrastructure,45534780.48,38891134.3,351,523,100.0,CTR-040,10,56,1.1112,0.4448,COASTAL,2023,50089398.52,113.35
MPLADS-0208,Kerala,LOK_SABHA,Healthcare,17540760.46,18154610.75,96,90,98.26,CTR-176,7,0,1.0534,0.8197,PLAIN,2024,21463535.59,65.44
MPLADS-0209,Sikkim,LOK_SABHA,Electrification,10476809.01,9824534.45,235,20,37.76,CTR-076,7,14,0.9907,1.0,HILLY,2023,12343851.46,83.43
MPLADS-0210,Andaman and Nicobar Islands,RAJYA_SABHA,Community Halls,28643069.32,24592191.74,332,364,88.72,CTR-199,5,51,0.9773,0.856,HILLY,2023,30538145.32,116.05
MPLADS-0211,Tamil Nadu,LOK_SABHA,Bridges,48951028.4,48274320.74,359,63,30.57,CTR-157,2,45,1.1548,0.1656,COASTAL,2025,63552882.67,45.41
MPLADS-0212,Lakshadweep,LOK_SABHA,Community Halls,42179967.05,43395564.23,316,144,39.41,CTR-165,6,37,1.1576,0.6534,COASTAL,2024,59127068.54,71.81
MPLADS-0213,Tripura,RAJYA_SABHA,Bridges,23682718.27,22472202.05,338,466,100.0,CTR-075,10,46,1.0103,0.257,PLAIN,2024,24743169.9,38.3
MPLADS-0214,Odisha,LOK_SABHA,Sports Infrastructure,9743937.77,8131571.21,154,54,28.43,CTR-193,9,79,1.1769,1.0,HILLY,2024,13211873.2,106.25
MPLADS-0215,Tripura,LOK_SABHA,Other Public Assets,24723280.23,23207245.75,420,12,0.0,CTR-114,7,50,1.0096,0.5841,PLAIN,2024,25070667.92,92.65
MPLADS-0216,Telangana,LOK_SABHA,Sanitation,49598818.28,42598877.17,132,180,97.31,CTR-004,7,22,1.2118,0.5363,PLAIN,2025,61998100.84,64.63
MPLADS-0217,Uttar Pradesh,RAJYA_SABHA,Education,6048912.01,5275236.05,435,348,75.75,CTR-174,11,58,1.1416,0.4939,PLAIN,2025,6801925.33,70.1
MPLADS-0218,Andhra Pradesh,LOK_SABHA,Sanitation,37937202.17,33398022.38,429,379,92.02,CTR-172,1,59,1.0694,0.7632,PLAIN,2023,38804318.74,64.8
MPLADS-0219,Arunachal Pradesh,RAJYA_SABHA,Community Halls,27762565.16,27558575.08,378,180,44.79,CTR-172,1,49,1.0066,0.5661,HILLY,2023,35282786.88,67.68
MPLADS-0220,Uttar Pradesh,LOK_SABHA,Other Public Assets,3989230.52,3872821.39,195,0,21.01,CTR-069,1,60,1.2315,1.0,HILLY,2024,6241388.19,75.85
MPLADS-0221,Haryana,LOK_SABHA,Roads,43879061.14,36888575.13,407,222,42.29,CTR-169,5,37,1.2212,0.7906,PLAIN,2024,52219154.41,92.7
MPLADS-0222,Assam,RAJYA_SABHA,Sports Infrastructure,36626036.59,31157052.87,272,86,58.01,CTR-174,11,86,1.3192,0.9866,PLAIN,2024,51276677.46,139.29
MPLADS-0223,Bihar,RAJYA_SABHA,Other Public Assets,23617408.69,20801789.68,338,145,40.36,CTR-096,4,70,1.2054,0.8996,PLAIN,2025,28476782.77,84.81
MPLADS-0224,Maharashtra,LOK_SABHA,Education,32601358.77,26513318.86,474,242,64.68,CTR-035,14,72,0.9656,0.2729,PLAIN,2024,27271944.02,91.02
MPLADS-0225,Punjab,LOK_SABHA,Electrification,43569721.79,44463826.93,140,22,30.64,CTR-091,6,12,1.3166,0.4548,PLAIN,2024,70855291.72,51.31
MPLADS-0226,Mizoram,LOK_SABHA,Healthcare,7543007.44,6244412.66,274,54,29.34,CTR-158,8,37,1.2449,1.0,HILLY,2025,10228702.15,106.05
MPLADS-0227,Uttarakhand,RAJYA_SABHA,Education,33594979.57,30237262.32,165,118,67.09,CTR-178,2,0,1.341,0.6444,HILLY,2024,51459398.71,49.61
MPLADS-0228,Meghalaya,LOK_SABHA,Sanitation,30788783.76,31567596.97,288,245,100.0,CTR-171,1,92,1.1672,0.4673,HILLY,2023,46375651.95,94.93
MPLADS-0229,West Bengal,LOK_SABHA,Drinking Water,12215457.12,12549248.51,261,292,100.0,CTR-038,13,65,1.2617,0.4859,DESERT,2024,20825096.88,89.58
MPLADS-0230,Ladakh,LOK_SABHA,Sanitation,46244170.12,43294851.68,303,188,84.84,CTR-082,6,14,1.1529,0.6384,HILLY,2024,64932219.46,66.85
MPLADS-0231,Jharkhand,LOK_SABHA,Healthcare,4212425.22,3823418.18,301,37,6.91,CTR-155,6,53,1.1841,0.9669,PLAIN,2023,5563179.22,76.9
MPLADS-0232,Chandigarh,LOK_SABHA,Roads,9481995.54,8030139.51,291,209,96.03,CTR-112,12,23,0.9684,0.6626,DESERT,2024,9267222.11,95.08
MPLADS-0233,Gujarat,RAJYA_SABHA,Community Halls,21687394.99,17436211.78,189,67,35.57,CTR-200,15,36,1.216,0.704,COASTAL,2025,27178353.17,82.37
MPLADS-0234,Gujarat,LOK_SABHA,Community Halls,16944532.55,17056992.83,489,54,13.36,CTR-164,6,48,1.1216,0.3948,COASTAL,2025,22288418.53,77.26
MPLADS-0235,Maharashtra,RAJYA_SABHA,Bridges,47503852.15,43502208.48,399,377,90.43,CTR-111,4,83,1.2149,0.1153,PLAIN,2023,58507403.56,43.04
MPLADS-0236,Odisha,LOK_SABHA,Sports Infrastructure,11484081.99,11140797.12,234,136,100.0,CTR-120,1,77,1.2882,0.3091,HILLY,2024,19085581.82,80.56
MPLADS-0237,Odisha,RAJYA_SABHA,Education,25565516.44,26132992.71,411,488,100.0,CTR-127,1,76,1.3018,0.3217,HILLY,2023,44519489.67,77.59
MPLADS-0238,Delhi,RAJYA_SABHA,Healthcare,46059823.41,41545092.42,536,313,64.53,CTR-146,13,39,1.144,0.9167,HILLY,2025,63520623.21,140.74
MPLADS-0239,Telangana,LOK_SABHA,Sanitation,9799105.9,9942032.41,262,21,0.0,CTR-126,9,39,1.2632,0.8556,HILLY,2024,17284381.16,98.97
MPLADS-0240,Ladakh,RAJYA_SABHA,Education,35874687.98,30123514.33,406,97,8.85,CTR-115,8,12,0.9625,0.8212,HILLY,2024,37164242.24,97.05
MPLADS-0241,Assam,LOK_SABHA,Drinking Water,45577870.09,39013909.23,383,178,56.47,CTR-049,10,91,0.9912,0.0069,COASTAL,2025,43269707.4,96.67
MPLADS-0242,Lakshadweep,LOK_SABHA,Drinking Water,33314921.18,33038919.72,378,94,20.69,CTR-131,9,51,1.044,0.5318,COASTAL,2023,39805038.55,87.76
MPLADS-0243,Nagaland,LOK_SABHA,Sports Infrastructure,44016115.84,42140111.25,235,224,100.0,CTR-158,8,44,1.2907,0.2464,DESERT,2025,69093191.25,73.5
MPLADS-0244,Lakshadweep,LOK_SABHA,Bridges,20198553.03,17399966.13,158,237,100.0,CTR-162,10,0,1.0136,0.9802,COASTAL,2024,21934197.44,62.5
MPLADS-0245,Assam,LOK_SABHA,Community Halls,8846628.71,7433804.95,498,225,41.21,CTR-043,11,88,1.1513,0.4943,HILLY,2023,11609754.19,152.61
MPLADS-0246,Nagaland,LOK_SABHA,Sanitation,29276889.72,26471439.26,252,19,0.22,CTR-017,8,51,1.1149,0.9589,HILLY,2023,38170287.24,128.4
MPLADS-0247,Sikkim,RAJYA_SABHA,Electrification,1628612.25,1553045.97,425,526,78.42,CTR-172,1,48,1.1949,0.9534,HILLY,2024,2408841.35,102.34
MPLADS-0248,Manipur,LOK_SABHA,Community Halls,27937757.7,26209443.77,352,22,0.0,CTR-025,12,50,1.0378,0.6778,HILLY,2024,37116651.13,77.37
MPLADS-0249,Arunachal Pradesh,LOK_SABHA,Community Halls,41829748.43,42832653.43,439,318,70.63,CTR-154,4,46,0.9751,0.2037,DESERT,2024,49821782.24,53.48
MPLADS-0250,Odisha,LOK_SABHA,Sanitation,18635421.67,18385156.4,202,37,3.18,CTR-129,9,19,1.2849,0.0469,COASTAL,2025,28795225.1,46.23
MPLADS-0251,Mizoram,LOK_SABHA,Sports Infrastructure,3187408.84,3240136.9,238,8,0.0,CTR-091,6,13,1.1934,0.6816,PLAIN,2025,4585045.84,81.26
MPLADS-0252,Uttarakhand,LOK_SABHA,Bridges,8926399.88,8165819.36,257,65,26.79,CTR-197,5,63,1.048,1.0,HILLY,2023,11310478.48,99.49
MPLADS-0253,Assam,LOK_SABHA,Sanitation,5595100.53,5148211.06,450,298,64.19,CTR-011,8,91,1.1124,0.405,PLAIN,2023,6493025.7,91.33
MPLADS-0254,Jharkhand,LOK_SABHA,Sanitation,23307682.68,22451495.84,109,83,68.49,CTR-110,11,0,1.2787,0.4793,PLAIN,2024,34112116.0,63.05
MPLADS-0255,Madhya Pradesh,LOK_SABHA,Drinking Water,29460903.43,24709334.11,484,643,56.96,CTR-052,3,57,1.3325,0.8752,PLAIN,2025,38591107.72,117.97
MPLADS-0256,Uttarakhand,RAJYA_SABHA,Sanitation,49314985.54,44116890.35,517,154,54.03,CTR-036,1,63,1.1293,1.0,DESERT,2024,63515376.0,109.86
MPLADS-0257,Dadra and Nagar Haveli and Daman and Diu,LOK_SABHA,Roads,17104573.33,13736070.51,252,239,100.0,CTR-193,9,46,1.2053,0.545,HILLY,2025,21888715.0,105.94
MPLADS-0258,Andaman and Nicobar Islands,RAJYA_SABHA,Sports Infrastructure,7746296.53,7363387.13,204,282,82.18,CTR-030,7,48,1.0931,0.7756,PLAIN,2023,9376102.6,83.07
MPLADS-0259,Tamil Nadu,LOK_SABHA,Electrification,36308770.41,35843451.0,147,147,100.0,CTR-096,4,0,1.2513,0.6578,PLAIN,2023,52350422.89,59.08
MPLADS-0260,Karnataka,LOK_SABHA,Electrification,45059201.81,46011056.58,282,403,89.52,CTR-078,3,38,1.0081,0.997,PLAIN,2023,51138925.82,89.24
MPLADS-0261,Goa,RAJYA_SABHA,Education,39278967.55,33278572.54,212,75,38.96,CTR-133,1,86,1.1051,1.0,HILLY,2025,46200829.78,93.66
MPLADS-0262,Bihar,RAJYA_SABHA,Roads,7753679.14,7274406.87,267,292,77.11,CTR-032,3,70,1.0825,0.1887,PLAIN,2024,8748461.87,80.83
MPLADS-0263,Puducherry,LOK_SABHA,Healthcare,46657366.54,44860934.99,506,722,87.86,CTR-130,10,50,1.1208,0.9317,HILLY,2023,68282157.0,136.01
MPLADS-0264,Maharashtra,RAJYA_SABHA,Electrification,13891711.62,13984260.77,271,143,42.94,CTR-133,1,76,1.3227,0.5304,COASTAL,2025,23016055.07,66.89
MPLADS-0265,Arunachal Pradesh,RAJYA_SABHA,Sanitation,39909363.55,33338221.27,511,397,47.42,CTR-075,10,48,1.0013,0.2096,PLAIN,2025,36406259.7,97.49
MPLADS-0266,Ladakh,RAJYA_SABHA,Healthcare,7587348.15,6851574.23,373,417,95.14,CTR-184,11,13,1.3357,0.5063,DESERT,2025,11868354.91,66.41
MPLADS-0267,Madhya Pradesh,LOK_SABHA,Electrification,39405357.66,37351231.97,294,44,4.94,CTR-018,2,53,1.0271,0.1456,PLAIN,2024,42069613.26,46.21
MPLADS-0268,Dadra and Nagar Haveli and Daman and Diu,LOK_SABHA,Other Public Assets,40622750.2,35982998.67,304,384,95.32,CTR-168,2,51,1.0978,0.0011,PLAIN,2025,41001232.03,47.06
MPLADS-0269,Arunachal Pradesh,LOK_SABHA,Other Public Assets,14749139.32,12036584.49,239,125,34.31,CTR-046,15,25,1.0832,0.8704,HILLY,2024,17571321.39,104.91
MPLADS-0270,West Bengal,RAJYA_SABHA,Education,44022291.84,36847023.87,456,12,2.55,CTR-070,7,69,1.2903,0.7521,PLAIN,2023,58592811.67,76.75
MPLADS-0271,Haryana,LOK_SABHA,Community Halls,21623125.08,21575192.68,214,188,85.43,CTR-183,7,30,1.1798,0.475,PLAIN,2024,29403393.65,63.41
MPLADS-0272,Assam,LOK_SABHA,Roads,2832683.37,2769576.63,443,190,34.9,CTR-088,4,90,0.9775,0.4429,PLAIN,2025,2844388.48,89.15
MPLADS-0273,Tamil Nadu,LOK_SABHA,Bridges,9398699.54,8507547.44,157,16,0.0,CTR-084,13,11,1.2346,0.0481,PLAIN,2024,11801944.35,57.22
MPLADS-0274,Chandigarh,LOK_SABHA,Roads,22522590.49,21344511.19,175,94,63.89,CTR-193,9,39,1.2487,0.4185,PLAIN,2025,31370588.24,52.52
MPLADS-0275,Sikkim,RAJYA_SABHA,Electrification,43508054.76,38740492.97,374,308,84.34,CTR-125,13,49,1.297,0.573,HILLY,2024,68230333.07,100.25
MPLADS-0276,Lakshadweep,RAJYA_SABHA,Bridges,26953738.14,27328431.89,164,185,100.0,CTR-036,1,28,0.9715,0.8237,COASTAL,2023,31612345.23,48.63
MPLADS-0277,Mizoram,LOK_SABHA,Electrification,27749283.7,29018851.58,524,539,100.0,CTR-081,15,48,1.2554,0.2644,HILLY,2025,49247158.0,146.35
MPLADS-0278,Manipur,LOK_SABHA,Other Public Assets,34200718.33,35018731.83,428,100,48.71,CTR-182,2,52,1.2061,0.9878,HILLY,2025,56054774.16,95.44
MPLADS-0279,Arunachal Pradesh,LOK_SABHA,Other Public Assets,37767847.28,31025426.43,236,216,94.37,CTR-150,0,45,1.2479,1.0,HILLY,2025,49392072.92,62.19
MPLADS-0280,Chandigarh,RAJYA_SABHA,Electrification,11560508.53,9356947.93,401,426,93.82,CTR-073,7,50,1.2964,0.2436,PLAIN,2024,13720387.02,86.75
MPLADS-0281,Chhattisgarh,LOK_SABHA,Sports Infrastructure,31460472.39,29253332.41,363,494,100.0,CTR-115,8,60,1.1535,0.7269,PLAIN,2025,39845817.1,87.9
MPLADS-0282,Telangana,RAJYA_SABHA,Sports Infrastructure,15362281.38,13065263.98,240,126,46.8,CTR-101,13,14,1.2384,0.174,PLAIN,2025,19360133.51,63.27
MPLADS-0283,Manipur,LOK_SABHA,Sports Infrastructure,27698653.59,22826415.33,499,654,95.82,CTR-177,11,45,1.177,0.6623,HILLY,2025,35881482.05,124.63
MPLADS-0284,Dadra and Nagar Haveli and Daman and Diu,LOK_SABHA,Electrification,41128579.16,38880974.04,388,299,89.02,CTR-188,6,49,1.2192,0.3321,PLAIN,2023,52878958.86,51.1
MPLADS-0285,Rajasthan,LOK_SABHA,Sanitation,30565579.94,25800423.41,99,106,100.0,CTR-041,2,17,1.3339,0.4925,PLAIN,2024,39559996.93,43.37
MPLADS-0286,Dadra and Nagar Haveli and Daman and Diu,LOK_SABHA,Community Halls,38969061.1,32311236.42,154,195,100.0,CTR-193,9,14,0.9609,0.1384,COASTAL,2023,34477532.0,69.09
MPLADS-0287,West Bengal,RAJYA_SABHA,Sanitation,13992145.25,12117689.83,341,304,80.16,CTR-177,11,67,1.2487,0.3023,PLAIN,2024,17510542.48,91.09
MPLADS-0288,Chhattisgarh,LOK_SABHA,Other Public Assets,13742868.57,12893082.95,99,35,41.51,CTR-128,12,33,1.1877,0.1477,PLAIN,2023,17431382.67,61.67
MPLADS-0289,West Bengal,LOK_SABHA,Sports Infrastructure,2756242.36,2501446.03,185,178,100.0,CTR-017,8,34,0.9558,0.1556,PLAIN,2024,2350352.08,47.48
MPLADS-0290,Madhya Pradesh,RAJYA_SABHA,Sports Infrastructure,27004553.29,28323786.9,170,248,88.44,CTR-136,4,0,1.088,0.1603,PLAIN,2023,32753773.4,34.63
MPLADS-0291,Tripura,LOK_SABHA,Healthcare,24421492.86,20197981.5,307,317,87.38,CTR-094,6,52,1.2945,0.8188,PLAIN,2025,30736078.37,48.68
MPLADS-0292,Tamil Nadu,RAJYA_SABHA,Sports Infrastructure,38123404.16,37201193.26,505,7,1.72,CTR-109,7,48,1.3295,0.979,COASTAL,2025,62911526.07,106.4
MPLADS-0293,Uttarakhand,RAJYA_SABHA,Sanitation,23071250.05,19174761.21,214,6,20.61,CTR-074,2,18,1.0638,0.2201,PLAIN,2024,21892956.97,18.39
MPLADS-0294,Mizoram,LOK_SABHA,Healthcare,25355573.04,23021896.81,157,128,100.0,CTR-155,6,31,1.1782,0.8082,PLAIN,2024,31608891.83,68.55
MPLADS-0295,Lakshadweep,LOK_SABHA,Electrification,7255273.14,7470365.6,123,9,9.9,CTR-006,13,26,1.2003,0.3577,COASTAL,2024,10810255.5,53.48
MPLADS-0296,Ladakh,RAJYA_SABHA,Roads,17757007.96,17442890.83,398,39,25.53,CTR-011,8,13,1.165,0.8383,HILLY,2023,26903630.07,87.33
MPLADS-0297,Delhi,RAJYA_SABHA,Other Public Assets,30215912.77,24813593.18,322,185,59.27,CTR-041,2,37,1.2953,0.0004,PLAIN,2024,36033663.63,37.96
MPLADS-0298,Odisha,LOK_SABHA,Education,14731066.3,14146205.51,230,250,100.0,CTR-056,0,72,1.128,0.3893,HILLY,2023,20250045.17,63.8
MPLADS-0299,Uttarakhand,RAJYA_SABHA,Healthcare,36187627.11,32193016.5,511,217,48.63,CTR-042,12,61,1.2257,0.7618,HILLY,2025,51911663.77,144.45
MPLADS-0300,Andhra Pradesh,RAJYA_SABHA,Sports Infrastructure,21691616.88,19660977.69,191,284,100.0,CTR-119,3,60,1.2746,0.6606,PLAIN,2024,28969598.91,57.54
MPLADS-0301,Arunachal Pradesh,LOK_SABHA,Electrification,2685184.87,2427134.71,303,358,93.99,CTR-196,1,51,1.0244,0.3472,HILLY,2024,2992943.25,64.44
MPLADS-0302,Nagaland,LOK_SABHA,Bridges,8192283.48,7646243.21,246,257,82.7,CTR-108,10,47,1.1539,0.3134,HILLY,2023,11941048.79,84.87
MPLADS-0303,Lakshadweep,LOK_SABHA,Electrification,21327015.84,20626955.95,128,161,89.71,CTR-194,5,21,1.2667,0.167,COASTAL,2023,32078765.44,59.14
MPLADS-0304,Gujarat,LOK_SABHA,Education,46028982.06,44313089.8,462,76,36.03,CTR-143,4,48,1.1313,0.8384,PLAIN,2025,55791597.76,63.49
MPLADS-0305,Tamil Nadu,LOK_SABHA,Community Halls,10903175.54,10511798.22,176,198,100.0,CTR-079,9,0,1.0574,0.3895,PLAIN,2025,12498247.78,29.19
MPLADS-0306,Maharashtra,RAJYA_SABHA,Electrification,49555975.35,41276122.75,141,168,93.23,CTR-187,2,41,1.0318,0.6996,DESERT,2025,51056527.11,70.11
MPLADS-0307,Assam,RAJYA_SABHA,Healthcare,47625569.08,39918486.27,152,158,100.0,CTR-014,12,69,1.0424,0.3785,PLAIN,2025,49379864.82,91.81
MPLADS-0308,Jharkhand,LOK_SABHA,Drinking Water,25705859.84,23581845.9,471,527,100.0,CTR-054,7,64,1.3122,0.8808,PLAIN,2025,38779195.59,96.56
MPLADS-0309,Tamil Nadu,RAJYA_SABHA,Other Public Assets,25244142.4,22266456.62,279,395,100.0,CTR-168,2,48,1.2977,0.559,HILLY,2024,37238759.51,68.77
MPLADS-0310,Kerala,RAJYA_SABHA,Other Public Assets,15156351.97,15443283.51,203,88,56.91,CTR-103,12,25,1.2134,0.7531,PLAIN,2023,22711715.45,61.77
MPLADS-0311,Meghalaya,LOK_SABHA,Sanitation,30255495.3,29945264.74,297,353,97.43,CTR-005,6,68,0.951,0.7246,HILLY,2023,37479901.0,131.62
MPLADS-0312,Meghalaya,RAJYA_SABHA,Roads,26947151.17,22618649.6,133,89,49.51,CTR-024,14,0,1.2264,0.5412,HILLY,2025,36550561.83,91.76
MPLADS-0313,Himachal Pradesh,LOK_SABHA,Healthcare,22360327.92,18498084.18,357,491,100.0,CTR-129,9,61,1.148,1.0,HILLY,2024,30011206.55,122.4
MPLADS-0314,Andhra Pradesh,RAJYA_SABHA,Sports Infrastructure,24796162.53,21532673.33,209,209,82.82,CTR-148,3,64,1.2455,0.7151,PLAIN,2024,31277831.53,95.92
MPLADS-0315,Andaman and Nicobar Islands,LOK_SABHA,Electrification,28637651.86,23733651.6,93,6,10.9,CTR-053,5,48,1.2974,0.7349,COASTAL,2025,37573704.49,108.03
MPLADS-0316,Maharashtra,RAJYA_SABHA,Education,42470027.47,34106040.42,386,256,39.57,CTR-037,13,83,1.301,0.773,COASTAL,2023,56544455.39,147.93
MPLADS-0317,Andhra Pradesh,LOK_SABHA,Sanitation,23737533.79,23331907.35,498,487,100.0,CTR-069,1,62,1.087,0.9995,COASTAL,2023,30901873.85,64.57
MPLADS-0318,Kerala,LOK_SABHA,Bridges,6585760.49,6235176.44,105,79,65.33,CTR-055,7,0,1.0487,1.0,HILLY,2023,8590285.75,69.38
MPLADS-0319,Lakshadweep,RAJYA_SABHA,Education,4387975.71,3685820.16,152,87,36.25,CTR-140,6,25,1.131,0.3527,COASTAL,2025,4807087.72,75.53
MPLADS-0320,Tamil Nadu,RAJYA_SABHA,Sports Infrastructure,32436705.05,30866722.15,251,163,91.31,CTR-188,6,14,1.3339,0.8207,COASTAL,2024,50940996.35,60.43
MPLADS-0321,Arunachal Pradesh,RAJYA_SABHA,Other Public Assets,34802272.9,31624834.82,228,275,100.0,CTR-180,8,43,1.0587,0.3599,HILLY,2024,43538728.65,86.48
MPLADS-0322,Nagaland,LOK_SABHA,Bridges,49272148.2,40962212.42,225,139,83.73,CTR-189,3,46,1.1212,0.2125,HILLY,2023,57982575.75,67.29
MPLADS-0323,Sikkim,RAJYA_SABHA,Roads,13514246.57,11223743.27,507,534,100.0,CTR-011,8,47,1.2013,0.3,HILLY,2025,17326152.29,99.26
MPLADS-0324,Tamil Nadu,LOK_SABHA,Sports Infrastructure,30189092.97,31387534.98,334,395,93.7,CTR-084,13,50,1.2363,0.8062,COASTAL,2024,51656633.35,115.42
MPLADS-0325,Nagaland,RAJYA_SABHA,Drinking Water,44639239.66,36113844.71,135,92,74.35,CTR-029,8,0,1.1875,1.0,HILLY,2024,55862835.8,115.64
MPLADS-0326,Sikkim,LOK_SABHA,Drinking Water,23084431.66,20080223.57,417,214,16.13,CTR-100,2,51,0.999,0.6585,HILLY,2025,24541636.09,94.35
MPLADS-0327,Tamil Nadu,LOK_SABHA,Electrification,42038958.34,41407266.57,272,343,100.0,CTR-073,7,47,1.1196,0.3894,COASTAL,2024,54907475.33,70.47
MPLADS-0328,West Bengal,RAJYA_SABHA,Electrification,1229998.62,1167526.39,188,224,100.0,CTR-058,2,31,0.9534,0.0949,PLAIN,2025,1055644.16,30.16
MPLADS-0329,Meghalaya,RAJYA_SABHA,Education,4533457.02,4532016.22,221,293,100.0,CTR-180,8,97,1.0769,0.8429,DESERT,2024,6080331.86,128.84
MPLADS-0330,Jammu and Kashmir,RAJYA_SABHA,Drinking Water,20049210.38,18785809.14,181,96,36.81,CTR-056,0,37,1.152,0.653,HILLY,2024,27307467.45,79.15
MPLADS-0331,Telangana,LOK_SABHA,Community Halls,9907023.98,9301982.54,519,123,18.33,CTR-064,15,51,1.1605,0.9501,PLAIN,2025,13284400.21,94.48
MPLADS-0332,Uttarakhand,LOK_SABHA,Community Halls,6613559.74,6893126.03,255,252,86.27,CTR-065,6,59,1.2945,0.82,HILLY,2023,12366605.45,107.85
MPLADS-0333,Jammu and Kashmir,LOK_SABHA,Sanitation,44841827.59,43744375.07,319,474,75.31,CTR-029,8,36,1.0307,1.0,HILLY,2025,60117418.34,100.13
MPLADS-0334,Andaman and Nicobar Islands,LOK_SABHA,Education,11262707.25,11560484.88,257,32,21.81,CTR-093,13,34,1.2094,0.5635,COASTAL,2023,17235074.38,88.27
MPLADS-0335,Ladakh,LOK_SABHA,Roads,3613116.49,3479592.51,307,183,47.88,CTR-146,13,13,1.2013,0.8223,HILLY,2023,5742234.72,93.41
MPLADS-0336,Sikkim,LOK_SABHA,Roads,26591355.41,25898542.0,468,222,56.37,CTR-130,10,53,1.2488,0.8028,DESERT,2024,41438503.59,132.57
MPLADS-0337,Bihar,LOK_SABHA,Education,21296162.9,19745377.5,338,169,59.0,CTR-069,1,72,1.2392,0.7739,HILLY,2025,31903013.1,125.02
MPLADS-0338,Delhi,RAJYA_SABHA,Education,30030732.54,26897245.37,438,509,82.48,CTR-185,7,42,0.9977,0.632,PLAIN,2024,28512367.42,67.6
MPLADS-0339,Karnataka,LOK_SABHA,Healthcare,5246958.17,4938492.58,192,155,73.21,CTR-105,12,39,1.0946,0.4488,HILLY,2024,6989085.67,91.62
MPLADS-0340,Andhra Pradesh,RAJYA_SABHA,Bridges,38439254.27,33796321.72,533,503,78.25,CTR-161,15,55,1.3128,0.7186,DESERT,2024,57724022.52,134.21
MPLADS-0341,Manipur,RAJYA_SABHA,Bridges,44563046.6,40713487.07,466,568,100.0,CTR-051,12,46,1.2373,0.4434,HILLY,2024,67887515.83,58.33
MPLADS-0342,Odisha,LOK_SABHA,Other Public Assets,26347754.37,25028401.1,126,47,17.91,CTR-197,5,0,0.9504,0.4289,HILLY,2023,30393117.34,72.51
MPLADS-0343,Jharkhand,RAJYA_SABHA,Electrification,4722180.49,4051660.32,134,194,100.0,CTR-031,7,65,1.0385,0.5691,HILLY,2023,5361041.78,102.57
MPLADS-0344,Kerala,LOK_SABHA,Drinking Water,3560533.55,3183801.04,146,178,84.23,CTR-105,12,0,1.1208,0.7078,PLAIN,2024,4123221.7,61.41
MPLADS-0345,Chandigarh,RAJYA_SABHA,Education,40547791.28,40942052.85,267,318,84.61,CTR-188,6,26,1.0586,0.1811,PLAIN,2025,47524726.03,51.59
MPLADS-0346,Arunachal Pradesh,LOK_SABHA,Education,1007145.34,891188.16,454,174,23.64,CTR-171,1,47,1.085,0.3473,HILLY,2023,1212078.16,77.33
MPLADS-0347,Sikkim,RAJYA_SABHA,Healthcare,20258203.68,16240908.7,221,317,100.0,CTR-044,5,51,1.0718,0.6505,HILLY,2025,22314100.18,75.24
MPLADS-0348,Nagaland,RAJYA_SABHA,Education,35787595.74,35478644.87,270,38,0.0,CTR-113,8,25,1.2413,0.8009,HILLY,2024,58358545.18,135.56
MPLADS-0349,Maharashtra,RAJYA_SABHA,Electrification,29524415.51,26935825.94,167,143,68.94,CTR-005,6,0,1.117,0.7179,PLAIN,2023,33590317.22,54.03
MPLADS-0350,Gujarat,LOK_SABHA,Sports Infrastructure,48666502.35,50154884.08,354,172,45.47,CTR-169,5,47,1.0542,0.3249,PLAIN,2023,56587013.86,69.06
MPLADS-0351,Manipur,RAJYA_SABHA,Bridges,35387448.45,34436884.48,130,73,33.64,CTR-176,7,0,1.3429,0.6065,PLAIN,2025,55228248.89,42.04
MPLADS-0352,Puducherry,RAJYA_SABHA,Bridges,3879023.72,3773210.55,494,530,100.0,CTR-038,13,45,1.2137,0.3051,HILLY,2025,6081261.92,110.02
MPLADS-0353,West Bengal,LOK_SABHA,Sanitation,18546524.26,17739615.9,461,333,61.91,CTR-191,10,71,1.3449,0.8791,COASTAL,2025,31066726.63,142.1
MPLADS-0354,Madhya Pradesh,LOK_SABHA,Sports Infrastructure,45448057.32,44445208.78,248,19,5.63,CTR-098,10,14,0.959,0.5624,PLAIN,2024,45271028.65,79.34
MPLADS-0355,Sikkim,LOK_SABHA,Other Public Assets,37963730.63,34095386.41,250,246,100.0,CTR-096,4,13,0.9843,0.3583,HILLY,2025,41083545.55,61.44
MPLADS-0356,Delhi,LOK_SABHA,Sanitation,7650344.28,7356148.7,373,550,94.6,CTR-007,1,41,1.3016,0.4771,PLAIN,2025,11005907.78,47.24
MPLADS-0357,Himachal Pradesh,LOK_SABHA,Healthcare,15913671.95,13417262.16,465,606,100.0,CTR-005,6,52,1.3221,0.9307,HILLY,2024,24153673.96,118.14
MPLADS-0358,Assam,LOK_SABHA,Electrification,45135705.19,43357141.21,526,385,71.84,CTR-134,8,89,1.0756,0.7368,HILLY,2024,59749437.28,106.19
MPLADS-0359,Rajasthan,LOK_SABHA,Other Public Assets,35566797.23,29709474.56,97,40,46.31,CTR-115,8,35,0.9866,0.3694,DESERT,2024,34545000.23,83.51
MPLADS-0360,Assam,LOK_SABHA,Electrification,47882347.89,43402984.84,273,143,60.44,CTR-124,7,89,1.1698,0.1285,PLAIN,2023,57188865.83,46.31
MPLADS-0361,Delhi,RAJYA_SABHA,Electrification,49993111.99,49609920.42,511,412,79.64,CTR-034,8,39,1.1802,0.5892,PLAIN,2024,69292328.11,74.75
MPLADS-0362,Maharashtra,LOK_SABHA,Electrification,5277919.16,4361700.39,328,97,35.88,CTR-140,6,80,1.1898,0.9289,COASTAL,2024,6384977.3,100.64
MPLADS-0363,Puducherry,LOK_SABHA,Roads,44062771.95,44271440.55,475,509,93.7,CTR-144,6,50,1.1457,0.2399,PLAIN,2025,57412749.34,55.4
MPLADS-0364,Tamil Nadu,LOK_SABHA,Electrification,28835331.64,23345206.58,356,484,100.0,CTR-071,12,49,1.0209,0.814,COASTAL,2024,30453560.88,103.16
MPLADS-0365,Madhya Pradesh,RAJYA_SABHA,Drinking Water,27731288.87,27515104.7,260,114,35.52,CTR-080,10,50,1.35,0.7622,PLAIN,2025,44823499.08,106.09
MPLADS-0366,Mizoram,LOK_SABHA,Roads,22467633.39,20965279.64,376,415,83.08,CTR-135,12,51,0.9737,0.8983,HILLY,2023,27719952.64,150.21
MPLADS-0367,Delhi,LOK_SABHA,Roads,9871751.17,8465548.25,347,406,97.05,CTR-144,6,34,0.9682,0.3336,PLAIN,2023,8976360.78,45.16
MPLADS-0368,Telangana,LOK_SABHA,Healthcare,15614624.49,14568243.44,212,17,26.55,CTR-136,4,38,1.0385,0.8831,DESERT,2024,18943800.62,77.78
MPLADS-0369,Assam,LOK_SABHA,Education,44251400.01,35806406.87,388,369,88.6,CTR-081,15,90,0.9535,0.9812,PLAIN,2024,39654875.72,69.66
MPLADS-0370,Rajasthan,RAJYA_SABHA,Sanitation,7713128.21,8094332.8,423,392,79.0,CTR-008,11,37,1.3052,0.4993,DESERT,2024,13407989.9,109.32
MPLADS-0371,Meghalaya,RAJYA_SABHA,Community Halls,3726630.67,3281894.32,443,596,100.0,CTR-012,15,97,1.0675,0.8848,DESERT,2025,4724250.72,166.6
MPLADS-0372,Puducherry,LOK_SABHA,Drinking Water,2922217.93,2950206.73,313,239,92.69,CTR-188,6,46,1.3297,0.7726,DESERT,2025,4937588.37,73.27
MPLADS-0373,Bihar,LOK_SABHA,Education,35162691.74,35336593.19,469,156,39.94,CTR-196,1,73,1.007,0.551,PLAIN,2024,37544861.08,69.36
MPLADS-0374,Andaman and Nicobar Islands,LOK_SABHA,Bridges,49600505.76,41836446.09,450,632,100.0,CTR-070,7,51,1.3392,0.9969,COASTAL,2024,70546340.93,70.14
MPLADS-0375,Madhya Pradesh,LOK_SABHA,Sports Infrastructure,21477576.81,19374676.09,520,175,6.08,CTR-060,10,54,1.014,0.5282,PLAIN,2023,22441682.26,82.45
MPLADS-0376,Rajasthan,RAJYA_SABHA,Healthcare,21586608.88,18541662.13,185,76,47.39,CTR-006,13,26,1.0284,1.0,DESERT,2025,24625451.07,114.59
MPLADS-0377,Ladakh,LOK_SABHA,Sports Infrastructure,17052280.29,14668906.44,121,149,96.62,CTR-111,4,3,0.9867,0.6405,HILLY,2024,18134858.52,89.0
MPLADS-0378,Andhra Pradesh,LOK_SABHA,Community Halls,42913984.79,37198026.15,177,240,78.13,CTR-185,7,60,1.1762,0.3514,PLAIN,2025,50550972.98,75.99
MPLADS-0379,Chhattisgarh,RAJYA_SABHA,Healthcare,5085076.53,4180146.62,395,564,100.0,CTR-176,7,59,1.2553,0.4947,HILLY,2023,6913637.45,102.77
MPLADS-0380,Tripura,LOK_SABHA,Community Halls,9254018.97,8357373.68,478,455,77.7,CTR-012,15,48,1.2717,0.5542,HILLY,2024,14214853.28,143.28
MPLADS-0381,Lakshadweep,LOK_SABHA,Roads,12908807.98,12115145.73,335,160,44.92,CTR-070,7,52,1.077,0.2531,COASTAL,2025,15995153.29,75.54
MPLADS-0382,Goa,RAJYA_SABHA,Other Public Assets,30379227.76,26866980.78,205,80,10.77,CTR-068,5,20,1.3005,0.2688,PLAIN,2025,40897951.37,47.73
MPLADS-0383,Mizoram,RAJYA_SABHA,Education,29271359.94,26954877.28,108,42,28.47,CTR-063,5,11,1.2866,0.9412,HILLY,2025,47026311.78,67.76
MPLADS-0384,Kerala,LOK_SABHA,Roads,2154701.48,1747102.93,540,211,11.11,CTR-093,13,94,1.3294,0.2734,COASTAL,2025,2926414.81,120.54
MPLADS-0385,Maharashtra,RAJYA_SABHA,Education,45583344.66,37642029.2,404,90,23.64,CTR-157,2,79,1.0936,0.6236,COASTAL,2024,50753309.06,92.02
MPLADS-0386,Andhra Pradesh,LOK_SABHA,Community Halls,20841011.61,21223307.42,505,682,100.0,CTR-144,6,65,1.1077,1.0,DESERT,2023,29329963.14,98.74
MPLADS-0387,Haryana,LOK_SABHA,Sports Infrastructure,8946895.79,8550680.65,113,51,57.95,CTR-155,6,9,1.1991,0.1677,PLAIN,2023,11546944.69,34.1
MPLADS-0388,Mizoram,RAJYA_SABHA,Other Public Assets,3397744.17,3429750.51,457,465,100.0,CTR-086,11,46,1.2264,0.9102,HILLY,2025,5672901.22,128.42
MPLADS-0389,Maharashtra,LOK_SABHA,Sports Infrastructure,39106498.4,40079567.51,457,575,100.0,CTR-084,13,84,1.3391,0.9683,HILLY,2023,73913003.68,194.91
MPLADS-0390,Chandigarh,LOK_SABHA,Other Public Assets,17285799.08,14413442.24,312,224,51.33,CTR-133,1,48,1.2603,0.7024,COASTAL,2023,21861118.19,81.21
MPLADS-0391,Bihar,LOK_SABHA,Sports Infrastructure,38314065.09,37450765.43,223,110,49.2,CTR-132,8,69,1.1448,0.387,PLAIN,2023,49641148.89,100.16
MPLADS-0392,Andaman and Nicobar Islands,LOK_SABHA,Healthcare,24858380.01,20405628.38,186,234,100.0,CTR-005,6,51,1.2361,0.978,COASTAL,2024,31547617.23,110.64
MPLADS-0393,West Bengal,LOK_SABHA,Other Public Assets,35626560.81,36356482.44,134,130,85.22,CTR-038,13,54,1.001,0.6129,HILLY,2024,47682338.95,141.81
MPLADS-0394,Andaman and Nicobar Islands,LOK_SABHA,Other Public Assets,48933514.11,51246448.57,362,114,10.72,CTR-063,5,52,1.0192,0.4627,PLAIN,2023,55568773.24,58.92
MPLADS-0395,Andhra Pradesh,LOK_SABHA,Electrification,46611955.67,39609090.38,421,113,9.91,CTR-008,11,63,1.1903,0.8022,HILLY,2024,62717853.55,152.87
MPLADS-0396,Himachal Pradesh,LOK_SABHA,Community Halls,19125496.26,18067592.38,509,542,100.0,CTR-188,6,59,1.126,0.8497,HILLY,2025,27012789.01,119.54
MPLADS-0397,Assam,RAJYA_SABHA,Roads,13334954.46,11612675.97,397,201,29.21,CTR-129,9,84,1.1551,0.5206,PLAIN,2024,15849274.41,129.81
MPLADS-0398,West Bengal,LOK_SABHA,Education,12009375.33,10275056.95,504,288,64.06,CTR-158,8,72,1.226,0.5923,PLAIN,2024,15028924.63,86.47
MPLADS-0399,Karnataka,LOK_SABHA,Healthcare,2180006.85,1961512.66,141,196,100.0,CTR-100,2,41,1.29,0.114,COASTAL,2024,3058445.77,61.87
MPLADS-0400,Ladakh,LOK_SABHA,Education,29858861.29,26128372.67,538,299,61.65,CTR-135,12,15,1.2171,0.8071,DESERT,2024,42368228.91,99.02
MPLADS-0401,Lakshadweep,RAJYA_SABHA,Healthcare,13764360.29,11484824.34,453,474,100.0,CTR-005,6,49,1.1931,0.8937,COASTAL,2025,17631175.39,98.87
MPLADS-0402,Arunachal Pradesh,RAJYA_SABHA,Other Public Assets,8802451.4,7382361.71,446,48,13.99,CTR-008,11,50,1.2251,0.4005,HILLY,2025,11867039.6,111.61
MPLADS-0403,West Bengal,RAJYA_SABHA,Electrification,46738515.24,39664739.12,387,424,100.0,CTR-173,12,70,1.0986,0.4225,COASTAL,2025,56208359.91,110.72
MPLADS-0404,Bihar,LOK_SABHA,Community Halls,45789481.08,40630815.77,421,157,52.79,CTR-190,4,67,1.2195,0.2777,PLAIN,2024,56518371.14,66.78
MPLADS-0405,West Bengal,LOK_SABHA,Bridges,18851525.04,19654299.29,462,620,100.0,CTR-065,6,69,1.2981,0.3058,COASTAL,2025,31938765.3,69.91
MPLADS-0406,West Bengal,RAJYA_SABHA,Education,24044779.28,20388602.1,130,125,76.73,CTR-141,15,35,1.2812,0.3095,HILLY,2025,35184956.74,116.68
MPLADS-0407,Punjab,LOK_SABHA,Electrification,1646428.64,1338031.39,408,554,97.35,CTR-146,13,45,0.9962,1.0,HILLY,2023,1803701.04,142.41
MPLADS-0408,Jammu and Kashmir,LOK_SABHA,Other Public Assets,6293938.91,5699056.82,277,228,71.52,CTR-178,2,42,1.1137,0.623,HILLY,2024,8423287.43,73.47
MPLADS-0409,Chhattisgarh,LOK_SABHA,Other Public Assets,33619289.49,30551138.19,254,171,75.75,CTR-084,13,63,1.2683,0.5038,PLAIN,2024,46978441.28,117.15
MPLADS-0410,Karnataka,RAJYA_SABHA,Bridges,25258033.17,24228618.17,376,166,29.07,CTR-059,11,77,1.0621,1.0,HILLY,2025,34225562.91,168.01
MPLADS-0411,Rajasthan,LOK_SABHA,Other Public Assets,44169692.81,42461225.96,475,544,97.55,CTR-057,8,35,1.0731,0.3215,PLAIN,2023,50862650.8,44.33
MPLADS-0412,Sikkim,LOK_SABHA,Roads,4407513.95,4575211.63,224,300,100.0,CTR-141,15,40,1.2875,0.8532,DESERT,2023,7801184.8,106.4
MPLADS-0413,Himachal Pradesh,LOK_SABHA,Electrification,11971222.27,11952014.48,295,199,62.85,CTR-162,10,25,1.2808,0.5507,PLAIN,2024,18122776.19,70.89
MPLADS-0414,Madhya Pradesh,RAJYA_SABHA,Education,30453128.38,28372783.41,95,22,32.26,CTR-010,1,37,1.0148,0.5987,PLAIN,2025,30307931.09,22.68
MPLADS-0415,Kerala,LOK_SABHA,Education,20004424.62,18815299.38,370,516,90.89,CTR-200,15,89,1.1162,0.1362,COASTAL,2025,24670242.63,142.3
MPLADS-0416,Meghalaya,LOK_SABHA,Roads,11918290.78,9866506.64,202,288,100.0,CTR-029,8,91,1.0868,0.7043,DESERT,2025,13191823.71,130.39
MPLADS-0417,Jharkhand,RAJYA_SABHA,Bridges,34044849.77,33508829.89,302,136,9.22,CTR-088,4,64,1.3092,0.6552,HILLY,2023,57636001.07,144.08
MPLADS-0418,Meghalaya,LOK_SABHA,Other Public Assets,31275614.56,26246612.26,295,258,60.58,CTR-062,11,69,1.0061,0.4379,PLAIN,2024,28773576.16,112.6
MPLADS-0419,Haryana,RAJYA_SABHA,Roads,21632243.09,19525787.53,480,386,70.34,CTR-041,2,39,1.2481,0.4603,HILLY,2024,31819343.09,76.79
MPLADS-0420,Lakshadweep,LOK_SABHA,Sports Infrastructure,36466101.36,37706828.25,171,154,100.0,CTR-129,9,12,0.9697,0.3023,COASTAL,2023,41331940.38,67.7
MPLADS-0421,Ladakh,LOK_SABHA,Sports Infrastructure,19922956.81,18613407.69,171,3,6.4,CTR-103,12,0,0.973,0.5194,HILLY,2024,23644619.91,88.06
MPLADS-0422,Karnataka,RAJYA_SABHA,Healthcare,17519084.28,14926137.48,158,44,20.21,CTR-008,11,52,1.3469,1.0,DESERT,2023,26231099.28,126.41
MPLADS-0423,Bihar,LOK_SABHA,Roads,6803005.26,6682204.3,106,124,92.32,CTR-164,6,0,1.2275,0.3358,DESERT,2023,9816827.41,51.49
MPLADS-0424,West Bengal,LOK_SABHA,Education,16668340.06,13382298.1,393,20,0.0,CTR-117,0,61,1.0605,0.5495,COASTAL,2024,16896283.77,58.63
MPLADS-0425,Sikkim,LOK_SABHA,Roads,39455515.76,38623737.36,263,1,0.0,CTR-074,2,46,1.1472,0.928,HILLY,2023,57893589.75,106.21
MPLADS-0426,Lakshadweep,LOK_SABHA,Healthcare,24282246.01,24058773.92,123,50,50.35,CTR-151,13,50,1.0181,0.7245,COASTAL,2024,30828325.04,128.28
MPLADS-0427,Odisha,LOK_SABHA,Bridges,7296044.93,6271007.81,181,73,44.02,CTR-032,3,69,1.2162,0.3985,COASTAL,2025,9137450.58,77.28
MPLADS-0428,Jharkhand,RAJYA_SABHA,Other Public Assets,9391071.28,8565507.28,158,189,70.49,CTR-003,10,50,1.0509,0.9266,HILLY,2025,12382780.45,139.76
MPLADS-0429,Himachal Pradesh,LOK_SABHA,Electrification,29835102.06,27429088.19,354,319,91.29,CTR-060,10,53,1.2628,0.7498,HILLY,2024,46961257.37,134.61
MPLADS-0430,Madhya Pradesh,RAJYA_SABHA,Community Halls,43239970.92,43158600.49,186,217,94.44,CTR-012,15,57,1.3003,0.9213,DESERT,2024,76631815.05,124.48
MPLADS-0431,Rajasthan,LOK_SABHA,Community Halls,36694300.98,30953343.78,348,363,90.22,CTR-080,10,34,1.2737,0.5915,PLAIN,2024,46449050.63,78.55
MPLADS-0432,Manipur,LOK_SABHA,Community Halls,13034174.33,11101476.51,342,109,33.96,CTR-194,5,45,1.1125,0.6035,HILLY,2025,16136913.78,87.52
MPLADS-0433,Chandigarh,RAJYA_SABHA,Healthcare,24793834.93,24309761.22,215,302,98.22,CTR-024,14,33,1.1894,0.9769,HILLY,2023,39545813.01,148.47
MPLADS-0434,Odisha,LOK_SABHA,Sanitation,9164474.46,7763940.68,279,377,93.28,CTR-140,6,78,1.1272,0.2346,PLAIN,2024,9522378.51,74.69
MPLADS-0435,Uttar Pradesh,LOK_SABHA,Community Halls,20808809.93,20534278.5,214,2,0.0,CTR-137,9,62,1.0902,0.6105,COASTAL,2025,27504011.19,98.83
MPLADS-0436,Delhi,LOK_SABHA,Roads,6300683.38,5149159.12,209,240,96.24,CTR-100,2,8,1.2393,0.6486,DESERT,2023,8032016.37,39.51
MPLADS-0437,Uttarakhand,RAJYA_SABHA,Healthcare,31114448.07,26787742.73,531,299,85.87,CTR-097,3,60,1.3152,0.7343,HILLY,2023,47870942.77,82.81
MPLADS-0438,Assam,RAJYA_SABHA,Roads,26858394.07,25311041.94,236,226,73.32,CTR-100,2,45,1.3407,0.2319,HILLY,2024,43970495.31,76.3
MPLADS-0439,Chandigarh,RAJYA_SABHA,Other Public Assets,32292781.01,32887442.33,154,57,52.21,CTR-099,10,10,1.2322,0.1183,PLAIN,2025,47538033.69,29.55
MPLADS-0440,Assam,RAJYA_SABHA,Education,19900312.61,19458079.78,483,591,92.16,CTR-053,5,95,1.2544,0.827,COASTAL,2025,30666836.47,99.38
MPLADS-0441,Kerala,LOK_SABHA,Drinking Water,18343972.6,14878828.3,499,83,14.87,CTR-142,3,84,1.1135,0.9923,COASTAL,2024,20615584.34,108.59
MPLADS-0442,Maharashtra,LOK_SABHA,Other Public Assets,41824563.97,42420675.57,339,466,82.16,CTR-037,13,79,1.2202,0.5471,DESERT,2023,69088048.63,136.24
MPLADS-0443,Madhya Pradesh,RAJYA_SABHA,Electrification,23602207.17,21009607.91,474,83,25.76,CTR-177,11,53,1.1198,0.6622,PLAIN,2024,27342479.72,73.7
MPLADS-0444,Haryana,RAJYA_SABHA,Community Halls,24278315.77,23772374.08,348,381,100.0,CTR-069,1,41,1.0959,0.4977,PLAIN,2024,27532925.9,19.93
MPLADS-0445,Chandigarh,LOK_SABHA,Electrification,17762627.44,18028651.41,303,436,97.62,CTR-071,12,34,1.2437,0.6198,DESERT,2025,29424906.88,92.33
MPLADS-0446,Ladakh,LOK_SABHA,Sanitation,33954031.1,27586322.19,534,575,100.0,CTR-055,7,12,1.1588,1.0,DESERT,2023,42058141.08,63.21
MPLADS-0447,Arunachal Pradesh,RAJYA_SABHA,Healthcare,24815862.79,22317343.52,512,470,60.79,CTR-145,15,45,1.311,1.0,HILLY,2024,41769844.75,137.6
MPLADS-0448,Tamil Nadu,RAJYA_SABHA,Drinking Water,37429406.97,35633825.42,263,297,100.0,CTR-123,10,46,1.0085,0.5654,COASTAL,2025,44193986.48,83.11
MPLADS-0449,Kerala,LOK_SABHA,Healthcare,21112055.16,18185569.63,196,219,100.0,CTR-155,6,80,1.3426,0.9928,COASTAL,2024,31675277.54,88.14
MPLADS-0450,Maharashtra,RAJYA_SABHA,Roads,39192986.31,35178778.64,509,50,1.22,CTR-160,12,77,1.2233,0.9877,DESERT,2025,56124153.0,129.99
MPLADS-0451,Gujarat,LOK_SABHA,Community Halls,41516476.02,35721618.05,94,48,42.6,CTR-180,8,0,1.2802,0.2093,PLAIN,2024,52211012.52,41.76
MPLADS-0452,Uttarakhand,RAJYA_SABHA,Bridges,23752041.99,24066108.62,310,422,100.0,CTR-051,12,71,0.968,0.856,PLAIN,2025,26035501.56,123.8
MPLADS-0453,Arunachal Pradesh,LOK_SABHA,Sanitation,28246593.05,25453752.82,172,20,3.8,CTR-022,5,0,1.2314,0.2825,HILLY,2025,39873554.69,50.27
MPLADS-0454,Karnataka,LOK_SABHA,Bridges,1161920.59,1064725.25,335,424,91.76,CTR-112,12,73,1.1785,0.1717,PLAIN,2024,1427422.76,89.57
MPLADS-0455,Goa,LOK_SABHA,Education,26741910.29,24873518.43,522,46,0.0,CTR-176,7,82,1.2127,0.8283,COASTAL,2024,37445965.11,107.32
MPLADS-0456,Sikkim,LOK_SABHA,Electrification,20281837.3,20451663.76,530,555,97.33,CTR-013,11,50,1.0742,1.0,HILLY,2024,29704420.36,106.27
MPLADS-0457,Rajasthan,RAJYA_SABHA,Community Halls,40921553.82,40564001.49,107,124,100.0,CTR-196,1,0,1.2289,0.9687,PLAIN,2025,56943277.39,29.2
MPLADS-0458,Dadra and Nagar Haveli and Daman and Diu,LOK_SABHA,Drinking Water,24177057.1,22452183.2,481,640,92.39,CTR-049,10,49,1.0345,0.7414,PLAIN,2025,26091792.96,115.28
MPLADS-0459,Tamil Nadu,LOK_SABHA,Sports Infrastructure,30719476.83,28338568.1,412,78,0.0,CTR-180,8,49,1.2941,0.761,HILLY,2025,49434010.75,127.74
MPLADS-0460,Madhya Pradesh,LOK_SABHA,Community Halls,7336433.18,6677269.74,201,207,100.0,CTR-054,7,54,1.1722,0.4794,HILLY,2025,10195483.66,79.83
MPLADS-0461,Manipur,RAJYA_SABHA,Education,26566490.31,22896269.09,260,136,59.35,CTR-066,5,50,1.0318,0.379,HILLY,2024,28430168.65,92.24
MPLADS-0462,Maharashtra,LOK_SABHA,Other Public Assets,28031235.89,24007712.76,349,351,81.09,CTR-032,3,79,1.2519,0.3215,PLAIN,2024,33608740.37,89.78
MPLADS-0463,Puducherry,LOK_SABHA,Education,45281414.87,40715606.02,283,402,97.29,CTR-085,10,21,0.9807,0.108,PLAIN,2025,42828245.79,46.67
MPLADS-0464,Ladakh,LOK_SABHA,Community Halls,36291499.56,29697725.69,162,144,94.13,CTR-027,6,15,1.0942,0.5052,HILLY,2023,41407075.85,64.51
MPLADS-0465,Ladakh,LOK_SABHA,Community Halls,13484700.27,12613198.8,90,86,87.59,CTR-061,14,14,1.233,0.2886,HILLY,2025,21340025.62,98.1
MPLADS-0466,Karnataka,RAJYA_SABHA,Sports Infrastructure,45999704.22,38122773.32,164,155,81.33,CTR-130,10,33,1.2058,0.7215,HILLY,2023,60483894.55,88.37
MPLADS-0467,Puducherry,LOK_SABHA,Community Halls,31799433.57,26396801.52,100,98,93.2,CTR-053,5,10,1.172,0.1449,COASTAL,2023,35914918.74,38.16
MPLADS-0468,Odisha,RAJYA_SABHA,Electrification,26638377.42,26460881.6,540,111,33.72,CTR-092,12,79,1.0225,0.3459,COASTAL,2024,32848198.88,107.79
MPLADS-0469,Chandigarh,RAJYA_SABHA,Sanitation,49077909.56,43757939.46,381,539,87.06,CTR-176,7,43,0.9784,0.5953,PLAIN,2024,47680809.74,81.47
MPLADS-0470,Goa,LOK_SABHA,Bridges,33229923.66,33138746.85,427,620,100.0,CTR-146,13,86,1.1942,0.2954,COASTAL,2025,48412178.4,124.59
MPLADS-0471,Odisha,LOK_SABHA,Drinking Water,42561130.89,42571294.93,225,55,9.76,CTR-016,12,74,1.2538,0.264,PLAIN,2024,61346743.06,102.21
MPLADS-0472,Chandigarh,LOK_SABHA,Electrification,26951439.1,24270294.13,340,55,34.93,CTR-050,12,47,1.3331,0.4899,DESERT,2025,42251737.73,104.74
MPLADS-0473,Assam,LOK_SABHA,Drinking Water,27710611.95,24820336.69,472,329,59.62,CTR-014,12,84,1.0619,0.507,HILLY,2023,34682824.76,159.25
MPLADS-0474,Odisha,RAJYA_SABHA,Drinking Water,24645809.68,21347070.19,377,48,23.13,CTR-018,2,79,1.1923,0.8047,COASTAL,2023,32476317.01,89.53
MPLADS-0475,Andaman and Nicobar Islands,LOK_SABHA,Other Public Assets,1701215.93,1437711.71,241,225,100.0,CTR-058,2,38,1.2714,0.7928,PLAIN,2024,2172501.48,54.59
MPLADS-0476,Maharashtra,LOK_SABHA,Healthcare,37603549.8,35014543.18,477,54,35.47,CTR-102,3,77,1.1624,0.2501,COASTAL,2024,47715120.82,67.04
MPLADS-0477,Maharashtra,RAJYA_SABHA,Community Halls,33045720.36,32164505.57,233,285,89.77,CTR-152,4,59,1.2054,0.2144,PLAIN,2023,43843041.53,56.68
MPLADS-0478,Dadra and Nagar Haveli and Daman and Diu,LOK_SABHA,Roads,14693824.28,11968732.94,170,103,70.22,CTR-109,7,26,1.0397,1.0,HILLY,2023,16576556.72,98.19
MPLADS-0479,Tripura,LOK_SABHA,Sports Infrastructure,1820263.98,1458633.49,358,214,58.53,CTR-149,13,50,0.9686,1.0,DESERT,2023,1803013.03,137.83
MPLADS-0480,Manipur,LOK_SABHA,Roads,48273284.65,45797693.21,456,145,41.1,CTR-200,15,49,1.1014,0.2361,HILLY,2025,65845844.98,122.83
MPLADS-0481,Ladakh,LOK_SABHA,Sports Infrastructure,8080274.21,7475474.22,222,20,1.28,CTR-142,3,10,1.0165,1.0,HILLY,2024,9611229.17,60.55
MPLADS-0482,Goa,RAJYA_SABHA,Electrification,12255823.5,10180431.08,521,505,100.0,CTR-071,12,88,1.3161,0.5747,PLAIN,2024,16342408.99,104.91
MPLADS-0483,Lakshadweep,RAJYA_SABHA,Bridges,10503955.18,10274290.31,491,369,100.0,CTR-001,1,51,0.9931,0.634,COASTAL,2023,11691173.55,53.6
MPLADS-0484,Madhya Pradesh,RAJYA_SABHA,Sanitation,29942842.35,24259330.39,134,19,5.36,CTR-147,0,26,1.1534,0.0752,PLAIN,2024,29790874.31,23.75
MPLADS-0485,Andhra Pradesh,RAJYA_SABHA,Education,11852291.37,11811888.67,227,195,82.64,CTR-040,10,50,1.1695,0.0044,COASTAL,2025,17009107.56,67.81
MPLADS-0486,Haryana,LOK_SABHA,Sanitation,22798396.32,19054295.2,140,206,100.0,CTR-114,7,0,1.0994,0.6204,PLAIN,2024,23224037.77,30.92
MPLADS-0487,Telangana,LOK_SABHA,Sports Infrastructure,5711614.55,4749012.09,278,117,38.17,CTR-072,3,54,1.2757,0.5395,HILLY,2025,8209008.38,83.53
MPLADS-0488,Lakshadweep,LOK_SABHA,Drinking Water,24304934.77,23823261.93,186,199,100.0,CTR-094,6,22,1.1083,0.9793,COASTAL,2024,32783084.86,79.48
MPLADS-0489,Madhya Pradesh,LOK_SABHA,Other Public Assets,13639233.6,13383763.95,397,101,32.07,CTR-164,6,56,1.0148,1.0,HILLY,2025,18020092.03,108.86
MPLADS-0490,Madhya Pradesh,LOK_SABHA,Electrification,1239378.74,1146260.96,243,227,83.33,CTR-022,5,56,1.2322,0.0013,PLAIN,2024,1584093.06,56.98
MPLADS-0491,Jammu and Kashmir,RAJYA_SABHA,Healthcare,24461693.29,24540076.4,294,31,23.22,CTR-129,9,37,1.1599,1.0,DESERT,2025,37122407.21,99.0
MPLADS-0492,Andhra Pradesh,RAJYA_SABHA,Bridges,7048547.67,7325652.59,148,146,90.19,CTR-110,11,18,1.015,0.697,HILLY,2023,9760273.57,91.06
MPLADS-0493,West Bengal,RAJYA_SABHA,Roads,48760880.45,48407766.31,280,394,88.18,CTR-163,6,32,1.3289,0.8606,PLAIN,2023,76026281.15,66.17
MPLADS-0494,Andhra Pradesh,RAJYA_SABHA,Drinking Water,15962305.33,13064798.26,325,109,22.3,CTR-010,1,61,0.9995,0.5831,HILLY,2024,16304926.31,91.1
MPLADS-0495,Kerala,RAJYA_SABHA,Bridges,889302.15,894947.64,398,192,44.57,CTR-135,12,85,1.2204,0.6761,HILLY,2023,1483858.29,101.28
MPLADS-0496,Assam,LOK_SABHA,Bridges,28255880.35,25254314.88,319,258,57.81,CTR-158,8,97,1.1515,0.5179,HILLY,2023,38179448.49,104.55
MPLADS-0497,Nagaland,RAJYA_SABHA,Education,11027844.8,8957823.28,259,17,22.21,CTR-139,5,34,1.3294,0.3188,HILLY,2024,15330279.6,76.88
MPLADS-0498,Puducherry,RAJYA_SABHA,Sports Infrastructure,21351806.14,19690125.81,378,398,100.0,CTR-008,11,44,1.1169,0.2028,HILLY,2025,27736717.81,109.84
MPLADS-0499,Arunachal Pradesh,RAJYA_SABHA,Sports Infrastructure,35515441.86,34979069.24,291,316,92.07,CTR-122,10,47,1.0839,0.4751,HILLY,2025,49433203.08,101.18
MPLADS-0500,Puducherry,LOK_SABHA,Education,16024432.28,15966566.04,531,37,4.07,CTR-162,10,56,1.0763,0.6916,PLAIN,2024,19649668.14,105.65
MPLADS-0501,Bihar,LOK_SABHA,Other Public Assets,21505427.02,19748057.53,194,85,52.08,CTR-118,2,73,1.0252,0.1343,PLAIN,2024,22077579.63,36.88
MPLADS-0502,Andaman and Nicobar Islands,RAJYA_SABHA,Drinking Water,44571569.37,45593562.74,218,163,74.61,CTR-037,13,49,1.2163,0.9395,HILLY,2023,76354272.62,133.56
MPLADS-0503,Ladakh,RAJYA_SABHA,Community Halls,6589243.82,6429799.27,171,33,24.68,CTR-087,1,15,1.0886,0.7089,HILLY,2024,8567696.59,46.67
MPLADS-0504,Madhya Pradesh,LOK_SABHA,Education,18860598.27,19278345.92,432,251,50.55,CTR-140,6,53,1.3218,0.3101,PLAIN,2023,29354148.36,77.92
MPLADS-0505,Lakshadweep,LOK_SABHA,Electrification,41509393.22,35947275.36,259,191,60.7,CTR-173,12,12,1.2221,0.4853,COASTAL,2024,54930048.13,89.48
MPLADS-0506,Andaman and Nicobar Islands,LOK_SABHA,Sports Infrastructure,22035972.14,20372499.57,116,172,100.0,CTR-161,15,0,0.9945,0.2445,COASTAL,2025,22634743.36,73.28
MPLADS-0507,Mizoram,LOK_SABHA,Sports Infrastructure,38289613.49,33582132.81,138,132,100.0,CTR-143,4,11,1.2233,0.9336,PLAIN,2025,48886047.59,52.85
MPLADS-0508,Sikkim,RAJYA_SABHA,Other Public Assets,25544908.97,24170134.05,97,30,16.48,CTR-200,15,23,0.9592,0.3299,DESERT,2023,28166637.37,112.6
MPLADS-0509,Madhya Pradesh,LOK_SABHA,Bridges,13570999.16,12948691.09,287,209,55.07,CTR-122,10,27,0.9516,0.6264,PLAIN,2024,13259510.31,76.19
MPLADS-0510,Punjab,LOK_SABHA,Other Public Assets,49472284.83,47231143.66,516,422,73.47,CTR-140,6,39,1.3081,0.7901,PLAIN,2024,72274724.97,70.79
MPLADS-0511,West Bengal,RAJYA_SABHA,Sports Infrastructure,35397909.69,30538350.2,316,409,99.24,CTR-189,3,67,1.2569,0.835,COASTAL,2023,47935576.47,69.76
MPLADS-0512,Gujarat,LOK_SABHA,Other Public Assets,13441094.78,12887174.22,150,29,36.85,CTR-057,8,0,1.2045,0.2532,COASTAL,2024,18118525.3,56.39
MPLADS-0513,Himachal Pradesh,RAJYA_SABHA,Sports Infrastructure,3085706.68,2600509.57,444,411,100.0,CTR-104,0,56,1.1698,0.9827,HILLY,2024,4028262.59,71.61
MPLADS-0514,Jharkhand,RAJYA_SABHA,Community Halls,1448283.27,1332560.72,229,308,87.01,CTR-145,15,31,1.1537,0.8956,DESERT,2025,2027276.89,124.4
MPLADS-0515,Haryana,LOK_SABHA,Bridges,23935134.17,20107154.71,508,589,100.0,CTR-164,6,39,1.3199,0.4144,DESERT,2025,32821491.23,81.73
MPLADS-0516,Ladakh,RAJYA_SABHA,Electrification,40568718.87,34402709.48,395,372,88.95,CTR-168,2,14,1.1558,0.6233,HILLY,2024,50664548.02,73.01
MPLADS-0517,Uttarakhand,RAJYA_SABHA,Roads,23732490.14,21543985.85,204,209,100.0,CTR-026,10,14,1.1794,0.2632,HILLY,2024,32526400.59,63.93
MPLADS-0518,Karnataka,LOK_SABHA,Drinking Water,38135631.42,38845843.71,257,305,100.0,CTR-134,8,82,1.0318,0.1944,COASTAL,2025,46969287.04,69.92
MPLADS-0519,Nagaland,RAJYA_SABHA,Other Public Assets,45429377.32,42909263.23,535,398,54.03,CTR-139,5,48,1.0692,1.0,HILLY,2024,60311959.29,134.31
MPLADS-0520,Jammu and Kashmir,RAJYA_SABHA,Healthcare,48863844.92,46870876.79,175,84,24.44,CTR-103,12,0,1.0561,0.4314,HILLY,2025,63112211.05,100.47
MPLADS-0521,Delhi,RAJYA_SABHA,Sports Infrastructure,7035578.2,6862904.17,339,505,95.1,CTR-086,11,36,0.991,0.1959,PLAIN,2024,7120152.89,83.73
MPLADS-0522,Andhra Pradesh,LOK_SABHA,Bridges,41637039.86,41785035.19,489,622,85.61,CTR-113,8,71,1.2999,0.5105,PLAIN,2024,63859445.03,88.89
MPLADS-0523,Manipur,RAJYA_SABHA,Electrification,7541338.09,7295583.43,416,113,30.91,CTR-117,0,52,1.124,0.6975,HILLY,2024,10554464.27,81.79
MPLADS-0524,Maharashtra,LOK_SABHA,Community Halls,8888406.63,9303116.11,388,582,91.88,CTR-016,12,82,1.2338,0.9846,PLAIN,2023,14116776.55,114.56
MPLADS-0525,Tamil Nadu,RAJYA_SABHA,Other Public Assets,38756442.41,36009518.79,139,103,46.59,CTR-156,10,46,1.0215,0.6448,PLAIN,2025,42508806.42,122.95
MPLADS-0526,Lakshadweep,LOK_SABHA,Sports Infrastructure,15058825.87,12984938.03,321,207,66.77,CTR-032,3,33,1.1842,0.1495,COASTAL,2024,17528998.64,64.74
MPLADS-0527,Andaman and Nicobar Islands,LOK_SABHA,Sports Infrastructure,43515104.46,42837953.92,120,24,13.95,CTR-168,2,28,1.1592,0.9688,COASTAL,2025,60328486.74,50.55
MPLADS-0528,Assam,LOK_SABHA,Sanitation,27729190.04,26235220.56,100,43,29.13,CTR-112,12,26,1.1055,0.5853,PLAIN,2023,32947499.03,59.68
MPLADS-0529,Chhattisgarh,LOK_SABHA,Education,9565779.79,8681036.91,426,180,44.38,CTR-124,7,60,0.9668,0.5129,DESERT,2023,10308407.62,65.68
MPLADS-0530,Lakshadweep,RAJYA_SABHA,Bridges,40362120.18,34453534.65,363,493,89.86,CTR-078,3,50,1.1927,0.7246,COASTAL,2023,50425948.3,89.43
MPLADS-0531,Punjab,RAJYA_SABHA,Healthcare,27518545.09,23855901.44,187,9,15.0,CTR-042,12,13,1.1319,0.1471,PLAIN,2023,29964451.91,83.62
MPLADS-0532,Haryana,RAJYA_SABHA,Healthcare,38483176.27,39073544.79,258,347,78.13,CTR-015,11,28,1.0667,0.2419,PLAIN,2025,47207368.3,82.36
MPLADS-0533,Mizoram,LOK_SABHA,Roads,20447867.15,18796783.11,527,194,49.28,CTR-148,3,51,1.1884,0.857,HILLY,2024,29520426.76,99.7
MPLADS-0534,Bihar,LOK_SABHA,Roads,18755075.77,16390268.99,369,100,7.95,CTR-125,13,71,1.24,0.7053,HILLY,2025,27396909.3,148.25
MPLADS-0535,Bihar,RAJYA_SABHA,Sports Infrastructure,46893344.87,48766633.51,383,552,90.82,CTR-098,10,69,1.2527,0.923,PLAIN,2024,76991246.63,136.11
MPLADS-0536,Lakshadweep,RAJYA_SABHA,Sanitation,7036464.75,6532021.03,345,489,100.0,CTR-081,15,52,1.1932,0.2792,COASTAL,2024,9840607.62,91.59
MPLADS-0537,Madhya Pradesh,LOK_SABHA,Sanitation,6339862.54,6655067.34,227,88,36.79,CTR-110,11,29,1.0223,1.0,HILLY,2023,8770203.68,126.78
MPLADS-0538,Rajasthan,RAJYA_SABHA,Roads,6435719.78,6447587.07,354,344,69.11,CTR-008,11,36,1.34,0.771,DESERT,2025,11346290.12,108.54
MPLADS-0539,Tripura,RAJYA_SABHA,Other Public Assets,1510876.67,1520848.65,248,184,96.63,CTR-047,7,51,1.3144,0.5185,PLAIN,2025,2322618.72,66.19
MPLADS-0540,Assam,LOK_SABHA,Education,22711451.12,20268582.93,408,155,38.95,CTR-013,11,92,1.0362,0.2563,COASTAL,2025,24743614.66,83.98
MPLADS-0541,Maharashtra,LOK_SABHA,Education,21182536.32,18993219.94,431,623,100.0,CTR-025,12,78,1.158,0.2279,COASTAL,2024,26938851.79,105.91
MPLADS-0542,Delhi,RAJYA_SABHA,Other Public Assets,29670929.14,27836893.84,486,173,32.1,CTR-193,9,37,1.0127,0.4326,PLAIN,2025,32132594.02,69.65
MPLADS-0543,Goa,LOK_SABHA,Bridges,19585920.24,18214708.13,394,63,26.44,CTR-058,2,81,1.2175,0.9008,COASTAL,2024,27179772.86,86.74
MPLADS-0544,Andhra Pradesh,LOK_SABHA,Education,14493042.9,12253129.63,196,287,94.61,CTR-046,15,18,1.3125,0.479,COASTAL,2023,20258858.57,80.52
MPLADS-0545,Meghalaya,LOK_SABHA,Sports Infrastructure,34688370.58,28958938.02,244,53,54.99,CTR-149,13,21,0.9642,0.9059,PLAIN,2023,31575982.97,64.16
MPLADS-0546,Chandigarh,RAJYA_SABHA,Other Public Assets,44241635.62,43442649.89,279,330,100.0,CTR-068,5,28,1.1822,0.508,PLAIN,2023,60122369.52,57.69
MPLADS-0547,Nagaland,RAJYA_SABHA,Sports Infrastructure,47032322.84,43524616.88,331,109,53.66,CTR-003,10,50,1.1943,0.0167,PLAIN,2024,58433234.99,40.89
MPLADS-0548,Delhi,LOK_SABHA,Sanitation,32451384.24,32548128.79,528,101,31.82,CTR-165,6,33,1.3049,0.3767,PLAIN,2024,49809466.75,68.49
MPLADS-0549,Goa,LOK_SABHA,Roads,33868157.22,33420082.25,201,18,0.0,CTR-112,12,47,1.1867,0.6389,HILLY,2025,53032780.17,115.66
MPLADS-0550,Madhya Pradesh,RAJYA_SABHA,Sports Infrastructure,24787650.97,21380638.6,504,400,64.65,CTR-018,2,48,1.0417,0.3537,PLAIN,2023,25151783.78,54.99
MPLADS-0551,Uttarakhand,LOK_SABHA,Roads,2958563.21,2504090.79,235,112,53.93,CTR-031,7,28,1.0912,0.3344,HILLY,2025,3475347.94,65.84
MPLADS-0552,Tripura,RAJYA_SABHA,Roads,46611162.31,42347366.93,148,50,55.96,CTR-056,0,49,1.2417,0.8761,PLAIN,2025,59714829.3,81.52
MPLADS-0553,Gujarat,LOK_SABHA,Bridges,1035398.68,887191.7,528,320,39.57,CTR-191,10,44,0.9556,0.6925,PLAIN,2025,894639.53,91.56
MPLADS-0554,Gujarat,RAJYA_SABHA,Healthcare,48110344.45,45796684.34,508,729,94.12,CTR-194,5,43,1.1531,0.2176,PLAIN,2025,60337878.54,42.5
MPLADS-0555,Assam,LOK_SABHA,Bridges,3154165.98,2853241.74,451,27,5.01,CTR-009,3,89,0.9929,0.8253,PLAIN,2025,3208395.02,112.55
MPLADS-0556,Gujarat,LOK_SABHA,Electrification,21987280.28,18298019.29,212,306,87.14,CTR-164,6,38,1.065,0.8488,DESERT,2023,23783684.78,87.98
MPLADS-0557,Uttar Pradesh,LOK_SABHA,Bridges,22991156.45,22431141.88,459,294,44.28,CTR-105,12,63,1.2646,0.5727,PLAIN,2024,34027212.78,88.97
MPLADS-0558,Kerala,LOK_SABHA,Community Halls,41072145.59,38560442.72,134,191,75.94,CTR-126,9,75,0.9922,0.651,PLAIN,2023,46423040.79,89.24
MPLADS-0559,Uttar Pradesh,LOK_SABHA,Electrification,42461919.93,39430917.4,391,316,58.57,CTR-087,1,61,1.0571,0.0506,PLAIN,2025,44277852.04,34.5
MPLADS-0560,Madhya Pradesh,RAJYA_SABHA,Electrification,37607465.34,30286253.89,462,154,26.72,CTR-013,11,51,1.0659,0.8737,PLAIN,2023,38527009.08,105.13
MPLADS-0561,Tripura,LOK_SABHA,Healthcare,1708566.57,1432151.42,528,679,95.48,CTR-155,6,50,1.062,0.5193,PLAIN,2023,1741902.6,79.37
MPLADS-0562,West Bengal,LOK_SABHA,Roads,1289150.73,1349748.11,213,170,74.35,CTR-154,4,52,1.3043,0.3017,COASTAL,2024,2098662.08,36.89
MPLADS-0563,Ladakh,LOK_SABHA,Community Halls,49309972.37,44756463.66,277,95,51.25,CTR-020,7,14,1.2667,0.2758,HILLY,2024,73818037.86,77.58
MPLADS-0564,Andaman and Nicobar Islands,LOK_SABHA,Bridges,8626101.84,8604190.6,378,458,89.84,CTR-131,9,51,1.1857,0.3472,COASTAL,2024,12380991.1,76.25
MPLADS-0565,Ladakh,LOK_SABHA,Bridges,36122565.36,34253165.02,224,286,90.69,CTR-023,2,12,1.2433,0.6421,HILLY,2025,56535801.62,64.47
MPLADS-0566,Chandigarh,LOK_SABHA,Roads,27987307.24,25852232.91,524,600,79.93,CTR-175,11,52,0.9951,0.2092,PLAIN,2025,28086657.81,87.65
MPLADS-0567,Ladakh,LOK_SABHA,Healthcare,42517230.52,35369659.23,497,195,14.59,CTR-128,12,13,0.9515,0.2792,HILLY,2023,42318907.75,108.43
MPLADS-0568,Kerala,LOK_SABHA,Sanitation,17601244.06,16261634.49,514,520,100.0,CTR-039,4,91,1.2211,0.514,PLAIN,2025,22373311.03,54.96
MPLADS-0569,Haryana,RAJYA_SABHA,Other Public Assets,20553356.31,19570918.05,152,135,100.0,CTR-074,2,29,1.1188,0.7274,HILLY,2023,27278273.44,69.87
MPLADS-0570,Telangana,RAJYA_SABHA,Sanitation,15416916.62,13828211.2,165,178,92.64,CTR-162,10,14,1.1325,0.8695,HILLY,2024,20729915.06,83.54
MPLADS-0571,Goa,LOK_SABHA,Other Public Assets,22865203.03,23252941.94,479,691,100.0,CTR-069,1,82,1.0311,0.7463,COASTAL,2024,27328533.25,77.48
MPLADS-0572,Manipur,RAJYA_SABHA,Electrification,10709017.21,9914485.38,108,19,25.21,CTR-022,5,35,1.1956,0.2544,HILLY,2025,15573915.81,59.89
MPLADS-0573,Gujarat,RAJYA_SABHA,Community Halls,29830613.62,26158976.46,278,19,0.0,CTR-134,8,51,1.1009,0.9644,PLAIN,2024,32182170.18,105.11
MPLADS-0574,Gujarat,LOK_SABHA,Bridges,14877508.55,13438645.27,180,244,96.44,CTR-032,3,38,0.9958,0.8217,HILLY,2025,17159949.57,105.5
MPLADS-0575,Haryana,LOK_SABHA,Community Halls,7837987.76,8103254.53,324,33,25.56,CTR-003,10,26,1.1527,0.3416,PLAIN,2023,10625667.24,42.96
MPLADS-0576,Andhra Pradesh,LOK_SABHA,Other Public Assets,35114113.09,33698440.22,247,3,2.09,CTR-128,12,66,1.2109,0.3759,HILLY,2024,53325227.8,116.96
MPLADS-0577,Nagaland,LOK_SABHA,Bridges,33871426.09,32800567.61,409,375,93.15,CTR-143,4,54,1.3492,0.6862,HILLY,2025,59421504.35,86.71
MPLADS-0578,Arunachal Pradesh,RAJYA_SABHA,Healthcare,14644173.97,13436203.09,390,106,20.42,CTR-009,3,47,1.2944,0.7251,HILLY,2025,23189326.12,98.82
MPLADS-0579,Tamil Nadu,LOK_SABHA,Community Halls,25900509.32,21860189.79,256,22,8.71,CTR-066,5,48,1.0392,0.7457,HILLY,2025,28107150.12,121.94
MPLADS-0580,Uttarakhand,LOK_SABHA,Healthcare,9005641.39,7692330.05,512,29,0.0,CTR-109,7,62,0.9656,0.2486,HILLY,2025,8920499.46,96.31
MPLADS-0581,Delhi,RAJYA_SABHA,Healthcare,1072651.38,988585.88,147,33,15.98,CTR-138,0,9,1.0523,0.3832,PLAIN,2025,1060024.68,16.08
MPLADS-0582,Mizoram,LOK_SABHA,Bridges,30532195.84,31246558.7,169,216,100.0,CTR-040,10,55,1.3433,0.6416,HILLY,2024,53948476.08,117.82
MPLADS-0583,Andaman and Nicobar Islands,RAJYA_SABHA,Healthcare,39531698.32,37515916.53,355,74,21.48,CTR-168,2,53,1.2393,0.54,COASTAL,2025,56132449.54,46.9
MPLADS-0584,Andaman and Nicobar Islands,LOK_SABHA,Drinking Water,22436883.31,18414130.15,289,430,96.17,CTR-152,4,24,1.2564,0.2077,COASTAL,2025,28292696.05,27.77
MPLADS-0585,Lakshadweep,LOK_SABHA,Bridges,38847712.31,33277762.83,382,540,100.0,CTR-017,8,44,1.3044,0.5171,COASTAL,2024,53687352.71,52.19
MPLADS-0586,Odisha,RAJYA_SABHA,Sanitation,13213923.6,13402266.07,391,212,55.29,CTR-076,7,74,1.1572,0.3536,COASTAL,2025,18618161.27,92.48
MPLADS-0587,Assam,LOK_SABHA,Bridges,44736683.87,36465176.75,315,185,78.35,CTR-064,15,90,1.1298,0.5228,DESERT,2023,53343742.19,140.52
MPLADS-0588,Puducherry,LOK_SABHA,Community Halls,8096354.81,7121519.72,457,595,98.66,CTR-059,11,50,1.3191,0.2533,HILLY,2025,12244051.64,101.17
MPLADS-0589,Maharashtra,LOK_SABHA,Community Halls,46182795.51,43386186.8,181,97,61.53,CTR-193,9,80,1.2677,0.3252,PLAIN,2024,64329305.31,73.71
MPLADS-0590,Uttar Pradesh,LOK_SABHA,Sanitation,49749438.07,45146184.21,213,316,99.59,CTR-102,3,64,1.3045,0.7669,PLAIN,2024,70090642.93,79.39
MPLADS-0591,Sikkim,LOK_SABHA,Education,19670937.77,16305893.45,152,198,82.61,CTR-148,3,24,1.1902,0.8089,HILLY,2024,25175454.47,80.37
MPLADS-0592,Haryana,RAJYA_SABHA,Drinking Water,15681362.8,14042332.94,237,256,100.0,CTR-118,2,39,1.3491,0.8189,PLAIN,2024,23019253.48,60.5
MPLADS-0593,Nagaland,RAJYA_SABHA,Healthcare,24275419.27,23976435.59,95,118,100.0,CTR-085,10,38,1.1053,0.2566,HILLY,2024,34477775.02,83.21
MPLADS-0594,Goa,LOK_SABHA,Electrification,42337870.07,41440958.5,324,58,0.0,CTR-007,1,82,0.9824,0.4663,COASTAL,2023,47786794.53,75.32
MPLADS-0595,Jharkhand,RAJYA_SABHA,Community Halls,44496259.07,39295746.08,336,192,73.7,CTR-022,5,68,0.955,0.1739,PLAIN,2024,38576275.17,47.01
MPLADS-0596,Manipur,LOK_SABHA,Education,27074063.29,26790432.69,342,438,100.0,CTR-069,1,51,1.081,0.3317,PLAIN,2024,31077301.53,45.1
MPLADS-0597,Goa,LOK_SABHA,Roads,34717627.48,34035077.23,242,187,100.0,CTR-013,11,18,1.039,0.013,COASTAL,2025,40906541.13,70.52
MPLADS-0598,Tripura,RAJYA_SABHA,Roads,12675968.52,13213949.38,139,159,93.06,CTR-111,4,26,1.2941,0.7614,DESERT,2025,21662546.42,71.3
MPLADS-0599,Delhi,LOK_SABHA,Bridges,35347857.12,28315513.37,445,208,44.58,CTR-138,0,39,0.9912,0.5073,PLAIN,2025,29082793.93,34.08
MPLADS-0600,Goa,RAJYA_SABHA,Sanitation,33384066.82,31142236.77,489,481,100.0,CTR-172,1,85,1.169,0.7708,COASTAL,2025,43689842.55,85.11
MPLADS-0601,Goa,RAJYA_SABHA,Sports Infrastructure,10514099.66,8792622.0,331,76,0.0,CTR-199,5,83,1.2837,0.6555,COASTAL,2023,14364477.72,112.68
MPLADS-0602,Andaman and Nicobar Islands,RAJYA_SABHA,Healthcare,43006215.45,39382058.09,261,162,80.76,CTR-152,4,47,1.0395,0.5611,COASTAL,2024,47907964.85,55.05
MPLADS-0603,Goa,LOK_SABHA,Roads,22689248.24,23516603.44,336,51,16.13,CTR-116,9,83,1.0435,0.8741,COASTAL,2024,30180556.63,103.91
MPLADS-0604,Andhra Pradesh,RAJYA_SABHA,Education,26803266.57,22593942.88,446,416,100.0,CTR-046,15,64,1.3098,0.3912,DESERT,2023,38323767.76,68.41
MPLADS-0605,Karnataka,LOK_SABHA,Bridges,38888255.31,34250905.26,231,195,85.75,CTR-074,2,77,1.1575,0.7638,COASTAL,2024,48878846.15,62.48
MPLADS-0606,Uttar Pradesh,RAJYA_SABHA,Community Halls,20120879.05,20799597.68,485,528,94.83,CTR-194,5,63,1.316,1.0,HILLY,2025,37031946.65,114.55
MPLADS-0607,Ladakh,LOK_SABHA,Education,12171922.2,9826152.26,494,482,94.39,CTR-060,10,13,1.3397,0.9148,HILLY,2023,17833575.98,76.94
MPLADS-0608,Kerala,LOK_SABHA,Sports Infrastructure,8568216.8,8283350.72,305,277,100.0,CTR-176,7,94,1.1612,0.876,PLAIN,2024,11449151.26,120.28
MPLADS-0609,Delhi,RAJYA_SABHA,Roads,6259928.37,5394860.14,431,137,2.8,CTR-108,10,37,1.2114,0.7686,HILLY,2024,8817496.57,135.91
MPLADS-0610,Uttar Pradesh,RAJYA_SABHA,Community Halls,44088832.48,37645593.43,312,0,0.65,CTR-125,13,65,1.1063,0.2314,PLAIN,2024,46474404.76,71.69
MPLADS-0611,Madhya Pradesh,RAJYA_SABHA,Roads,34280476.69,27462489.14,507,156,32.7,CTR-029,8,56,0.9915,0.2026,PLAIN,2025,28777918.23,71.57
MPLADS-0612,Assam,LOK_SABHA,Bridges,9426060.1,8857922.31,188,106,43.54,CTR-136,4,95,1.2157,0.5228,HILLY,2023,13885780.58,92.05
MPLADS-0613,Haryana,LOK_SABHA,Sanitation,19151696.44,18330860.34,348,264,63.0,CTR-187,2,36,1.0576,0.3396,PLAIN,2024,19784065.39,40.42
MPLADS-0614,Maharashtra,LOK_SABHA,Other Public Assets,31638548.08,27283331.68,413,376,96.7,CTR-142,3,78,1.0214,0.6035,COASTAL,2025,32697009.56,77.98
MPLADS-0615,Andaman and Nicobar Islands,LOK_SABHA,Bridges,18610950.3,17830320.61,428,480,81.63,CTR-172,1,52,1.3177,0.1571,COASTAL,2025,27904765.16,74.44
MPLADS-0616,Punjab,LOK_SABHA,Sports Infrastructure,8343844.88,8332015.48,139,116,100.0,CTR-077,5,37,1.2575,0.584,PLAIN,2025,12430919.49,64.42
MPLADS-0617,Uttar Pradesh,RAJYA_SABHA,Healthcare,5317619.32,5140205.57,401,5,8.34,CTR-145,15,59,1.0626,0.6153,DESERT,2024,6997774.21,96.15
MPLADS-0618,Telangana,LOK_SABHA,Bridges,23873404.84,20292322.27,140,154,83.63,CTR-080,10,25,1.1731,0.9016,HILLY,2024,31280285.57,102.08
MPLADS-0619,Andaman and Nicobar Islands,RAJYA_SABHA,Education,15736504.9,13304355.73,276,38,19.74,CTR-165,6,48,1.0071,0.3193,HILLY,2024,16413091.69,90.95
MPLADS-0620,Ladakh,RAJYA_SABHA,Community Halls,40437189.72,39342535.92,240,271,100.0,CTR-185,7,11,1.218,0.5821,HILLY,2024,61295213.8,64.06
MPLADS-0621,Nagaland,RAJYA_SABHA,Education,13290615.07,12366009.53,485,533,100.0,CTR-120,1,45,0.9886,0.3249,HILLY,2023,15601300.73,64.45
MPLADS-0622,Manipur,RAJYA_SABHA,Education,16038486.35,16619425.97,276,142,40.17,CTR-162,10,35,1.2875,0.2789,HILLY,2025,29144684.42,89.38
MPLADS-0623,Rajasthan,LOK_SABHA,Community Halls,12074054.08,10558090.99,325,186,47.26,CTR-089,12,26,1.1331,0.3282,DESERT,2025,15172197.93,83.79
MPLADS-0624,Himachal Pradesh,LOK_SABHA,Sports Infrastructure,16860134.88,13553757.66,214,151,67.2,CTR-105,12,61,1.0844,0.9103,HILLY,2023,19862618.54,123.19
MPLADS-0625,Lakshadweep,LOK_SABHA,Roads,2926900.78,2750227.77,207,198,86.23,CTR-036,1,21,1.2043,0.2156,COASTAL,2025,3935184.48,40.7
MPLADS-0626,Mizoram,LOK_SABHA,Roads,47676158.97,48219686.72,436,192,39.95,CTR-069,1,47,1.2854,1.0,HILLY,2024,82800705.99,84.93
MPLADS-0627,Karnataka,LOK_SABHA,Sanitation,14771799.81,13668241.72,196,293,100.0,CTR-007,1,74,1.1209,0.797,PLAIN,2025,17607869.29,89.09
MPLADS-0628,Himachal Pradesh,LOK_SABHA,Roads,28488066.34,29056870.78,465,168,31.7,CTR-026,10,60,1.0188,1.0,HILLY,2024,38357955.03,121.28
MPLADS-0629,Haryana,RAJYA_SABHA,Sanitation,34531054.42,30375795.68,298,388,90.77,CTR-013,11,29,1.1312,0.7077,PLAIN,2023,39016695.27,68.82
MPLADS-0630,Bihar,RAJYA_SABHA,Community Halls,36387560.07,36259039.36,344,493,94.93,CTR-024,14,68,1.153,0.2858,PLAIN,2023,47824242.95,115.76
MPLADS-0631,Jammu and Kashmir,LOK_SABHA,Education,9375272.13,7979692.3,415,591,100.0,CTR-178,2,36,1.1792,0.6737,HILLY,2025,11944714.71,75.26
MPLADS-0632,Chandigarh,RAJYA_SABHA,Healthcare,41536260.95,38567027.71,348,248,66.38,CTR-155,6,48,1.046,0.5346,PLAIN,2024,45259455.36,50.23
MPLADS-0633,Chhattisgarh,LOK_SABHA,Sanitation,24697851.84,24276947.26,487,426,100.0,CTR-072,3,57,1.2877,0.2341,HILLY,2025,40696172.32,84.63
MPLADS-0634,Chhattisgarh,RAJYA_SABHA,Roads,34789947.09,35758679.15,441,22,5.4,CTR-148,3,56,1.2711,0.5795,HILLY,2024,59419353.51,78.97
MPLADS-0635,Ladakh,LOK_SABHA,Bridges,29465587.24,26706718.53,227,258,100.0,CTR-165,6,13,1.0208,0.8894,HILLY,2024,34582508.04,81.0
MPLADS-0636,Sikkim,LOK_SABHA,Sanitation,23907886.81,20588146.13,491,257,53.32,CTR-061,14,45,1.3225,0.6215,PLAIN,2024,32370378.11,118.41
MPLADS-0637,Manipur,RAJYA_SABHA,Other Public Assets,48906946.65,40019568.2,117,26,8.64,CTR-040,10,0,1.1033,0.4815,HILLY,2024,54784031.15,76.35
MPLADS-0638,Ladakh,LOK_SABHA,Other Public Assets,613332.1,610459.49,423,525,94.72,CTR-035,14,13,0.9566,1.0,DESERT,2024,759205.02,140.64
MPLADS-0639,Lakshadweep,LOK_SABHA,Education,18147329.07,15111483.9,434,562,94.52,CTR-111,4,50,1.1643,0.0578,COASTAL,2025,20285594.85,56.76
MPLADS-0640,Andhra Pradesh,LOK_SABHA,Bridges,17386262.4,17387894.85,389,74,6.79,CTR-070,7,59,1.1675,0.9474,COASTAL,2025,25083223.95,97.05
MPLADS-0641,Chandigarh,LOK_SABHA,Other Public Assets,28345486.43,23557435.66,317,311,100.0,CTR-026,10,47,1.0334,0.4985,HILLY,2024,31914288.72,81.92
MPLADS-0642,Telangana,RAJYA_SABHA,Roads,12791646.83,12591679.24,251,292,100.0,CTR-047,7,28,1.116,0.4415,PLAIN,2024,15819486.37,29.62
MPLADS-0643,Assam,LOK_SABHA,Education,23612179.99,20236283.36,445,662,90.15,CTR-058,2,82,1.0914,0.2346,PLAIN,2024,24257383.55,74.95
MPLADS-0644,Andhra Pradesh,LOK_SABHA,Education,37781835.08,32890628.43,196,288,90.46,CTR-006,13,67,0.954,0.4093,PLAIN,2023,33904283.77,78.36
MPLADS-0645,Lakshadweep,RAJYA_SABHA,Healthcare,36473749.16,32380665.68,426,315,75.98,CTR-036,1,51,1.1567,0.5545,COASTAL,2025,44109839.65,62.9
MPLADS-0646,Delhi,LOK_SABHA,Community Halls,27796356.84,26911340.75,295,289,62.99,CTR-183,7,35,1.0025,0.5128,HILLY,2024,32566548.8,97.65
MPLADS-0647,Odisha,LOK_SABHA,Electrification,20627671.65,17777624.68,511,539,100.0,CTR-070,7,75,1.0161,0.2255,COASTAL,2023,20387230.97,67.7
MPLADS-0648,Puducherry,LOK_SABHA,Bridges,11464961.07,10948753.29,480,683,100.0,CTR-164,6,45,1.3489,0.4401,HILLY,2025,19902213.16,104.56
MPLADS-0649,Madhya Pradesh,LOK_SABHA,Sports Infrastructure,22031057.66,18880906.05,460,355,71.58,CTR-161,15,60,1.0323,0.9435,PLAIN,2024,22631465.64,104.51
MPLADS-0650,Sikkim,LOK_SABHA,Bridges,16956076.95,16788074.45,366,22,0.0,CTR-175,11,54,1.3132,0.455,HILLY,2024,29135937.49,96.63
MPLADS-0651,Goa,LOK_SABHA,Drinking Water,35213048.86,28534091.86,478,83,11.23,CTR-029,8,85,1.2633,0.6147,PLAIN,2025,41597630.6,133.62
MPLADS-0652,Gujarat,LOK_SABHA,Community Halls,5038440.75,4244009.68,476,17,15.19,CTR-082,6,46,1.2196,0.6345,PLAIN,2024,6071140.04,61.12
MPLADS-0653,Chandigarh,RAJYA_SABHA,Education,13350134.2,12184783.79,374,124,26.08,CTR-067,14,49,1.3479,0.9934,HILLY,2025,23248117.92,111.47
MPLADS-0654,Nagaland,LOK_SABHA,Healthcare,23578946.44,20990538.66,143,145,100.0,CTR-009,3,46,1.2716,0.4352,HILLY,2023,34993618.08,65.68
MPLADS-0655,Jammu and Kashmir,LOK_SABHA,Education,49527058.11,46141567.24,280,190,40.59,CTR-007,1,41,1.1243,0.5482,HILLY,2025,67281838.08,87.96
MPLADS-0656,Tripura,RAJYA_SABHA,Sanitation,41829695.19,37689662.76,181,80,28.31,CTR-188,6,36,1.2027,0.37,PLAIN,2024,51378094.64,44.98
MPLADS-0657,Arunachal Pradesh,LOK_SABHA,Drinking Water,13650541.91,13232802.37,178,20,0.0,CTR-025,12,11,1.0482,0.8509,HILLY,2024,18937729.72,98.7
MPLADS-0658,Madhya Pradesh,RAJYA_SABHA,Sports Infrastructure,8573686.04,7424992.17,508,113,23.51,CTR-122,10,55,1.0253,0.9779,DESERT,2024,9502091.72,113.48
MPLADS-0659,Mizoram,RAJYA_SABHA,Roads,28540602.81,24488897.01,101,19,10.95,CTR-030,7,0,1.2628,0.4718,HILLY,2024,40994101.22,65.03
MPLADS-0660,Chhattisgarh,LOK_SABHA,Electrification,28911107.28,27537000.9,478,599,94.23,CTR-110,11,56,1.1923,0.5969,PLAIN,2024,39350317.16,87.27
MPLADS-0661,Goa,RAJYA_SABHA,Bridges,5880383.99,6141595.13,310,76,19.34,CTR-138,0,88,1.0616,0.3548,HILLY,2025,8221987.7,75.12
MPLADS-0662,Goa,RAJYA_SABHA,Other Public Assets,3884683.55,3878873.13,314,177,48.44,CTR-191,10,59,1.2984,0.3311,COASTAL,2023,6158303.78,119.31
MPLADS-0663,Arunachal Pradesh,RAJYA_SABHA,Other Public Assets,14149276.73,13651720.39,190,182,92.73,CTR-190,4,12,1.2635,0.8581,HILLY,2024,22807208.08,75.93
MPLADS-0664,Chandigarh,LOK_SABHA,Drinking Water,31281614.17,29857634.44,173,13,0.0,CTR-041,2,34,1.3376,0.3954,COASTAL,2024,49781079.51,59.15
MPLADS-0665,Chandigarh,RAJYA_SABHA,Roads,30747735.42,28845611.49,523,616,100.0,CTR-193,9,51,1.1328,0.1645,PLAIN,2025,37435646.03,66.21
MPLADS-0666,Gujarat,RAJYA_SABHA,Education,37082861.46,33433533.71,291,64,50.94,CTR-031,7,26,0.9891,0.4581,PLAIN,2023,34883435.21,49.26
MPLADS-0667,Sikkim,LOK_SABHA,Other Public Assets,30696736.86,28819038.14,526,736,92.66,CTR-198,1,51,1.2345,1.0,HILLY,2023,46348086.07,74.6
MPLADS-0668,Tamil Nadu,LOK_SABHA,Healthcare,7871560.66,6352183.25,247,267,74.43,CTR-195,15,46,0.9516,0.6883,PLAIN,2023,6389824.95,95.3
MPLADS-0669,Odisha,LOK_SABHA,Education,5216466.25,4853304.18,446,82,24.1,CTR-075,10,73,1.1902,0.9799,COASTAL,2024,7333371.36,108.31
MPLADS-0670,Goa,LOK_SABHA,Roads,37509654.46,37961106.88,184,274,75.27,CTR-158,8,17,1.312,0.8157,HILLY,2025,66004350.69,119.4
MPLADS-0671,Maharashtra,RAJYA_SABHA,Healthcare,30116787.14,28835818.6,497,531,92.68,CTR-155,6,79,1.1983,0.5234,COASTAL,2024,42213952.82,79.24
MPLADS-0672,Andaman and Nicobar Islands,LOK_SABHA,Sanitation,14080477.47,12364867.77,222,218,100.0,CTR-004,7,24,1.0906,0.9512,COASTAL,2024,16573912.11,86.9
MPLADS-0673,Rajasthan,LOK_SABHA,Electrification,49296682.17,48327806.61,324,5,0.0,CTR-103,12,24,1.2014,0.6399,DESERT,2024,73608599.79,84.9
MPLADS-0674,West Bengal,LOK_SABHA,Healthcare,38690864.57,32061130.38,101,84,74.25,CTR-082,6,0,0.9644,0.3082,COASTAL,2024,33649596.85,44.22
MPLADS-0675,Andaman and Nicobar Islands,RAJYA_SABHA,Community Halls,13494769.84,13516052.78,196,293,100.0,CTR-136,4,49,1.2135,0.4122,COASTAL,2025,19783968.9,57.04
MPLADS-0676,Madhya Pradesh,RAJYA_SABHA,Bridges,25668332.92,21261134.81,496,445,96.58,CTR-001,1,54,1.3007,0.2449,PLAIN,2024,31428295.86,34.81
MPLADS-0677,Chhattisgarh,LOK_SABHA,Other Public Assets,22898702.82,23077658.07,155,104,56.6,CTR-037,13,28,1.2809,0.1354,PLAIN,2025,34980532.21,73.02
MPLADS-0678,Bihar,LOK_SABHA,Education,16567244.71,16130538.19,470,137,59.69,CTR-139,5,75,1.2283,0.1537,PLAIN,2025,22799239.08,84.49
MPLADS-0679,Mizoram,LOK_SABHA,Healthcare,17009182.12,16541092.03,342,332,95.45,CTR-190,4,50,1.096,0.8746,HILLY,2024,23757892.47,111.08
MPLADS-0680,Karnataka,LOK_SABHA,Community Halls,25597226.1,23228058.2,392,586,96.02,CTR-003,10,74,1.2893,0.7536,DESERT,2025,39554739.37,130.52
MPLADS-0681,Sikkim,RAJYA_SABHA,Sports Infrastructure,35463780.65,30206140.53,96,8,20.55,CTR-158,8,0,0.9592,1.0,HILLY,2024,38509834.42,113.24
MPLADS-0682,Madhya Pradesh,LOK_SABHA,Sports Infrastructure,8269979.3,8538427.66,358,110,30.93,CTR-075,10,58,1.0407,0.8008,PLAIN,2025,10007470.54,64.43
MPLADS-0683,Goa,RAJYA_SABHA,Education,30180916.65,26162538.89,148,180,100.0,CTR-054,7,0,1.1009,0.0588,COASTAL,2025,31786166.56,39.95
MPLADS-0684,Dadra and Nagar Haveli and Daman and Diu,LOK_SABHA,Healthcare,23006098.86,19832091.39,248,173,54.02,CTR-193,9,13,1.0468,0.0392,PLAIN,2024,23525145.37,64.29
MPLADS-0685,Kerala,RAJYA_SABHA,Drinking Water,21080385.61,18855136.14,369,161,61.61,CTR-052,3,89,1.1731,0.3704,COASTAL,2025,26542600.1,99.38
MPLADS-0686,Himachal Pradesh,LOK_SABHA,Education,45643801.59,39992741.07,166,211,88.99,CTR-023,2,50,1.276,0.4763,HILLY,2025,68583832.41,88.36
MPLADS-0687,Nagaland,RAJYA_SABHA,Other Public Assets,26120350.78,23354091.41,198,36,46.13,CTR-077,5,36,1.1248,0.7984,HILLY,2023,35133674.22,110.36
MPLADS-0688,West Bengal,LOK_SABHA,Drinking Water,13903019.55,12357049.66,411,264,82.84,CTR-115,8,67,1.0832,0.008,PLAIN,2024,15160307.93,53.96
MPLADS-0689,Puducherry,LOK_SABHA,Sports Infrastructure,13397841.57,13816433.92,322,256,100.0,CTR-097,3,53,1.2575,0.2222,PLAIN,2025,19898306.36,39.03
MPLADS-0690,Chhattisgarh,LOK_SABHA,Drinking Water,34334466.94,29812803.92,495,353,66.73,CTR-053,5,62,1.1839,0.9017,COASTAL,2023,44349822.14,144.17
MPLADS-0691,Telangana,LOK_SABHA,Drinking Water,39731082.57,36813163.82,102,27,22.42,CTR-008,11,0,1.1775,1.0,DESERT,2024,56933724.74,112.21
MPLADS-0692,Karnataka,LOK_SABHA,Other Public Assets,37318827.16,37800453.04,281,312,90.58,CTR-030,7,76,1.0968,0.5526,PLAIN,2025,47067253.36,119.23
MPLADS-0693,Punjab,LOK_SABHA,Community Halls,40958323.82,37486997.08,296,36,0.0,CTR-150,0,34,1.0123,0.3269,PLAIN,2024,40344731.71,39.76
MPLADS-0694,Mizoram,RAJYA_SABHA,Electrification,16036639.58,16583167.05,185,166,94.54,CTR-126,9,0,1.2997,0.9275,HILLY,2023,28944612.28,95.64
MPLADS-0695,Himachal Pradesh,LOK_SABHA,Bridges,16540950.2,14560430.78,342,451,90.74,CTR-173,12,57,1.3315,0.4233,PLAIN,2024,22792868.45,82.47
MPLADS-0696,Sikkim,RAJYA_SABHA,Education,22564593.24,23382224.59,383,336,86.87,CTR-192,10,45,1.0815,0.81,HILLY,2023,32513464.13,105.0
MPLADS-0697,Puducherry,LOK_SABHA,Bridges,621843.43,568647.59,402,249,52.85,CTR-195,15,47,1.1983,1.0,DESERT,2025,926223.5,150.36
MPLADS-0698,Bihar,LOK_SABHA,Other Public Assets,9120064.31,8747392.49,391,251,77.58,CTR-039,4,71,1.1727,0.3001,HILLY,2025,12864093.4,88.18
MPLADS-0699,Mizoram,LOK_SABHA,Sanitation,47885461.99,46172980.13,241,226,90.17,CTR-075,10,37,1.1192,0.3715,PLAIN,2024,59559654.66,67.72
MPLADS-0700,Karnataka,RAJYA_SABHA,Sports Infrastructure,29125766.86,28321528.64,429,555,100.0,CTR-194,5,75,1.0279,0.4327,HILLY,2024,38941672.99,64.76
MPLADS-0701,Punjab,LOK_SABHA,Electrification,15456149.07,14036261.74,155,90,62.2,CTR-184,11,47,0.9523,0.7509,PLAIN,2024,14952718.03,107.98
MPLADS-0702,Chhattisgarh,LOK_SABHA,Sanitation,48406384.05,45648706.01,286,111,31.73,CTR-003,10,51,1.2056,0.3425,PLAIN,2023,63032998.31,63.13
MPLADS-0703,Goa,LOK_SABHA,Other Public Assets,35524673.42,29313972.74,527,38,3.87,CTR-154,4,81,1.1186,0.4453,COASTAL,2024,38990607.15,88.81
MPLADS-0704,Manipur,LOK_SABHA,Bridges,37046616.17,38245625.44,200,265,100.0,CTR-165,6,25,1.0894,0.2013,HILLY,2025,53672797.9,79.5
MPLADS-0705,Telangana,LOK_SABHA,Drinking Water,20568292.93,21298764.03,536,173,0.7,CTR-142,3,48,1.2258,1.0,DESERT,2024,33410437.69,99.1
MPLADS-0706,Ladakh,LOK_SABHA,Bridges,8902404.61,8489470.86,479,242,70.12,CTR-121,7,15,0.9822,0.7715,HILLY,2023,10206104.81,81.16
MPLADS-0707,Dadra and Nagar Haveli and Daman and Diu,LOK_SABHA,Sports Infrastructure,38484883.1,37176739.12,309,60,10.66,CTR-125,13,46,0.9629,0.6028,HILLY,2024,45772979.38,121.14
MPLADS-0708,Uttar Pradesh,RAJYA_SABHA,Sports Infrastructure,34005489.63,28636787.57,268,328,90.21,CTR-160,12,66,1.0614,0.6414,PLAIN,2024,33474510.42,95.61
MPLADS-0709,Andhra Pradesh,RAJYA_SABHA,Drinking Water,38762794.7,31660831.39,378,356,90.96,CTR-068,5,69,1.193,0.6121,COASTAL,2025,45930099.4,62.68
MPLADS-0710,Odisha,RAJYA_SABHA,Electrification,44252265.75,37812753.24,380,87,6.01,CTR-055,7,76,1.0938,0.9846,COASTAL,2025,50505357.26,151.87
MPLADS-0711,Goa,LOK_SABHA,Roads,4804123.27,3869527.84,451,199,33.96,CTR-007,1,87,1.2858,0.1462,COASTAL,2023,5982222.21,65.43
MPLADS-0712,Bihar,RAJYA_SABHA,Community Halls,49239821.74,51450874.67,355,172,10.77,CTR-037,13,66,0.9915,0.2769,PLAIN,2024,55740262.01,115.81
MPLADS-0713,Kerala,LOK_SABHA,Bridges,46368077.06,48478907.1,364,423,94.61,CTR-052,3,88,1.2468,0.7215,COASTAL,2024,77233506.4,123.41
MPLADS-0714,Jharkhand,RAJYA_SABHA,Community Halls,16692169.43,14782377.65,531,229,59.52,CTR-074,2,62,1.1943,0.7226,DESERT,2023,21508332.65,84.5
MPLADS-0715,Goa,LOK_SABHA,Bridges,41995268.74,42150738.88,501,122,19.62,CTR-189,3,88,1.2381,0.8521,HILLY,2023,70938308.81,95.72
MPLADS-0716,Puducherry,LOK_SABHA,Sports Infrastructure,30776397.04,25251027.94,109,18,40.11,CTR-200,15,23,1.2084,0.4731,PLAIN,2024,36433406.54,69.22
MPLADS-0717,Ladakh,LOK_SABHA,Sanitation,27191388.03,24884867.83,356,509,100.0,CTR-174,11,15,1.265,1.0,HILLY,2023,43252723.02,110.02
MPLADS-0718,Goa,RAJYA_SABHA,Electrification,10603162.53,10547812.54,224,236,93.27,CTR-133,1,0,1.1347,0.5439,PLAIN,2025,13423622.77,10.93
MPLADS-0719,Andaman and Nicobar Islands,LOK_SABHA,Healthcare,9377586.01,8912585.33,229,315,89.14,CTR-035,14,22,1.2466,0.034,COASTAL,2025,13775273.39,74.28
MPLADS-0720,Uttarakhand,LOK_SABHA,Bridges,24852120.44,24510906.02,434,141,29.4,CTR-157,2,66,1.0894,0.7869,PLAIN,2025,29050353.94,78.52
MPLADS-0721,West Bengal,LOK_SABHA,Healthcare,9963684.11,8654216.48,383,209,53.67,CTR-067,14,69,1.1191,0.5776,DESERT,2025,12408173.0,108.97
MPLADS-0722,Uttarakhand,LOK_SABHA,Sanitation,23073019.86,20185672.74,445,555,100.0,CTR-051,12,63,1.1989,0.7773,HILLY,2025,32239822.89,132.82
MPLADS-0723,Meghalaya,RAJYA_SABHA,Community Halls,42270941.26,38196268.89,389,379,72.61,CTR-093,13,96,1.0632,0.2693,HILLY,2025,55273075.77,154.9
MPLADS-0724,Chandigarh,LOK_SABHA,Other Public Assets,5312217.27,4849268.56,331,377,88.59,CTR-053,5,47,1.3137,0.4801,COASTAL,2023,7919483.56,81.4
MPLADS-0725,West Bengal,RAJYA_SABHA,Community Halls,20152906.85,19110161.84,211,103,39.92,CTR-028,13,48,1.1963,0.0379,PLAIN,2025,26000428.99,50.2
MPLADS-0726,Assam,RAJYA_SABHA,Bridges,30785197.88,29358817.31,147,47,13.02,CTR-134,8,85,1.0106,0.1272,PLAIN,2025,31659738.83,63.0
MPLADS-0727,Manipur,LOK_SABHA,Electrification,46195396.96,42610022.86,174,26,12.52,CTR-054,7,13,0.984,0.3066,HILLY,2025,52538714.11,84.99
MPLADS-0728,Lakshadweep,LOK_SABHA,Other Public Assets,21070728.84,21463169.33,181,16,0.0,CTR-176,7,27,1.1111,0.0907,COASTAL,2025,26928592.84,53.79
MPLADS-0729,Jammu and Kashmir,LOK_SABHA,Sports Infrastructure,20442099.71,16511395.53,512,171,28.78,CTR-031,7,42,1.1033,0.4385,HILLY,2024,23719224.06,100.18
MPLADS-0730,Meghalaya,LOK_SABHA,Education,45155322.31,36428030.69,126,99,72.27,CTR-151,13,0,1.0346,0.7659,HILLY,2023,50572664.13,92.59
MPLADS-0731,Mizoram,RAJYA_SABHA,Drinking Water,35423531.28,32385186.97,112,54,72.67,CTR-016,12,36,1.0634,0.435,HILLY,2025,44653006.82,113.31
MPLADS-0732,Goa,RAJYA_SABHA,Healthcare,35730789.77,32445645.46,457,577,78.2,CTR-085,10,88,0.9602,0.7226,COASTAL,2025,38155614.53,142.89
MPLADS-0733,Delhi,RAJYA_SABHA,Drinking Water,9485852.79,8411175.86,184,213,85.51,CTR-186,7,37,1.2727,0.6935,DESERT,2023,13458366.51,96.3
MPLADS-0734,Gujarat,RAJYA_SABHA,Healthcare,44735786.98,40041425.06,225,292,96.11,CTR-144,6,54,1.2762,0.7076,COASTAL,2024,64012742.6,83.53
MPLADS-0735,Uttar Pradesh,LOK_SABHA,Sanitation,43521952.92,35422387.85,381,224,52.06,CTR-160,12,60,1.3063,0.0936,COASTAL,2023,57064015.6,114.45
MPLADS-0736,Odisha,RAJYA_SABHA,Community Halls,41019278.12,41835867.95,502,85,28.76,CTR-103,12,74,1.2813,0.8122,COASTAL,2025,69253831.51,111.17
MPLADS-0737,Bihar,RAJYA_SABHA,Community Halls,18655013.57,17473187.85,530,258,51.84,CTR-127,1,68,1.1612,0.5205,HILLY,2023,25961033.88,88.5
MPLADS-0738,Jammu and Kashmir,RAJYA_SABHA,Sports Infrastructure,19824990.55,19546404.73,323,11,0.0,CTR-023,2,29,1.2899,0.4068,HILLY,2024,33474570.98,61.92
MPLADS-0739,Uttarakhand,LOK_SABHA,Other Public Assets,28656539.53,23964022.03,214,257,77.83,CTR-119,3,46,1.1183,0.9861,HILLY,2024,34552533.7,106.13
MPLADS-0740,Uttar Pradesh,RAJYA_SABHA,Education,47270996.79,38363625.59,190,128,58.18,CTR-037,13,48,1.3287,0.0352,PLAIN,2024,62977737.13,80.3
MPLADS-0741,Ladakh,LOK_SABHA,Healthcare,12865361.27,12676432.62,169,93,56.09,CTR-095,14,10,1.2171,0.6007,HILLY,2023,20469330.27,105.72
MPLADS-0742,Odisha,LOK_SABHA,Roads,40214553.2,40129567.39,507,456,100.0,CTR-114,7,70,0.978,0.3279,PLAIN,2024,41387553.61,80.27
MPLADS-0743,Mizoram,LOK_SABHA,Sanitation,31415335.41,31262539.33,209,68,26.36,CTR-059,11,25,1.25,0.752,PLAIN,2024,45319566.63,79.16
MPLADS-0744,Karnataka,LOK_SABHA,Bridges,32518677.42,31546115.83,539,405,78.61,CTR-066,5,73,1.212,1.0,HILLY,2023,51288344.74,137.17
MPLADS-0745,Maharashtra,LOK_SABHA,Bridges,4969575.01,5166888.12,305,408,90.68,CTR-013,11,55,1.2517,0.1536,COASTAL,2025,8090767.78,82.84
MPLADS-0746,Karnataka,RAJYA_SABHA,Healthcare,8934342.61,7189692.02,287,157,76.44,CTR-200,15,69,1.2215,0.6205,PLAIN,2024,10603348.81,115.03
MPLADS-0747,Andaman and Nicobar Islands,RAJYA_SABHA,Sanitation,8677271.33,8973196.98,160,37,16.25,CTR-093,13,48,1.3102,0.1884,COASTAL,2023,15239770.23,75.2
MPLADS-0748,Sikkim,LOK_SABHA,Electrification,20238878.91,20418393.48,387,370,92.23,CTR-061,14,51,1.1672,0.9337,HILLY,2025,32779973.09,119.2
MPLADS-0749,Kerala,RAJYA_SABHA,Roads,5499746.06,5193620.86,526,209,55.49,CTR-095,14,80,1.1977,0.4049,HILLY,2024,8305585.49,125.43
MPLADS-0750,Puducherry,RAJYA_SABHA,Community Halls,23325772.75,20294026.15,113,27,12.16,CTR-196,1,0,1.2443,0.0962,PLAIN,2024,28210864.96,22.82
MPLADS-0751,Andaman and Nicobar Islands,RAJYA_SABHA,Drinking Water,44917647.11,45008216.31,405,344,76.5,CTR-106,12,49,1.2455,0.33,COASTAL,2025,70749423.57,83.19
MPLADS-0752,Himachal Pradesh,RAJYA_SABHA,Electrification,11558061.82,9868094.82,351,324,59.77,CTR-132,8,58,1.3206,1.0,HILLY,2024,17714307.26,129.21
MPLADS-0753,Sikkim,LOK_SABHA,Sports Infrastructure,8926428.89,7941449.66,238,52,39.81,CTR-136,4,14,1.2492,0.4428,HILLY,2023,12844954.22,65.11
MPLADS-0754,Mizoram,LOK_SABHA,Education,19983620.05,20385350.69,276,299,100.0,CTR-005,6,27,1.3217,0.8033,PLAIN,2024,31672006.38,68.01
MPLADS-0755,Dadra and Nagar Haveli and Daman and Diu,RAJYA_SABHA,Healthcare,45372382.06,40202345.42,298,231,57.2,CTR-080,10,49,0.996,0.4099,HILLY,2024,49258613.02,106.81
MPLADS-0756,Gujarat,RAJYA_SABHA,Community Halls,3373541.91,3441834.14,191,12,5.53,CTR-041,2,50,1.1598,0.5325,PLAIN,2025,4529849.45,46.99
MPLADS-0757,Arunachal Pradesh,LOK_SABHA,Community Halls,6355806.84,6050812.88,250,132,57.83,CTR-075,10,10,1.3082,0.6139,HILLY,2025,10736356.97,93.82
MPLADS-0758,Delhi,RAJYA_SABHA,Community Halls,9232522.92,9223519.96,279,388,100.0,CTR-037,13,38,1.0999,0.1629,PLAIN,2025,11386932.79,80.97
MPLADS-0759,Rajasthan,LOK_SABHA,Sports Infrastructure,33815946.2,30772682.62,111,133,100.0,CTR-090,13,20,0.9882,0.9461,PLAIN,2024,34979933.73,60.3
MPLADS-0760,Rajasthan,LOK_SABHA,Healthcare,40227446.1,34346779.54,273,226,100.0,CTR-184,11,18,1.1011,0.5993,PLAIN,2024,43172961.08,87.27
MPLADS-0761,Tripura,LOK_SABHA,Other Public Assets,45977649.07,43275932.65,415,511,100.0,CTR-162,10,47,1.0602,0.9519,DESERT,2024,58540659.23,112.89
MPLADS-0762,Lakshadweep,LOK_SABHA,Roads,40150742.97,38394760.21,350,53,21.54,CTR-103,12,48,1.1431,0.6431,COASTAL,2023,54110335.06,85.06
MPLADS-0763,Tamil Nadu,RAJYA_SABHA,Education,21492882.78,18478972.46,475,370,56.09,CTR-053,5,45,1.1943,0.7503,PLAIN,2024,25046209.58,71.69
MPLADS-0764,Karnataka,RAJYA_SABHA,Healthcare,22784404.56,21786779.21,431,473,89.04,CTR-117,0,76,1.3187,0.7204,PLAIN,2024,34750642.13,43.48
MPLADS-0765,Manipur,RAJYA_SABHA,Roads,39341552.25,37418550.64,340,86,7.72,CTR-042,12,48,1.0403,0.7809,PLAIN,2024,45479817.26,130.28
MPLADS-0766,Goa,RAJYA_SABHA,Sanitation,12549883.45,11085078.36,186,230,94.18,CTR-172,1,40,1.016,0.8102,COASTAL,2025,13045297.66,78.46
MPLADS-0767,Andhra Pradesh,LOK_SABHA,Electrification,15442120.81,13338669.05,198,290,100.0,CTR-178,2,52,1.2523,0.9762,PLAIN,2025,19796386.55,79.25
MPLADS-0768,Himachal Pradesh,LOK_SABHA,Electrification,48814823.45,42811747.91,197,0,18.34,CTR-008,11,59,0.99,1.0,HILLY,2024,53269040.14,128.76
MPLADS-0769,Madhya Pradesh,LOK_SABHA,Other Public Assets,46326752.94,48558189.42,215,134,60.14,CTR-001,1,57,1.3353,0.1203,PLAIN,2025,72823061.66,36.62
MPLADS-0770,Telangana,LOK_SABHA,Sanitation,18097635.28,14709461.89,178,210,100.0,CTR-155,6,45,1.0694,1.0,HILLY,2024,20756504.19,103.73
MPLADS-0771,Puducherry,RAJYA_SABHA,Drinking Water,33914460.54,28137477.3,296,203,82.32,CTR-038,13,49,1.1847,0.6949,DESERT,2023,44278007.33,107.91
MPLADS-0772,Manipur,RAJYA_SABHA,Bridges,9864302.63,8854197.66,457,471,87.72,CTR-015,11,50,1.1216,1.0,HILLY,2025,13914667.53,123.13
MPLADS-0773,Lakshadweep,LOK_SABHA,Sports Infrastructure,5108778.79,5079045.85,289,208,76.85,CTR-139,5,49,1.1926,0.3676,COASTAL,2025,7149118.89,64.41
MPLADS-0774,Assam,RAJYA_SABHA,Healthcare,36850953.9,30685184.67,155,204,100.0,CTR-023,2,23,1.1908,0.6289,HILLY,2023,45801403.06,49.44
MPLADS-0775,Nagaland,LOK_SABHA,Other Public Assets,21419197.48,22317668.83,216,292,100.0,CTR-032,3,53,1.1133,1.0,HILLY,2025,32700354.62,76.41
MPLADS-0776,Madhya Pradesh,RAJYA_SABHA,Education,48301435.03,46540287.11,249,336,83.33,CTR-191,10,26,1.1209,0.2883,PLAIN,2025,59713922.79,81.47
MPLADS-0777,Delhi,LOK_SABHA,Sanitation,34285545.78,34074849.26,154,192,89.5,CTR-099,10,26,1.0774,1.0,HILLY,2024,48210667.46,102.37
MPLADS-0778,Meghalaya,RAJYA_SABHA,Drinking Water,32318344.61,33545354.82,196,17,28.56,CTR-075,10,93,0.9849,0.818,HILLY,2024,42869920.0,162.27
MPLADS-0779,Haryana,LOK_SABHA,Sports Infrastructure,16063766.24,12859610.18,136,184,100.0,CTR-177,11,8,1.1118,0.6451,PLAIN,2025,16422410.77,51.17
MPLADS-0780,Nagaland,RAJYA_SABHA,Education,28622309.81,24511026.92,182,116,61.22,CTR-054,7,13,1.0626,0.3246,HILLY,2023,32797319.85,82.94
MPLADS-0781,Meghalaya,LOK_SABHA,Community Halls,15231998.75,14833980.33,128,135,100.0,CTR-099,10,75,0.9804,0.9798,PLAIN,2024,16586875.6,86.48
MPLADS-0782,Jammu and Kashmir,LOK_SABHA,Bridges,10820894.94,11274557.16,245,39,0.0,CTR-127,1,41,1.129,0.6608,PLAIN,2024,14962035.08,38.38
MPLADS-0783,Nagaland,LOK_SABHA,Education,22279408.88,21824808.23,179,61,37.66,CTR-134,8,36,1.3483,0.381,HILLY,2024,39912671.14,99.2
MPLADS-0784,Himachal Pradesh,LOK_SABHA,Other Public Assets,41632314.15,34451906.43,432,196,43.99,CTR-110,11,55,1.3345,0.6911,HILLY,2025,63248003.56,114.36
MPLADS-0785,Goa,RAJYA_SABHA,Other Public Assets,49067427.46,47964272.67,358,227,75.19,CTR-063,5,88,1.0266,0.5954,COASTAL,2024,60289547.49,84.16
MPLADS-0786,Nagaland,LOK_SABHA,Roads,16352430.86,15815987.75,530,386,69.2,CTR-167,5,44,1.2284,1.0,HILLY,2024,26010018.01,85.65
MPLADS-0787,Telangana,RAJYA_SABHA,Education,47494824.56,41629293.54,92,54,65.25,CTR-106,12,39,1.073,0.366,PLAIN,2023,53245793.0,63.05
MPLADS-0788,Telangana,LOK_SABHA,Electrification,1656448.19,1495813.38,105,32,5.7,CTR-170,0,0,1.2709,0.4959,HILLY,2025,2457103.97,59.59
MPLADS-0789,Chhattisgarh,LOK_SABHA,Healthcare,43266478.03,38268641.84,395,118,35.98,CTR-186,7,60,1.1704,0.3658,PLAIN,2023,50442435.07,78.19
MPLADS-0790,Sikkim,LOK_SABHA,Education,19197719.19,17691635.37,358,244,54.65,CTR-129,9,53,1.0483,0.8238,HILLY,2023,24218731.78,101.09
MPLADS-0791,Jammu and Kashmir,RAJYA_SABHA,Other Public Assets,3866735.87,3978092.21,499,556,100.0,CTR-026,10,42,1.1376,0.0471,PLAIN,2024,5116792.5,59.59
MPLADS-0792,Goa,LOK_SABHA,Education,24295349.39,22932169.87,235,198,83.36,CTR-195,15,81,1.2416,0.5679,COASTAL,2025,36062183.96,124.24
MPLADS-0793,Ladakh,LOK_SABHA,Community Halls,33303684.83,32183075.08,441,289,66.54,CTR-115,8,13,1.1234,0.6361,HILLY,2025,47796411.94,76.58
MPLADS-0794,Telangana,LOK_SABHA,Sanitation,42069497.09,38858899.78,154,25,30.01,CTR-020,7,38,1.0559,0.5369,DESERT,2023,50572827.92,63.8
MPLADS-0795,Uttar Pradesh,LOK_SABHA,Drinking Water,31176033.39,25621433.81,323,399,92.86,CTR-058,2,63,1.0618,0.6648,PLAIN,2023,29616150.86,93.75
MPLADS-0796,Mizoram,LOK_SABHA,Sports Infrastructure,46853643.33,45490779.06,151,11,0.0,CTR-096,4,0,1.0737,0.6709,HILLY,2023,64748612.29,63.04
MPLADS-0797,Odisha,LOK_SABHA,Healthcare,21748252.23,19713716.32,452,108,16.46,CTR-049,10,73,1.1155,0.8751,PLAIN,2024,25887585.13,129.85
MPLADS-0798,Maharashtra,RAJYA_SABHA,Bridges,49868272.21,48659243.56,372,331,77.39,CTR-018,2,82,1.0065,0.6969,DESERT,2023,58388882.33,103.14
MPLADS-0799,Jharkhand,RAJYA_SABHA,Other Public Assets,6029515.3,6168102.81,150,113,38.14,CTR-048,14,45,1.1986,0.2401,HILLY,2024,9617229.57,150.13
MPLADS-0800,Telangana,RAJYA_SABHA,Education,38220397.43,33836573.92,228,178,74.2,CTR-109,7,48,0.9649,0.619,HILLY,2024,41487555.18,87.88
MPLADS-0801,Puducherry,LOK_SABHA,Sports Infrastructure,15404332.66,12518296.21,97,51,31.16,CTR-053,5,24,1.1339,0.3515,COASTAL,2023,17234410.04,65.51
MPLADS-0802,Arunachal Pradesh,RAJYA_SABHA,Drinking Water,21127207.89,19979480.29,475,389,62.35,CTR-125,13,50,1.0698,0.3041,PLAIN,2024,24390856.88,94.33
MPLADS-0803,Maharashtra,LOK_SABHA,Other Public Assets,34198620.31,31087546.71,411,85,55.97,CTR-147,0,79,1.0804,0.1247,COASTAL,2024,38363623.97,32.92
MPLADS-0804,Meghalaya,RAJYA_SABHA,Sanitation,24478651.09,21901501.29,440,194,38.29,CTR-035,14,96,0.9918,0.3259,HILLY,2025,28151412.87,153.86
MPLADS-0805,Dadra and Nagar Haveli and Daman and Diu,RAJYA_SABHA,Bridges,17225669.2,14876664.27,305,410,96.03,CTR-027,6,51,1.0938,0.2758,COASTAL,2025,19176560.95,75.74
MPLADS-0806,Maharashtra,LOK_SABHA,Electrification,40640936.71,40883796.87,222,189,100.0,CTR-045,1,44,1.3436,0.5028,COASTAL,2024,67607100.84,58.38
MPLADS-0807,Maharashtra,RAJYA_SABHA,Education,13034572.45,13169608.9,410,106,24.11,CTR-056,0,78,1.1695,0.1153,COASTAL,2025,18157626.86,30.89
MPLADS-0808,Punjab,LOK_SABHA,Community Halls,42664627.45,35860010.16,196,240,100.0,CTR-136,4,39,0.9649,0.5736,PLAIN,2025,37058621.18,65.56
MPLADS-0809,Telangana,LOK_SABHA,Electrification,25233935.83,22346993.59,273,366,96.03,CTR-033,1,46,1.0418,0.6222,PLAIN,2025,25487119.18,56.78
MPLADS-0810,Andaman and Nicobar Islands,LOK_SABHA,Education,3771951.6,3497387.87,242,355,100.0,CTR-019,13,49,1.2385,0.704,COASTAL,2024,5541350.14,83.53
MPLADS-0811,Madhya Pradesh,RAJYA_SABHA,Roads,40595668.41,42434717.85,445,20,0.0,CTR-013,11,59,1.067,0.2243,COASTAL,2023,54048601.14,89.33
MPLADS-0812,Telangana,LOK_SABHA,Healthcare,31461170.17,26024815.07,174,251,93.35,CTR-056,0,14,1.097,0.343,PLAIN,2023,31865844.9,27.43
MPLADS-0813,Kerala,RAJYA_SABHA,Sports Infrastructure,34589362.6,33410012.49,246,2,23.01,CTR-133,1,80,1.0133,0.0199,COASTAL,2024,37848223.74,62.22
MPLADS-0814,Himachal Pradesh,LOK_SABHA,Drinking Water,33658790.0,32319925.09,262,140,35.7,CTR-186,7,64,1.2754,0.6908,HILLY,2024,56499939.84,109.41
MPLADS-0815,Chhattisgarh,RAJYA_SABHA,Roads,33530768.96,27789373.89,299,331,93.3,CTR-048,14,62,1.0975,0.5168,PLAIN,2024,35154127.92,112.41
MPLADS-0816,Chhattisgarh,LOK_SABHA,Sports Infrastructure,39890572.41,41429460.68,117,47,39.13,CTR-158,8,13,1.2684,0.783,HILLY,2024,69384630.58,74.48
MPLADS-0817,Arunachal Pradesh,LOK_SABHA,Other Public Assets,32896686.21,29366474.63,493,315,48.21,CTR-191,10,48,1.1342,0.5457,PLAIN,2023,40047991.21,93.29
MPLADS-0818,Kerala,RAJYA_SABHA,Education,40536044.47,36804283.17,382,525,100.0,CTR-096,4,91,1.1482,0.5903,HILLY,2023,53884928.66,138.97
MPLADS-0819,Tamil Nadu,RAJYA_SABHA,Sports Infrastructure,29336894.19,24223731.34,195,278,100.0,CTR-081,15,35,1.2202,0.6044,COASTAL,2023,36538321.49,107.12
MPLADS-0820,Goa,LOK_SABHA,Healthcare,6787527.73,6593431.63,512,326,68.86,CTR-139,5,88,1.3083,0.6752,COASTAL,2025,11009971.78,93.7
MPLADS-0821,Andhra Pradesh,LOK_SABHA,Sanitation,1882756.76,1856209.93,198,72,39.31,CTR-119,3,50,1.1789,0.7575,HILLY,2024,2917433.6,72.5
MPLADS-0822,Dadra and Nagar Haveli and Daman and Diu,LOK_SABHA,Bridges,2920583.62,2817632.09,182,99,40.64,CTR-013,11,14,1.1771,1.0,DESERT,2024,4276432.3,102.53
MPLADS-0823,Uttarakhand,RAJYA_SABHA,Other Public Assets,27840751.27,27231961.9,321,6,0.0,CTR-139,5,46,1.2796,1.0,DESERT,2023,46932295.94,83.96
MPLADS-0824,Bihar,LOK_SABHA,Drinking Water,8634623.43,7457600.17,266,41,3.88,CTR-077,5,70,1.2681,0.5935,HILLY,2025,12106600.89,118.12
MPLADS-0825,Tamil Nadu,LOK_SABHA,Roads,19920756.12,18791715.22,279,24,5.64,CTR-134,8,52,0.9728,0.67,COASTAL,2024,21843538.93,101.49
MPLADS-0826,Kerala,LOK_SABHA,Education,44837218.86,36840106.34,208,246,98.27,CTR-184,11,85,1.2675,0.9968,PLAIN,2025,56837706.84,75.13
MPLADS-0827,Puducherry,LOK_SABHA,Education,22857854.67,22416200.38,199,138,97.3,CTR-095,14,49,1.0057,0.0014,PLAIN,2025,23727393.71,93.13
MPLADS-0828,Puducherry,RAJYA_SABHA,Other Public Assets,8088262.78,8281585.75,459,70,0.0,CTR-024,14,53,1.2904,0.0846,PLAIN,2023,12316838.98,94.67
MPLADS-0829,Tamil Nadu,LOK_SABHA,Other Public Assets,43751118.44,44042406.27,457,672,100.0,CTR-084,13,47,1.0193,0.9155,PLAIN,2023,53136236.02,116.76
MPLADS-0830,Tripura,LOK_SABHA,Healthcare,48456813.42,49574068.08,271,35,43.25,CTR-129,9,51,1.28,0.2049,PLAIN,2025,74819958.15,62.21
MPLADS-0831,Sikkim,RAJYA_SABHA,Community Halls,33451120.31,32482908.1,451,183,41.62,CTR-036,1,50,1.0004,0.3917,HILLY,2024,41723953.39,70.4
MPLADS-0832,Nagaland,LOK_SABHA,Education,31367627.57,31611394.81,318,10,0.0,CTR-185,7,48,0.9682,0.9988,HILLY,2025,41339045.25,122.58
MPLADS-0833,Ladakh,LOK_SABHA,Community Halls,48218280.07,40348895.88,394,85,0.0,CTR-086,11,14,1.3479,0.2948,HILLY,2025,71359764.69,79.07
MPLADS-0834,Goa,LOK_SABHA,Education,46308857.36,41716590.37,408,275,93.34,CTR-158,8,90,1.0685,0.5258,HILLY,2025,58372233.48,115.57
MPLADS-0835,Odisha,LOK_SABHA,Drinking Water,41362312.78,35294053.85,90,108,51.14,CTR-123,10,80,1.0646,0.5154,PLAIN,2025,43306419.2,93.61
MPLADS-0836,Bihar,LOK_SABHA,Bridges,48422218.34,42140372.43,198,193,78.23,CTR-155,6,15,1.1514,0.8737,PLAIN,2025,56060591.84,64.13
MPLADS-0837,Punjab,LOK_SABHA,Bridges,2624470.29,2732017.65,360,422,86.53,CTR-105,12,47,1.0822,0.7041,COASTAL,2024,3651804.86,120.7
MPLADS-0838,Dadra and Nagar Haveli and Daman and Diu,RAJYA_SABHA,Education,29808618.92,25191198.33,491,644,100.0,CTR-021,8,51,1.0987,0.4369,HILLY,2023,37050598.64,116.55
MPLADS-0839,Andhra Pradesh,LOK_SABHA,Community Halls,29390004.82,29361952.61,94,90,100.0,CTR-011,8,0,1.2371,0.9003,DESERT,2025,47697533.51,81.43
MPLADS-0840,Odisha,LOK_SABHA,Healthcare,30547480.38,30118657.14,506,654,100.0,CTR-152,4,73,1.1695,0.3265,PLAIN,2024,40143051.29,49.8
MPLADS-0841,Delhi,LOK_SABHA,Healthcare,12619311.52,11336623.99,95,129,98.35,CTR-054,7,0,1.2116,0.153,COASTAL,2024,16075722.32,34.68
MPLADS-0842,Manipur,RAJYA_SABHA,Bridges,10417800.4,9649396.74,395,188,28.47,CTR-190,4,47,1.055,0.9136,HILLY,2025,13188340.63,128.04
MPLADS-0843,Madhya Pradesh,RAJYA_SABHA,Electrification,3955840.29,3868322.5,136,106,85.59,CTR-014,12,0,1.0424,0.8057,HILLY,2024,5468966.88,97.0
MPLADS-0844,Gujarat,RAJYA_SABHA,Healthcare,49724142.08,42297421.32,178,186,87.72,CTR-013,11,49,1.0774,0.1186,COASTAL,2025,52038583.85,94.18
MPLADS-0845,Maharashtra,LOK_SABHA,Bridges,32787928.13,27254801.64,299,279,84.31,CTR-096,4,76,1.3402,0.2056,HILLY,2024,47237516.37,83.71
MPLADS-0846,Puducherry,LOK_SABHA,Sports Infrastructure,1011754.0,1048249.13,98,63,71.08,CTR-052,3,21,1.1073,0.7203,DESERT,2023,1460473.24,58.88
MPLADS-0847,Telangana,RAJYA_SABHA,Other Public Assets,45478252.37,42147487.25,262,350,100.0,CTR-024,14,49,1.3415,0.1041,PLAIN,2023,67136109.5,95.31
MPLADS-0848,Karnataka,LOK_SABHA,Healthcare,1830643.35,1844073.06,171,236,99.69,CTR-096,4,35,1.1001,0.229,PLAIN,2025,2225973.27,31.86
MPLADS-0849,Dadra and Nagar Haveli and Daman and Diu,LOK_SABHA,Roads,6988059.02,6662585.18,384,576,100.0,CTR-159,8,51,1.032,0.1158,PLAIN,2024,7503628.27,53.77
MPLADS-0850,Kerala,LOK_SABHA,Drinking Water,21350431.09,20978277.61,462,642,100.0,CTR-142,3,96,1.2712,0.1503,COASTAL,2024,32564919.5,96.06
MPLADS-0851,Nagaland,LOK_SABHA,Healthcare,45170295.15,36185133.74,310,393,86.07,CTR-096,4,50,1.0652,0.6123,PLAIN,2024,44769670.3,84.06
MPLADS-0852,Rajasthan,LOK_SABHA,Roads,6083844.93,6055302.1,276,19,13.94,CTR-029,8,24,1.3056,1.0,DESERT,2024,10380064.27,82.21
MPLADS-0853,Telangana,LOK_SABHA,Healthcare,21668550.88,18124841.16,235,309,100.0,CTR-147,0,52,1.0887,0.2886,COASTAL,2024,23290185.23,32.56
MPLADS-0854,Rajasthan,RAJYA_SABHA,Education,33210288.7,27374079.06,539,654,99.96,CTR-194,5,33,1.0952,0.9813,DESERT,2024,38108707.47,89.19
MPLADS-0855,Tripura,RAJYA_SABHA,Sports Infrastructure,30528056.7,27490178.64,538,57,5.38,CTR-042,12,47,1.1747,0.9497,HILLY,2024,42063799.2,124.78
MPLADS-0856,Jharkhand,RAJYA_SABHA,Other Public Assets,23033402.65,23971487.62,111,18,32.66,CTR-124,7,49,1.2643,0.0913,PLAIN,2023,34353871.27,47.88
MPLADS-0857,Telangana,LOK_SABHA,Community Halls,23418826.03,21658088.03,447,417,100.0,CTR-140,6,52,1.0963,0.6766,PLAIN,2025,26887759.87,62.78
MPLADS-0858,Tripura,LOK_SABHA,Sanitation,9336871.38,8179869.11,372,194,41.58,CTR-039,4,46,1.0951,0.6002,HILLY,2025,11636504.89,91.21
MPLADS-0859,Uttar Pradesh,RAJYA_SABHA,Roads,30851195.13,27546118.24,441,165,59.31,CTR-149,13,59,1.2681,0.5888,COASTAL,2024,44248786.14,109.99
MPLADS-0860,Andhra Pradesh,LOK_SABHA,Other Public Assets,49889414.59,50588506.92,464,48,27.89,CTR-021,8,63,1.3143,0.3412,PLAIN,2023,79693956.35,64.47
MPLADS-0861,Kerala,LOK_SABHA,Sanitation,42180028.45,35080694.91,148,156,85.79,CTR-082,6,0,1.1644,0.252,PLAIN,2024,43889390.54,44.5
MPLADS-0862,Assam,LOK_SABHA,Education,34039034.14,35492791.53,127,135,100.0,CTR-168,2,0,1.3333,0.7917,PLAIN,2025,55402902.31,37.76
MPLADS-0863,Telangana,LOK_SABHA,Sanitation,37559603.15,38959818.15,204,154,73.94,CTR-141,15,34,1.123,0.9982,DESERT,2025,57755080.74,100.73
MPLADS-0864,Chandigarh,LOK_SABHA,Community Halls,17992320.24,15295850.6,356,72,0.0,CTR-063,5,47,1.2158,0.5885,PLAIN,2023,22059038.82,74.46
MPLADS-0865,Gujarat,LOK_SABHA,Community Halls,21368980.65,19376154.67,177,237,83.8,CTR-016,12,47,0.9523,0.0195,COASTAL,2025,21689037.34,90.47
MPLADS-0866,Chandigarh,LOK_SABHA,Bridges,10430065.1,8389708.16,117,144,96.94,CTR-102,3,38,1.3313,0.6753,HILLY,2025,14603758.36,77.88
MPLADS-0867,Dadra and Nagar Haveli and Daman and Diu,LOK_SABHA,Education,35170449.44,30807341.04,138,56,21.13,CTR-064,15,28,1.1332,0.6014,HILLY,2023,45676035.45,151.01
MPLADS-0868,Puducherry,LOK_SABHA,Drinking Water,8747329.69,8933866.44,458,312,66.43,CTR-104,0,49,1.0867,0.9462,PLAIN,2025,10909996.27,37.61
MPLADS-0869,Arunachal Pradesh,LOK_SABHA,Roads,21445050.13,17882975.08,304,150,42.73,CTR-128,12,37,1.1195,0.8516,HILLY,2025,27606209.58,100.8
MPLADS-0870,Mizoram,LOK_SABHA,Healthcare,48733947.5,44985646.73,405,134,29.97,CTR-145,15,49,1.0698,0.3399,HILLY,2024,62230418.95,133.21
MPLADS-0871,Maharashtra,RAJYA_SABHA,Community Halls,8967752.45,9415078.64,140,36,34.25,CTR-024,14,45,1.3007,0.6757,HILLY,2025,16869749.83,138.23
MPLADS-0872,Andaman and Nicobar Islands,RAJYA_SABHA,Healthcare,42512236.92,39817446.56,264,355,62.66,CTR-019,13,48,1.1578,0.3388,HILLY,2024,60720417.42,132.43
MPLADS-0873,Gujarat,LOK_SABHA,Roads,37617386.31,33517183.18,158,218,100.0,CTR-097,3,24,1.2054,0.2291,COASTAL,2024,46457387.87,28.84
MPLADS-0874,Delhi,RAJYA_SABHA,Bridges,27215838.35,27986980.16,523,469,98.53,CTR-001,1,43,1.0857,0.6039,COASTAL,2023,37125547.59,73.18
MPLADS-0875,Sikkim,LOK_SABHA,Drinking Water,19317392.25,17768833.11,308,371,100.0,CTR-130,10,49,1.0357,0.3748,HILLY,2023,23227482.34,113.12
MPLADS-0876,Ladakh,RAJYA_SABHA,Drinking Water,780868.36,747410.13,424,415,98.73,CTR-116,9,15,1.1374,0.6175,HILLY,2025,1110589.9,78.62
MPLADS-0877,West Bengal,LOK_SABHA,Other Public Assets,19675253.99,20250293.47,120,114,97.23,CTR-039,4,68,1.1477,0.3146,DESERT,2024,28283501.16,75.52
MPLADS-0878,Rajasthan,RAJYA_SABHA,Education,27028291.03,23244420.09,421,556,92.28,CTR-152,4,33,1.2182,1.0,DESERT,2024,36441054.77,96.35
MPLADS-0879,Ladakh,RAJYA_SABHA,Drinking Water,15839052.49,12873137.33,187,227,86.29,CTR-154,4,15,1.3406,1.0,DESERT,2024,22846201.73,96.06
MPLADS-0880,Uttar Pradesh,LOK_SABHA,Healthcare,43224187.89,34604707.75,468,146,22.5,CTR-011,8,57,1.2934,0.3148,PLAIN,2025,52807363.63,96.07
MPLADS-0881,Odisha,LOK_SABHA,Other Public Assets,38278321.81,38884380.95,112,77,63.48,CTR-159,8,0,1.1894,0.9186,PLAIN,2023,53868788.59,84.47
MPLADS-0882,Lakshadweep,RAJYA_SABHA,Sports Infrastructure,9207606.14,8651080.2,147,147,100.0,CTR-138,0,0,1.0417,0.9114,COASTAL,2024,10721731.49,42.11
MPLADS-0883,Ladakh,RAJYA_SABHA,Roads,44993501.52,37354881.34,308,45,20.92,CTR-043,11,10,1.3461,0.2193,HILLY,2024,64271199.57,67.95
MPLADS-0884,Haryana,LOK_SABHA,Bridges,36716068.85,36045254.2,205,54,23.62,CTR-171,1,9,1.236,0.9581,COASTAL,2024,53015001.88,50.93
MPLADS-0885,Jammu and Kashmir,RAJYA_SABHA,Education,48047723.54,46690348.52,125,180,95.71,CTR-058,2,20,1.0985,0.9543,HILLY,2024,66223418.09,59.05
MPLADS-0886,Bihar,RAJYA_SABHA,Community Halls,32700549.6,27446011.62,231,132,71.59,CTR-200,15,32,1.1885,0.8337,PLAIN,2024,40644572.33,101.81
MPLADS-0887,Punjab,LOK_SABHA,Education,34755684.2,30569070.34,134,102,100.0,CTR-151,13,31,1.3418,0.5371,PLAIN,2025,49052593.3,59.96
MPLADS-0888,Maharashtra,RAJYA_SABHA,Healthcare,31900766.56,29478719.08,173,248,100.0,CTR-109,7,0,1.0616,1.0,HILLY,2024,40001282.34,99.48
MPLADS-0889,Telangana,LOK_SABHA,Healthcare,36260952.15,37819488.68,249,149,50.99,CTR-026,10,14,1.2594,0.2836,PLAIN,2025,55566509.89,67.66
MPLADS-0890,Madhya Pradesh,RAJYA_SABHA,Bridges,2032595.42,1645732.34,436,292,83.05,CTR-008,11,55,1.2046,0.3398,DESERT,2024,2586177.67,118.91
MPLADS-0891,Odisha,LOK_SABHA,Education,2515700.82,2054078.06,525,660,81.93,CTR-093,13,65,1.0921,0.8354,PLAIN,2024,2689127.03,75.62
MPLADS-0892,Sikkim,RAJYA_SABHA,Education,8618682.13,7716196.63,318,112,20.15,CTR-169,5,37,1.268,0.2516,HILLY,2025,12150330.12,72.02
MPLADS-0893,Tripura,LOK_SABHA,Bridges,32243159.97,28613020.6,486,20,17.31,CTR-174,11,49,1.2317,0.7595,HILLY,2025,47927546.41,84.9
MPLADS-0894,Delhi,LOK_SABHA,Electrification,15728504.1,15486362.29,347,360,100.0,CTR-146,13,39,1.1249,0.1637,PLAIN,2024,19574693.01,93.24
MPLADS-0895,Meghalaya,LOK_SABHA,Education,13560898.84,11191830.46,274,136,33.82,CTR-109,7,98,0.9607,1.0,HILLY,2023,13294524.54,140.7
MPLADS-0896,Kerala,LOK_SABHA,Education,36731602.42,30571264.08,203,62,30.66,CTR-073,7,24,1.1936,0.2721,COASTAL,2023,43593143.08,36.47
MPLADS-0897,Uttar Pradesh,RAJYA_SABHA,Roads,17839132.76,14300657.7,111,147,91.61,CTR-069,1,0,1.124,0.3542,PLAIN,2025,17341373.43,7.42
MPLADS-0898,Lakshadweep,LOK_SABHA,Bridges,24015107.67,21046433.31,147,153,100.0,CTR-076,7,49,1.2434,0.2693,COASTAL,2024,32187136.69,61.32
MPLADS-0899,Gujarat,LOK_SABHA,Community Halls,1500894.5,1290936.71,456,79,0.0,CTR-074,2,47,1.1009,0.9897,PLAIN,2023,1642259.08,73.43
MPLADS-0900,Tamil Nadu,LOK_SABHA,Drinking Water,23071563.26,23810838.67,304,412,96.57,CTR-024,14,48,1.3304,0.3073,COASTAL,2025,41324126.63,92.9
MPLADS-0901,Andaman and Nicobar Islands,RAJYA_SABHA,Healthcare,45219357.2,41159805.32,482,539,90.08,CTR-010,1,46,1.1316,0.1019,COASTAL,2024,56601260.94,56.61
MPLADS-0902,Haryana,LOK_SABHA,Community Halls,5570577.48,5733987.87,215,9,0.0,CTR-073,7,40,1.1578,0.7096,HILLY,2025,8745213.77,91.53
MPLADS-0903,Karnataka,RAJYA_SABHA,Sanitation,49854362.54,42543428.35,536,80,3.65,CTR-108,10,69,1.0876,0.1371,PLAIN,2023,52042143.43,115.56
MPLADS-0904,Nagaland,RAJYA_SABHA,Healthcare,19595803.59,17152322.16,124,87,76.11,CTR-023,2,47,1.1268,0.9637,HILLY,2024,25776479.56,87.99
MPLADS-0905,Uttar Pradesh,LOK_SABHA,Bridges,22778117.27,22107085.51,533,637,100.0,CTR-002,12,55,1.3082,0.2116,HILLY,2024,38168863.4,100.28
MPLADS-0906,Jharkhand,LOK_SABHA,Community Halls,6325781.77,6113396.07,103,103,99.5,CTR-056,0,34,1.1794,0.7085,HILLY,2025,9477688.0,55.18
MPLADS-0907,Odisha,LOK_SABHA,Sports Infrastructure,46224152.79,38466214.82,186,152,78.7,CTR-066,5,52,1.3364,0.9091,PLAIN,2023,63658720.75,74.01
MPLADS-0908,Uttar Pradesh,LOK_SABHA,Sports Infrastructure,37271637.49,34855099.83,116,143,96.38,CTR-160,12,0,1.2741,0.5238,HILLY,2025,59765214.75,80.92
MPLADS-0909,Uttar Pradesh,LOK_SABHA,Electrification,37854070.21,34171379.54,417,458,100.0,CTR-049,10,59,1.2744,0.4875,PLAIN,2024,51996635.19,85.81
MPLADS-0910,Karnataka,LOK_SABHA,Sports Infrastructure,11622301.7,11540353.89,171,59,61.03,CTR-046,15,65,0.952,0.5271,DESERT,2024,13367852.77,100.8
MPLADS-0911,Goa,LOK_SABHA,Healthcare,13449348.97,11325694.47,451,450,100.0,CTR-102,3,96,1.1837,0.686,COASTAL,2025,16353969.57,98.42
MPLADS-0912,Lakshadweep,RAJYA_SABHA,Community Halls,1256538.71,1189726.46,399,237,81.63,CTR-094,6,47,1.2448,0.7114,COASTAL,2025,1853072.61,108.23
MPLADS-0913,West Bengal,LOK_SABHA,Other Public Assets,15049893.25,14328375.87,253,148,32.33,CTR-167,5,30,1.2171,0.7826,PLAIN,2025,20046954.18,93.54
MPLADS-0914,Gujarat,LOK_SABHA,Healthcare,27163583.11,26250115.49,429,232,54.22,CTR-174,11,53,1.216,0.2798,COASTAL,2023,39135034.42,80.37
MPLADS-0915,Delhi,RAJYA_SABHA,Sports Infrastructure,25762515.3,26430202.82,395,137,20.81,CTR-019,13,36,1.2171,0.6716,HILLY,2023,43820804.69,116.11
MPLADS-0916,Madhya Pradesh,RAJYA_SABHA,Community Halls,5635388.37,5112412.95,144,118,97.51,CTR-081,15,0,1.2695,0.6937,DESERT,2024,8548635.63,94.22
MPLADS-0917,Punjab,LOK_SABHA,Sanitation,39772768.24,40019022.59,429,541,100.0,CTR-062,11,45,1.3089,0.1104,PLAIN,2025,61821729.43,77.91
MPLADS-0918,Gujarat,LOK_SABHA,Healthcare,22578055.73,23411051.03,477,315,56.4,CTR-039,4,46,1.2886,0.9199,COASTAL,2023,37704052.91,74.64
MPLADS-0919,Himachal Pradesh,LOK_SABHA,Education,15369206.39,13935380.28,97,76,89.24,CTR-015,11,0,1.2228,0.8703,PLAIN,2025,19872823.52,54.79
MPLADS-0920,Lakshadweep,LOK_SABHA,Sanitation,29247569.34,30386112.13,340,90,34.76,CTR-169,5,48,1.2923,0.4907,COASTAL,2024,47720460.6,80.07
MPLADS-0921,Chandigarh,RAJYA_SABHA,Healthcare,3444611.72,2883965.18,519,276,55.61,CTR-003,10,51,1.2526,0.757,PLAIN,2023,4376776.97,84.11
MPLADS-0922,Goa,RAJYA_SABHA,Sports Infrastructure,42100404.96,39194076.71,510,148,39.75,CTR-164,6,88,1.2667,1.0,HILLY,2024,67761871.47,94.56
MPLADS-0923,Andaman and Nicobar Islands,RAJYA_SABHA,Community Halls,6578295.59,5759050.45,263,175,79.88,CTR-003,10,24,1.0685,0.4629,COASTAL,2024,7309058.77,74.42
MPLADS-0924,Chandigarh,RAJYA_SABHA,Education,46361338.79,47002935.17,212,248,99.62,CTR-052,3,46,0.9522,0.9215,HILLY,2023,58174446.95,62.32
MPLADS-0925,Uttarakhand,LOK_SABHA,Drinking Water,29554548.66,26228072.92,509,546,71.19,CTR-125,13,66,1.2662,0.3147,HILLY,2024,44605831.86,145.1
MPLADS-0926,Madhya Pradesh,LOK_SABHA,Bridges,20213073.23,20326438.02,416,31,21.93,CTR-074,2,54,1.2677,0.7606,PLAIN,2025,30105329.81,49.47
MPLADS-0927,Andaman and Nicobar Islands,RAJYA_SABHA,Roads,10174079.96,10507932.43,110,100,90.69,CTR-028,13,40,1.2509,0.9736,HILLY,2023,18266020.68,124.12
MPLADS-0928,Andaman and Nicobar Islands,LOK_SABHA,Sanitation,41519743.6,40297052.5,352,112,35.93,CTR-081,15,50,1.2207,0.782,COASTAL,2024,61873634.39,101.18
MPLADS-0929,Arunachal Pradesh,LOK_SABHA,Bridges,38061525.54,35655976.7,452,358,92.82,CTR-171,1,44,1.0274,0.3493,HILLY,2025,44721366.37,50.63
MPLADS-0930,Bihar,RAJYA_SABHA,Roads,17501077.11,16216298.69,486,98,12.37,CTR-088,4,74,1.1399,0.4571,PLAIN,2023,21028610.96,80.08
MPLADS-0931,Bihar,RAJYA_SABHA,Community Halls,1437536.58,1394654.13,494,69,21.73,CTR-098,10,68,1.0701,0.3816,DESERT,2024,1920299.63,104.5
MPLADS-0932,Rajasthan,LOK_SABHA,Community Halls,41660452.01,40236423.12,267,304,89.98,CTR-069,1,10,1.2114,0.2523,PLAIN,2023,55487330.22,13.6
MPLADS-0933,Chhattisgarh,LOK_SABHA,Drinking Water,14530675.9,12818251.49,469,402,99.16,CTR-155,6,58,1.1809,0.3321,COASTAL,2024,18712841.38,80.35
MPLADS-0934,Himachal Pradesh,RAJYA_SABHA,Healthcare,44474046.17,41268393.53,529,392,63.81,CTR-009,3,56,1.2433,0.2729,HILLY,2025,67729132.1,93.79
MPLADS-0935,Manipur,LOK_SABHA,Healthcare,22234045.38,22489587.33,410,337,73.39,CTR-100,2,47,0.9624,0.4724,HILLY,2024,26521891.3,86.3
MPLADS-0936,Meghalaya,LOK_SABHA,Sports Infrastructure,6456943.24,5749946.93,158,151,53.65,CTR-100,2,45,1.0688,0.8695,HILLY,2023,7772474.44,106.59
MPLADS-0937,Bihar,LOK_SABHA,Electrification,35000786.32,31598720.2,367,463,100.0,CTR-080,10,74,0.9707,0.698,PLAIN,2024,33590006.17,114.99
MPLADS-0938,Jharkhand,RAJYA_SABHA,Sports Infrastructure,18485925.71,18555486.82,382,75,17.15,CTR-197,5,67,1.1495,0.5319,PLAIN,2023,24734226.46,66.62
MPLADS-0939,Bihar,RAJYA_SABHA,Drinking Water,36176886.36,31348018.54,399,185,43.7,CTR-063,5,69,1.1876,0.5642,PLAIN,2025,43725383.97,81.26
MPLADS-0940,West Bengal,LOK_SABHA,Sports Infrastructure,20432302.15,20608497.96,319,450,100.0,CTR-134,8,73,1.1624,0.5014,DESERT,2024,30181130.83,96.91
MPLADS-0941,Odisha,RAJYA_SABHA,Other Public Assets,25229239.3,23481633.85,113,154,100.0,CTR-154,4,22,1.0815,0.2323,PLAIN,2025,27852986.65,26.34
MPLADS-0942,Mizoram,RAJYA_SABHA,Healthcare,38283900.09,36070722.27,465,618,80.57,CTR-039,4,49,1.2349,1.0,HILLY,2025,58765164.47,95.17
MPLADS-0943,Jammu and Kashmir,LOK_SABHA,Bridges,28571105.98,25646158.67,347,104,30.37,CTR-101,13,40,1.1766,0.8492,HILLY,2024,41140941.0,138.72
MPLADS-0944,Dadra and Nagar Haveli and Daman and Diu,LOK_SABHA,Roads,11748107.31,9940212.29,356,4,5.19,CTR-122,10,49,1.2513,0.2896,PLAIN,2025,14115522.16,86.63
MPLADS-0945,Haryana,RAJYA_SABHA,Roads,8350076.2,7263656.69,422,166,35.34,CTR-037,13,43,1.3185,0.98,PLAIN,2023,12160738.12,101.22
MPLADS-0946,Telangana,RAJYA_SABHA,Electrification,8106035.77,7509415.88,485,115,47.47,CTR-131,9,48,1.3354,0.2059,HILLY,2024,13321127.67,76.37
MPLADS-0947,Chhattisgarh,LOK_SABHA,Bridges,39797673.18,41185882.48,150,193,100.0,CTR-078,3,29,1.2963,0.8475,HILLY,2023,70271030.62,102.83
MPLADS-0948,Telangana,RAJYA_SABHA,Roads,954531.04,818460.73,395,24,0.0,CTR-046,15,52,0.9871,0.8663,PLAIN,2025,958234.39,137.86
MPLADS-0949,Mizoram,RAJYA_SABHA,Bridges,19751594.37,20474112.73,367,351,100.0,CTR-120,1,49,1.3075,0.8598,HILLY,2024,35729178.82,54.89
MPLADS-0950,Gujarat,LOK_SABHA,Drinking Water,4905683.98,4969531.0,229,146,68.58,CTR-013,11,25,1.168,0.8495,COASTAL,2024,7027833.73,101.61
MPLADS-0951,Manipur,RAJYA_SABHA,Education,17174794.02,17418110.85,250,325,100.0,CTR-163,6,26,0.9887,1.0,HILLY,2024,22344002.13,100.83
MPLADS-0952,Jharkhand,RAJYA_SABHA,Roads,30922063.43,26429361.99,250,80,28.38,CTR-181,15,61,1.0553,0.454,HILLY,2024,37541431.84,142.93
MPLADS-0953,Tamil Nadu,RAJYA_SABHA,Community Halls,35564424.76,31127867.8,96,13,0.0,CTR-021,8,45,1.3366,0.6812,PLAIN,2025,51682766.46,88.62
MPLADS-0954,Karnataka,RAJYA_SABHA,Electrification,23992235.45,23925351.44,512,62,0.0,CTR-040,10,78,1.0059,1.0,HILLY,2023,32687470.25,156.67
MPLADS-0955,Kerala,RAJYA_SABHA,Roads,45863773.96,37525350.16,390,341,100.0,CTR-022,5,90,1.2112,0.3331,PLAIN,2025,51254680.87,77.53
MPLADS-0956,Telangana,RAJYA_SABHA,Sanitation,48301249.63,38968456.43,289,210,90.39,CTR-069,1,24,1.1989,0.6753,PLAIN,2023,53050471.02,37.78
MPLADS-0957,Madhya Pradesh,LOK_SABHA,Bridges,2208396.13,2161020.39,180,199,88.97,CTR-025,12,57,0.9832,0.7404,PLAIN,2024,2374421.21,83.58
MPLADS-0958,Ladakh,RAJYA_SABHA,Electrification,39252403.95,31468684.51,196,138,39.56,CTR-061,14,7,1.3327,1.0,HILLY,2023,59484166.96,131.56
MPLADS-0959,Haryana,LOK_SABHA,Bridges,11197286.62,10092045.71,494,147,24.44,CTR-100,2,36,1.1296,0.0381,PLAIN,2024,12950187.34,37.11
MPLADS-0960,Rajasthan,LOK_SABHA,Education,49202206.06,51612502.39,276,233,90.24,CTR-141,15,28,1.026,0.3523,DESERT,2024,64868813.68,84.38
MPLADS-0961,Gujarat,LOK_SABHA,Drinking Water,35910594.95,36107709.24,237,36,15.71,CTR-010,1,38,1.2625,0.7292,COASTAL,2024,58462784.8,74.78
MPLADS-0962,Himachal Pradesh,LOK_SABHA,Electrification,22598787.22,19449037.01,159,36,15.54,CTR-136,4,17,1.0758,0.6292,HILLY,2024,26651685.05,71.96
MPLADS-0963,Telangana,RAJYA_SABHA,Sports Infrastructure,6100704.79,5552780.06,416,554,100.0,CTR-180,8,47,1.2426,0.0421,PLAIN,2024,7902765.11,57.19
MPLADS-0964,Tripura,LOK_SABHA,Sports Infrastructure,8524098.35,8708401.61,303,259,71.9,CTR-193,9,45,1.1277,0.8395,HILLY,2024,12898925.42,118.86
MPLADS-0965,Dadra and Nagar Haveli and Daman and Diu,LOK_SABHA,Roads,34592114.52,33180352.08,337,32,14.89,CTR-021,8,52,1.0917,0.207,HILLY,2023,43956833.38,73.85
MPLADS-0966,Haryana,LOK_SABHA,Other Public Assets,16236183.08,14552260.29,277,98,69.34,CTR-160,12,17,1.2444,0.6166,PLAIN,2025,21060750.88,87.88
MPLADS-0967,Andaman and Nicobar Islands,LOK_SABHA,Other Public Assets,40146980.16,33331617.51,411,127,7.73,CTR-013,11,49,0.9627,0.7387,COASTAL,2024,40529302.28,118.25
MPLADS-0968,Arunachal Pradesh,LOK_SABHA,Bridges,28681893.45,29099637.92,437,278,58.87,CTR-086,11,46,0.9787,0.7121,HILLY,2024,37037879.12,80.94
MPLADS-0969,Ladakh,RAJYA_SABHA,Sanitation,13538669.48,11102383.21,317,166,57.02,CTR-166,13,14,1.3244,0.278,HILLY,2024,18991158.14,98.55
MPLADS-0970,Jharkhand,LOK_SABHA,Community Halls,3916963.98,3822356.97,372,86,30.01,CTR-125,13,67,0.9853,0.9009,HILLY,2025,4834719.29,138.72
MPLADS-0971,Odisha,LOK_SABHA,Sanitation,29349892.14,30660566.35,237,66,30.13,CTR-055,7,37,1.272,0.7593,COASTAL,2024,49610570.93,68.21
MPLADS-0972,Bihar,LOK_SABHA,Other Public Assets,42574719.04,40817108.6,225,242,80.47,CTR-128,12,37,1.2897,0.3834,DESERT,2024,69203952.94,108.88
MPLADS-0973,Jharkhand,RAJYA_SABHA,Community Halls,24752844.26,25145066.91,230,74,26.84,CTR-089,12,50,1.046,0.3019,DESERT,2025,33900280.65,103.37
MPLADS-0974,Uttarakhand,LOK_SABHA,Healthcare,5327333.55,4673439.72,432,420,87.85,CTR-035,14,68,1.2344,1.0,HILLY,2024,8035414.06,122.44
MPLADS-0975,Uttar Pradesh,LOK_SABHA,Other Public Assets,31130330.76,26530129.59,497,716,100.0,CTR-033,1,57,1.2779,0.0362,PLAIN,2025,37812570.93,35.65
MPLADS-0976,Nagaland,LOK_SABHA,Community Halls,28081275.01,26898530.82,520,756,64.19,CTR-050,12,48,1.1244,0.298,HILLY,2024,38601983.51,128.96
MPLADS-0977,Chhattisgarh,RAJYA_SABHA,Roads,17108237.09,17548082.89,531,658,100.0,CTR-024,14,62,1.0349,0.2311,HILLY,2023,23927746.76,121.46
MPLADS-0978,Odisha,RAJYA_SABHA,Sports Infrastructure,11456339.64,11746525.15,453,570,100.0,CTR-045,1,71,1.234,0.3362,PLAIN,2025,16214206.41,59.36
MPLADS-0979,Meghalaya,LOK_SABHA,Bridges,27018514.03,21959362.94,520,520,100.0,CTR-115,8,102,1.0065,0.9408,HILLY,2024,29069303.9,128.08
MPLADS-0980,Haryana,LOK_SABHA,Bridges,18456714.31,17089942.97,190,6,0.0,CTR-164,6,40,1.2919,0.2412,PLAIN,2025,25418644.91,48.69
MPLADS-0981,Tripura,LOK_SABHA,Education,13845130.58,13575285.52,362,251,63.56,CTR-175,11,46,1.3333,0.1075,PLAIN,2025,22037501.53,81.89
MPLADS-0982,Gujarat,LOK_SABHA,Education,42302459.09,34239455.52,362,488,100.0,CTR-023,2,48,0.9583,0.6519,DESERT,2023,39498629.52,55.72
MPLADS-0983,Tamil Nadu,RAJYA_SABHA,Sanitation,2581349.18,2107976.42,244,263,100.0,CTR-032,3,11,1.344,0.5584,PLAIN,2024,3375892.76,39.72
MPLADS-0984,Maharashtra,LOK_SABHA,Drinking Water,42427221.18,37015327.54,516,91,26.55,CTR-053,5,86,1.1764,0.4755,PLAIN,2023,49372283.45,77.83
MPLADS-0985,Dadra and Nagar Haveli and Daman and Diu,RAJYA_SABHA,Drinking Water,3641511.54,3292510.59,251,56,41.68,CTR-097,3,54,1.0456,0.5673,PLAIN,2024,3801503.67,49.41
MPLADS-0986,West Bengal,LOK_SABHA,Bridges,29485151.83,27252739.18,527,213,38.93,CTR-167,5,71,1.1417,0.0483,PLAIN,2023,35291340.19,62.09
MPLADS-0987,Goa,LOK_SABHA,Electrification,43440992.28,38773599.38,270,22,13.57,CTR-004,7,44,0.9641,0.1772,COASTAL,2024,42760797.98,62.94
MPLADS-0988,Uttarakhand,RAJYA_SABHA,Community Halls,15425161.25,15210447.47,248,52,17.93,CTR-052,3,65,1.1437,0.5399,HILLY,2025,22553506.99,94.96
MPLADS-0989,Assam,LOK_SABHA,Roads,7467181.34,7675965.96,97,126,82.49,CTR-192,10,0,1.3375,0.7693,HILLY,2024,14208860.24,104.21
MPLADS-0990,Chhattisgarh,LOK_SABHA,Bridges,41359333.55,42839651.92,361,21,2.78,CTR-158,8,67,1.2677,0.4966,DESERT,2025,68818066.44,82.71
MPLADS-0991,Delhi,LOK_SABHA,Sports Infrastructure,26536152.65,26592247.21,412,101,18.58,CTR-161,15,38,0.9751,0.6241,DESERT,2025,32951164.2,116.85
MPLADS-0992,Tamil Nadu,LOK_SABHA,Bridges,39483146.76,32715386.88,218,88,51.01,CTR-181,15,14,0.9805,0.7754,PLAIN,2025,35266607.92,93.3
MPLADS-0993,Kerala,LOK_SABHA,Bridges,6016999.5,6072093.78,98,9,1.94,CTR-139,5,19,1.2034,0.5341,HILLY,2023,9806931.82,81.2
MPLADS-0994,Odisha,LOK_SABHA,Healthcare,15329439.9,15818174.22,267,400,100.0,CTR-070,7,61,1.2355,0.5937,PLAIN,2024,23202584.46,70.52
MPLADS-0995,Telangana,LOK_SABHA,Drinking Water,44508108.04,42223316.96,106,83,84.76,CTR-172,1,28,1.129,1.0,DESERT,2024,59030561.05,69.55
MPLADS-0996,Mizoram,LOK_SABHA,Education,31625621.27,29312787.81,508,118,14.27,CTR-149,13,51,1.2938,1.0,HILLY,2023,53570749.43,140.82
MPLADS-0997,Kerala,LOK_SABHA,Healthcare,9590304.77,9998853.97,142,60,28.14,CTR-182,2,0,1.0787,0.9062,PLAIN,2023,11896543.3,37.31
MPLADS-0998,Jharkhand,RAJYA_SABHA,Drinking Water,23269047.53,22542781.1,499,219,42.21,CTR-006,13,66,1.004,0.8526,PLAIN,2023,28035213.39,129.95
MPLADS-0999,Rajasthan,RAJYA_SABHA,Community Halls,47158550.9,49477468.82,392,5,9.91,CTR-112,12,33,1.0453,0.3006,PLAIN,2024,58749094.82,81.6
MPLADS-1000,Haryana,LOK_SABHA,Sanitation,35066776.62,35299934.24,116,158,100.0,CTR-011,8,0,1.1932,0.7084,DESERT,2023,52919771.21,97.4
MPLADS-1001,Assam,LOK_SABHA,Sports Infrastructure,31534347.29,32244314.45,397,229,57.07,CTR-181,15,91,1.2645,0.4492,PLAIN,2025,50012253.93,78.85
MPLADS-1002,Jharkhand,RAJYA_SABHA,Healthcare,18395595.84,15444360.29,133,138,100.0,CTR-049,10,0,1.2614,0.8619,PLAIN,2023,23467804.4,82.81
MPLADS-1003,Rajasthan,LOK_SABHA,Bridges,36929972.89,38485448.47,444,206,41.37,CTR-171,1,36,1.2203,0.6118,DESERT,2023,59229536.54,52.96
MPLADS-1004,Punjab,LOK_SABHA,Education,29290596.04,26088861.78,96,136,99.13,CTR-028,13,0,1.3087,0.7359,PLAIN,2023,41974901.23,66.95
MPLADS-1005,Rajasthan,RAJYA_SABHA,Bridges,42117748.82,37157022.46,328,95,24.73,CTR-170,0,26,1.0106,0.9604,PLAIN,2024,42156265.31,49.61
MPLADS-1006,Chandigarh,RAJYA_SABHA,Drinking Water,19780418.14,20740108.08,107,94,75.26,CTR-043,11,35,1.1527,0.4645,COASTAL,2023,29247681.89,65.04
MPLADS-1007,Punjab,LOK_SABHA,Sanitation,35029548.53,36757058.37,536,77,11.84,CTR-166,13,42,1.2464,0.8632,HILLY,2024,63596383.32,139.87
MPLADS-1008,Andaman and Nicobar Islands,LOK_SABHA,Sanitation,47067451.28,43443633.05,468,54,0.0,CTR-155,6,46,0.9844,0.376,COASTAL,2025,48907885.43,61.81
MPLADS-1009,Karnataka,LOK_SABHA,Sanitation,21856590.31,19480207.85,120,98,100.0,CTR-158,8,80,1.1695,0.6372,PLAIN,2023,26923427.25,87.47
MPLADS-1010,Puducherry,LOK_SABHA,Education,43736801.5,38169197.24,149,62,21.32,CTR-085,10,26,1.3004,0.6951,DESERT,2024,65449009.32,111.02
MPLADS-1011,Puducherry,RAJYA_SABHA,Roads,17306517.25,16159741.63,253,122,36.59,CTR-134,8,45,1.1618,1.0,HILLY,2025,24517321.63,138.58
MPLADS-1012,Odisha,LOK_SABHA,Bridges,18800773.67,19464545.45,431,413,93.86,CTR-030,7,74,1.0816,0.3256,PLAIN,2023,23902844.1,87.33
MPLADS-1013,Uttarakhand,LOK_SABHA,Healthcare,49697499.83,39892718.38,360,287,74.46,CTR-086,11,66,1.2499,0.7156,HILLY,2023,66806539.65,107.23
MPLADS-1014,Delhi,RAJYA_SABHA,Community Halls,43187676.62,41743076.31,174,142,85.51,CTR-033,1,43,1.1688,0.6099,PLAIN,2024,55647658.05,43.05
MPLADS-1015,Rajasthan,LOK_SABHA,Electrification,38931997.32,31909236.43,204,125,64.44,CTR-179,14,7,1.0559,0.6648,DESERT,2025,41596352.33,82.39
MPLADS-1016,Rajasthan,LOK_SABHA,Other Public Assets,41594318.53,41840761.63,391,157,42.49,CTR-051,12,33,1.3461,0.3787,DESERT,2024,72970630.73,103.44
MPLADS-1017,Lakshadweep,LOK_SABHA,Bridges,31230633.02,29719611.6,272,131,54.02,CTR-056,0,31,1.3089,0.2503,COASTAL,2023,46341984.61,47.59
MPLADS-1018,Jammu and Kashmir,LOK_SABHA,Electrification,45425210.61,45057857.59,125,167,83.49,CTR-120,1,0,1.0877,0.9852,HILLY,2025,61643080.93,68.7
MPLADS-1019,Uttar Pradesh,LOK_SABHA,Education,34130610.24,32143332.11,193,258,98.79,CTR-030,7,30,1.0145,0.7034,DESERT,2024,39682499.4,107.59
MPLADS-1020,Uttar Pradesh,LOK_SABHA,Other Public Assets,9086800.51,8807942.24,525,714,92.49,CTR-162,10,65,1.22,1.0,DESERT,2023,14121482.57,121.18
MPLADS-1021,Andaman and Nicobar Islands,RAJYA_SABHA,Bridges,18802213.87,15547374.35,231,57,44.96,CTR-121,7,39,1.3073,0.9543,COASTAL,2025,26025289.67,85.4
MPLADS-1022,Tamil Nadu,LOK_SABHA,Sports Infrastructure,19204150.51,19321382.2,308,315,100.0,CTR-191,10,33,1.0061,0.064,PLAIN,2024,21395883.59,45.45
MPLADS-1023,Ladakh,LOK_SABHA,Education,17156078.92,14630957.29,243,180,98.01,CTR-008,11,11,1.2352,0.4157,HILLY,2025,24323368.92,95.4
MPLADS-1024,Dadra and Nagar Haveli and Daman and Diu,LOK_SABHA,Drinking Water,29976969.5,25810839.57,436,28,27.36,CTR-036,1,51,0.956,0.5333,PLAIN,2025,25703514.81,27.52
MPLADS-1025,Tamil Nadu,LOK_SABHA,Electrification,36196922.94,33163805.79,502,597,97.39,CTR-025,12,47,1.1885,0.0051,COASTAL,2023,48706962.64,73.89
MPLADS-1026,Dadra and Nagar Haveli and Daman and Diu,LOK_SABHA,Drinking Water,40667595.77,42168195.23,330,232,65.42,CTR-197,5,52,1.1846,1.0,HILLY,2025,66238183.61,114.33
MPLADS-1027,Maharashtra,RAJYA_SABHA,Roads,3587021.14,3111114.38,358,485,95.3,CTR-159,8,80,1.1597,0.3124,DESERT,2025,4674298.3,103.02
MPLADS-1028,Nagaland,LOK_SABHA,Other Public Assets,49399928.86,49352653.26,402,57,45.48,CTR-070,7,55,1.1511,0.5736,HILLY,2024,74810745.95,111.78
MPLADS-1029,Dadra and Nagar Haveli and Daman and Diu,LOK_SABHA,Electrification,33344308.09,34263997.22,290,340,100.0,CTR-095,14,52,1.246,0.2316,COASTAL,2024,53499345.21,105.53
MPLADS-1030,Assam,LOK_SABHA,Electrification,22328532.35,22614525.0,478,232,32.29,CTR-081,15,92,1.1142,0.7499,COASTAL,2024,32806659.02,180.34
MPLADS-1031,Andhra Pradesh,LOK_SABHA,Bridges,37664778.23,31988644.48,403,263,62.37,CTR-125,13,68,1.1292,0.5395,PLAIN,2024,42396962.45,82.32
MPLADS-1032,Manipur,LOK_SABHA,Roads,36126035.49,29747985.17,333,465,89.57,CTR-141,15,48,1.0149,0.3888,HILLY,2024,39473481.56,109.8
MPLADS-1033,Puducherry,LOK_SABHA,Sanitation,25451431.03,22974781.6,452,492,89.99,CTR-071,12,48,1.344,0.4356,PLAIN,2025,37498826.22,113.14
MPLADS-1034,Chhattisgarh,LOK_SABHA,Other Public Assets,5706949.11,5160584.3,270,79,39.55,CTR-172,1,29,1.13,0.4898,COASTAL,2025,6735911.83,43.58
MPLADS-1035,Gujarat,LOK_SABHA,Education,38600365.79,30995192.33,202,81,35.79,CTR-087,1,53,1.1216,0.0366,PLAIN,2023,36789262.14,32.28
MPLADS-1036,Uttar Pradesh,RAJYA_SABHA,Sanitation,22402616.55,23223802.34,256,352,100.0,CTR-156,10,13,0.9831,0.356,PLAIN,2025,25214101.05,40.22
MPLADS-1037,Punjab,LOK_SABHA,Community Halls,49890017.67,42937357.13,135,43,34.17,CTR-143,4,40,1.288,0.7515,PLAIN,2025,64925518.83,50.94
MPLADS-1038,Tripura,LOK_SABHA,Other Public Assets,40846369.44,38641388.19,193,5,1.76,CTR-134,8,36,1.2913,0.4643,COASTAL,2023,61907982.67,67.84
MPLADS-1039,Dadra and Nagar Haveli and Daman and Diu,LOK_SABHA,Drinking Water,31845676.29,26354393.28,163,0,0.0,CTR-193,9,37,1.2294,0.701,COASTAL,2024,40167472.52,74.25
MPLADS-1040,Mizoram,LOK_SABHA,Bridges,20783427.3,16981230.02,231,97,37.09,CTR-054,7,24,1.1554,0.4669,HILLY,2025,25562970.65,60.56
MPLADS-1041,Odisha,LOK_SABHA,Drinking Water,21183993.74,22054862.31,126,12,0.0,CTR-009,3,37,1.2539,0.9777,PLAIN,2024,33489894.48,47.5
MPLADS-1042,Goa,LOK_SABHA,Drinking Water,49320982.3,41662613.66,508,256,51.07,CTR-098,10,79,1.2693,0.3118,PLAIN,2023,63755817.34,73.47
MPLADS-1043,Jammu and Kashmir,RAJYA_SABHA,Healthcare,26812026.84,27005771.74,401,339,74.55,CTR-055,7,38,1.1672,0.2646,PLAIN,2024,35266865.61,60.44
MPLADS-1044,Maharashtra,LOK_SABHA,Sports Infrastructure,15555978.14,12732613.16,209,128,52.46,CTR-124,7,21,1.0333,0.8322,PLAIN,2025,14579563.01,77.66
MPLADS-1045,Bihar,RAJYA_SABHA,Roads,24759872.11,23768951.33,169,239,100.0,CTR-094,6,69,1.1926,0.9832,HILLY,2024,38082791.81,107.2
MPLADS-1046,Assam,RAJYA_SABHA,Electrification,41094067.49,35785294.55,526,671,100.0,CTR-192,10,93,1.3207,0.4182,PLAIN,2024,55320088.1,89.76
MPLADS-1047,Telangana,RAJYA_SABHA,Roads,4194521.29,3525345.21,488,591,87.01,CTR-041,2,50,1.1202,1.0,HILLY,2023,5217817.56,88.6
MPLADS-1048,Jharkhand,LOK_SABHA,Other Public Assets,36413787.89,34718546.15,398,153,45.93,CTR-096,4,68,1.0184,0.31,PLAIN,2025,38349081.66,53.41
MPLADS-1049,Puducherry,RAJYA_SABHA,Healthcare,28368692.25,26459766.93,176,133,72.27,CTR-080,10,12,1.3373,0.408,PLAIN,2024,41411839.84,70.04
MPLADS-1050,Delhi,RAJYA_SABHA,Community Halls,47686879.08,49928248.63,505,445,100.0,CTR-004,7,38,1.3336,0.2942,HILLY,2024,85134350.77,67.33
MPLADS-1051,Goa,LOK_SABHA,Drinking Water,2443580.18,2340337.13,529,20,0.0,CTR-145,15,88,1.1563,0.3308,HILLY,2024,3652410.51,144.71
MPLADS-1052,Himachal Pradesh,RAJYA_SABHA,Other Public Assets,40885525.07,36395308.91,319,442,100.0,CTR-027,6,63,1.1027,0.6464,PLAIN,2023,44775751.3,62.42
MPLADS-1053,Meghalaya,LOK_SABHA,Other Public Assets,13270494.28,11461821.02,193,172,89.93,CTR-111,4,24,1.0198,1.0,HILLY,2025,15312608.24,115.99
MPLADS-1054,Punjab,LOK_SABHA,Sports Infrastructure,13671457.77,12342038.1,173,179,97.33,CTR-110,11,43,1.3019,1.0,HILLY,2024,21863719.07,125.09
MPLADS-1055,Manipur,LOK_SABHA,Bridges,47437955.52,43377792.23,456,676,100.0,CTR-154,4,52,1.3489,0.4495,HILLY,2025,76876035.91,74.38
MPLADS-1056,Karnataka,LOK_SABHA,Roads,1550123.24,1271675.05,114,33,17.89,CTR-020,7,0,1.1773,0.394,COASTAL,2024,1814253.73,57.75
MPLADS-1057,Assam,LOK_SABHA,Sports Infrastructure,31123544.64,26593022.6,526,650,100.0,CTR-153,14,94,1.2086,0.8743,PLAIN,2025,38483240.65,131.15
MPLADS-1058,Gujarat,RAJYA_SABHA,Drinking Water,22604704.01,22671701.86,149,223,100.0,CTR-052,3,12,1.146,0.0734,COASTAL,2023,30213097.23,17.09
MPLADS-1059,Goa,RAJYA_SABHA,Healthcare,44309600.03,39478598.56,433,258,79.44,CTR-054,7,90,1.1383,0.479,COASTAL,2024,55632638.88,78.84
MPLADS-1060,Uttarakhand,LOK_SABHA,Roads,38938084.6,32572232.75,104,14,0.0,CTR-110,11,0,1.1126,0.6199,HILLY,2024,46632811.17,69.68
MPLADS-1061,Kerala,LOK_SABHA,Sports Infrastructure,37198681.68,37997175.28,254,202,75.78,CTR-002,12,86,1.2887,0.0518,PLAIN,2023,55788871.0,124.87
MPLADS-1062,Bihar,LOK_SABHA,Sanitation,31645297.43,31859839.19,277,191,88.18,CTR-043,11,33,1.026,0.5766,PLAIN,2024,37708387.6,50.27
MPLADS-1063,Chandigarh,LOK_SABHA,Sanitation,5531879.62,4546940.22,225,166,78.73,CTR-052,3,0,1.1445,0.8527,COASTAL,2025,6518114.55,66.16
MPLADS-1064,Tamil Nadu,LOK_SABHA,Sanitation,24683012.43,24265266.14,173,64,52.51,CTR-091,6,23,1.2545,0.5321,COASTAL,2025,37336863.87,52.98
MPLADS-1065,Rajasthan,RAJYA_SABHA,Electrification,17916179.93,17786381.33,323,232,76.57,CTR-044,5,34,1.0639,1.0,DESERT,2024,22761493.78,94.35
MPLADS-1066,Lakshadweep,RAJYA_SABHA,Community Halls,43465837.5,41481076.7,444,21,32.11,CTR-150,0,49,1.2673,0.482,COASTAL,2023,63080200.05,45.4
MPLADS-1067,Lakshadweep,RAJYA_SABHA,Drinking Water,45627248.17,46759663.2,462,336,80.89,CTR-136,4,47,1.2588,0.4047,COASTAL,2025,71239526.21,52.47
MPLADS-1068,Sikkim,LOK_SABHA,Drinking Water,527613.67,481852.88,162,182,88.87,CTR-112,12,37,1.2715,1.0,HILLY,2023,832710.99,136.77
MPLADS-1069,West Bengal,RAJYA_SABHA,Bridges,41798186.65,40862170.69,162,35,0.47,CTR-003,10,53,1.0367,0.7441,PLAIN,2023,50691823.81,99.22
MPLADS-1070,Punjab,LOK_SABHA,Bridges,10511198.68,10513232.69,357,100,0.0,CTR-028,13,42,1.0275,0.061,PLAIN,2025,11777690.83,100.26
MPLADS-1071,Karnataka,LOK_SABHA,Education,42943788.74,40688169.28,490,720,100.0,CTR-022,5,79,0.9598,0.1275,PLAIN,2024,38324556.61,66.59
MPLADS-1072,Karnataka,RAJYA_SABHA,Education,21120253.71,21927242.68,499,492,100.0,CTR-130,10,74,1.2519,0.5049,DESERT,2023,36417498.93,134.18
MPLADS-1073,Meghalaya,RAJYA_SABHA,Other Public Assets,36340854.73,35816614.79,526,272,82.18,CTR-171,1,95,1.1342,0.8797,PLAIN,2025,46647511.19,88.09
MPLADS-1074,Assam,RAJYA_SABHA,Education,6794936.44,5752561.48,324,367,98.25,CTR-061,14,88,0.9574,0.8429,DESERT,2025,6990768.26,130.24
MPLADS-1075,Manipur,LOK_SABHA,Community Halls,13873010.52,13911114.32,387,536,100.0,CTR-159,8,48,1.107,0.7374,DESERT,2024,19518757.99,86.6
MPLADS-1076,Telangana,LOK_SABHA,Roads,21006316.95,19583291.92,527,153,18.21,CTR-144,6,49,1.0783,1.0,HILLY,2024,27307234.38,108.57
MPLADS-1077,Maharashtra,LOK_SABHA,Bridges,1356918.22,1278164.44,115,35,31.43,CTR-092,12,19,1.0218,0.6288,DESERT,2023,1615128.57,76.81
MPLADS-1078,Andaman and Nicobar Islands,LOK_SABHA,Roads,20294218.24,21164327.94,314,373,88.12,CTR-052,3,43,0.9739,0.1182,COASTAL,2024,22346401.81,70.3
MPLADS-1079,Uttarakhand,LOK_SABHA,Community Halls,16439367.33,13263755.28,223,225,100.0,CTR-143,4,19,1.1392,1.0,HILLY,2024,19560619.88,74.84
MPLADS-1080,Karnataka,LOK_SABHA,Roads,1817785.71,1481832.29,152,210,100.0,CTR-157,2,34,1.0722,0.7852,COASTAL,2024,1849403.24,73.85
MPLADS-1081,Chandigarh,LOK_SABHA,Drinking Water,46541743.74,41813897.69,194,94,41.28,CTR-087,1,24,1.0837,0.2505,COASTAL,2024,48375254.76,23.71
MPLADS-1082,Delhi,LOK_SABHA,Other Public Assets,35723096.77,35490839.99,381,194,58.34,CTR-126,9,41,1.3014,0.3559,DESERT,2025,59881175.7,61.26
MPLADS-1083,Lakshadweep,RAJYA_SABHA,Drinking Water,40864191.8,40069984.13,233,43,16.32,CTR-039,4,44,1.2714,0.6523,COASTAL,2025,62055142.81,79.93
MPLADS-1084,Mizoram,RAJYA_SABHA,Other Public Assets,4345492.63,4485438.34,161,151,85.82,CTR-009,3,0,1.1563,0.2595,HILLY,2025,6471217.37,40.06
MPLADS-1085,Arunachal Pradesh,LOK_SABHA,Sports Infrastructure,41424213.04,38918012.4,149,129,89.18,CTR-010,1,0,0.9853,0.6656,HILLY,2025,46141880.08,48.85
MPLADS-1086,Rajasthan,LOK_SABHA,Drinking Water,5573497.09,5818592.39,296,56,19.86,CTR-021,8,37,1.3145,0.2521,PLAIN,2023,8844588.63,55.92
MPLADS-1087,Maharashtra,RAJYA_SABHA,Education,572926.85,492103.38,429,76,25.06,CTR-020,7,77,1.0735,0.6404,PLAIN,2023,591049.85,115.82
MPLADS-1088,Nagaland,LOK_SABHA,Roads,7328845.66,6186617.6,140,123,96.77,CTR-033,1,38,0.9724,0.2828,PLAIN,2025,5803516.88,31.87
MPLADS-1089,Telangana,LOK_SABHA,Roads,7352546.13,6052088.29,231,283,97.25,CTR-140,6,23,0.9986,0.9956,DESERT,2024,7616865.65,73.49
MPLADS-1090,Chhattisgarh,RAJYA_SABHA,Sanitation,39073306.9,35031494.2,119,43,26.56,CTR-122,10,28,0.9666,0.2878,PLAIN,2025,35894462.32,65.35
MPLADS-1091,Himachal Pradesh,RAJYA_SABHA,Drinking Water,15994384.12,15446995.01,329,69,25.26,CTR-123,10,56,1.2753,0.4557,HILLY,2024,25957729.31,129.81
MPLADS-1092,Chhattisgarh,RAJYA_SABHA,Sports Infrastructure,31388404.69,27189223.65,458,28,35.49,CTR-041,2,65,1.3114,0.9355,HILLY,2025,47726638.21,89.09
MPLADS-1093,Karnataka,LOK_SABHA,Sanitation,41462076.13,33837096.1,183,269,96.83,CTR-168,2,0,1.1604,0.8345,DESERT,2024,49736889.44,45.36
MPLADS-1094,Punjab,LOK_SABHA,Sanitation,41419743.59,42201894.25,524,174,24.12,CTR-137,9,41,1.0844,0.0694,PLAIN,2024,50539812.42,92.84
MPLADS-1095,Mizoram,RAJYA_SABHA,Education,31352139.78,31481341.81,428,173,38.89,CTR-161,15,55,1.2221,0.6612,HILLY,2024,52986636.29,125.27
MPLADS-1096,Maharashtra,LOK_SABHA,Healthcare,6328409.85,6489109.61,464,48,0.0,CTR-028,13,89,1.2304,0.1517,PLAIN,2024,9502606.47,116.98
MPLADS-1097,Ladakh,RAJYA_SABHA,Healthcare,43981097.7,37890268.35,457,547,87.96,CTR-017,8,13,0.9971,0.332,HILLY,2024,46393065.02,65.93
MPLADS-1098,Telangana,LOK_SABHA,Drinking Water,23830939.27,23357182.74,329,470,100.0,CTR-085,10,37,1.0604,0.8749,PLAIN,2024,28121449.92,68.76
MPLADS-1099,Haryana,LOK_SABHA,Community Halls,33456164.44,32067110.81,150,90,60.99,CTR-200,15,0,1.2285,0.2722,PLAIN,2024,44474313.53,91.93
MPLADS-1100,West Bengal,RAJYA_SABHA,Bridges,5722673.15,5445413.03,105,66,56.86,CTR-012,15,58,1.3042,0.6042,PLAIN,2023,8486476.57,133.35
MPLADS-1101,Karnataka,LOK_SABHA,Education,21013693.28,17035111.29,504,666,100.0,CTR-051,12,73,0.9988,0.6983,PLAIN,2023,20324231.52,91.86
MPLADS-1102,Arunachal Pradesh,LOK_SABHA,Roads,32251167.53,30989960.0,403,313,100.0,CTR-176,7,49,1.1689,0.0902,PLAIN,2025,40277187.02,46.64
MPLADS-1103,Odisha,LOK_SABHA,Drinking Water,20103922.0,19311136.89,194,243,70.29,CTR-157,2,75,1.2275,0.2035,HILLY,2025,30474408.04,111.38
MPLADS-1104,Jammu and Kashmir,LOK_SABHA,Sports Infrastructure,4847593.51,4766425.94,217,125,57.09,CTR-061,14,42,1.3345,0.6053,HILLY,2023,8751150.27,107.89
MPLADS-1105,Puducherry,LOK_SABHA,Healthcare,9090469.93,9009992.76,470,424,100.0,CTR-154,4,47,1.2516,0.2152,DESERT,2024,13792552.2,43.09
MPLADS-1106,Odisha,RAJYA_SABHA,Education,15070673.67,14813107.08,459,195,52.5,CTR-172,1,77,1.258,0.0322,COASTAL,2024,22490347.35,63.91
MPLADS-1107,Mizoram,LOK_SABHA,Drinking Water,3091506.54,2804826.76,486,173,22.06,CTR-019,13,47,1.2616,0.8212,HILLY,2024,4837837.88,116.14
MPLADS-1108,Delhi,RAJYA_SABHA,Other Public Assets,41525416.0,38878340.59,133,71,36.37,CTR-047,7,0,1.1485,0.0278,PLAIN,2024,48640392.83,25.74
MPLADS-1109,Manipur,RAJYA_SABHA,Sports Infrastructure,31565616.05,27245203.19,521,438,100.0,CTR-136,4,46,1.1236,1.0,HILLY,2024,40505366.97,112.12
MPLADS-1110,Manipur,LOK_SABHA,Community Halls,13032357.82,10438440.08,293,183,88.56,CTR-044,5,48,1.075,0.5428,PLAIN,2023,11935871.51,44.08
MPLADS-1111,Andhra Pradesh,LOK_SABHA,Drinking Water,49655086.54,49193328.66,164,65,2.43,CTR-194,5,33,1.2203,0.7401,DESERT,2024,74481393.18,98.15
MPLADS-1112,Tripura,LOK_SABHA,Bridges,3255148.91,3312549.98,399,315,85.39,CTR-195,15,47,1.2466,0.2803,COASTAL,2024,5128033.87,100.13
MPLADS-1113,Dadra and Nagar Haveli and Daman and Diu,LOK_SABHA,Drinking Water,43914306.76,40186529.74,344,484,91.41,CTR-022,5,49,1.2468,0.4997,PLAIN,2024,57921250.38,53.75
MPLADS-1114,Himachal Pradesh,LOK_SABHA,Sanitation,28322148.88,24609332.4,317,33,13.11,CTR-037,13,44,1.2169,0.7746,HILLY,2025,40752058.26,118.28
MPLADS-1115,Jharkhand,LOK_SABHA,Sanitation,12241869.0,12657634.38,367,134,36.41,CTR-181,15,66,1.1818,0.464,DESERT,2024,19299846.29,88.58
MPLADS-1116,Kerala,RAJYA_SABHA,Bridges,28521370.71,25470625.7,502,158,17.32,CTR-059,11,86,1.0933,0.8756,COASTAL,2024,35302188.52,147.08
MPLADS-1117,Meghalaya,RAJYA_SABHA,Healthcare,23133936.18,22371905.15,489,215,70.14,CTR-194,5,92,1.1961,0.3679,HILLY,2025,34376755.27,85.7
MPLADS-1118,Uttar Pradesh,LOK_SABHA,Sports Infrastructure,30306619.76,28172862.84,508,676,100.0,CTR-021,8,58,1.0365,0.4024,PLAIN,2025,31014553.81,67.42
MPLADS-1119,Nagaland,RAJYA_SABHA,Other Public Assets,44243396.68,42812505.07,420,402,99.89,CTR-145,15,48,1.1469,0.5133,HILLY,2024,65960930.67,134.65
MPLADS-1120,Assam,LOK_SABHA,Roads,36859239.22,29952848.35,486,364,65.64,CTR-050,12,87,1.0457,0.8792,PLAIN,2025,35976049.36,141.9
MPLADS-1121,Mizoram,LOK_SABHA,Electrification,22291634.09,19686334.49,395,246,60.75,CTR-192,10,53,1.3297,1.0,HILLY,2024,35988303.09,123.81
MPLADS-1122,Kerala,RAJYA_SABHA,Bridges,40833534.81,36116488.24,225,275,75.92,CTR-124,7,96,1.0947,0.237,COASTAL,2025,45988190.44,94.13
MPLADS-1123,Meghalaya,LOK_SABHA,Community Halls,22768248.74,20135566.48,212,99,27.52,CTR-044,5,87,1.271,0.6497,HILLY,2024,33576539.25,116.1
MPLADS-1124,Jharkhand,LOK_SABHA,Healthcare,3780358.09,3880254.01,196,50,43.2,CTR-178,2,68,1.1573,0.5656,DESERT,2025,5469479.22,82.51
MPLADS-1125,Chandigarh,LOK_SABHA,Sports Infrastructure,17448992.82,14257859.59,496,511,87.53,CTR-171,1,47,1.1183,0.4086,PLAIN,2024,18308883.26,71.32
MPLADS-1126,Andaman and Nicobar Islands,LOK_SABHA,Electrification,10350874.0,9213470.88,250,343,95.43,CTR-063,5,47,1.1521,0.4905,COASTAL,2025,12818784.84,62.18
MPLADS-1127,Jharkhand,LOK_SABHA,Other Public Assets,5296909.53,4266744.44,229,315,100.0,CTR-063,5,0,1.1989,0.9068,PLAIN,2024,5965085.88,37.44
MPLADS-1128,Uttarakhand,RAJYA_SABHA,Education,19971828.69,16003101.83,410,521,80.33,CTR-019,13,60,0.9892,0.9456,PLAIN,2025,18759939.83,137.98
MPLADS-1129,Dadra and Nagar Haveli and Daman and Diu,RAJYA_SABHA,Electrification,8441477.31,8024919.66,103,100,100.0,CTR-123,10,0,1.1394,0.7064,PLAIN,2024,10602496.44,45.95
MPLADS-1130,Madhya Pradesh,RAJYA_SABHA,Education,8546888.96,7999990.23,136,20,33.59,CTR-011,8,24,1.0388,0.4905,COASTAL,2023,10408631.96,83.08
MPLADS-1131,Mizoram,LOK_SABHA,Electrification,38657727.75,39245494.45,298,182,71.42,CTR-124,7,49,1.1827,1.0,HILLY,2025,61887440.47,108.11
MPLADS-1132,Jharkhand,RAJYA_SABHA,Sports Infrastructure,20261249.0,17034673.62,239,353,77.65,CTR-094,6,30,1.1793,0.5721,DESERT,2024,24348897.44,82.27
MPLADS-1133,Punjab,LOK_SABHA,Bridges,3439835.22,3091391.58,314,61,25.49,CTR-189,3,41,1.2098,0.9601,HILLY,2024,4966718.75,61.27
MPLADS-1134,Ladakh,LOK_SABHA,Roads,16829046.21,14053918.83,307,436,100.0,CTR-157,2,13,0.9892,0.9268,HILLY,2025,17035351.31,59.21
MPLADS-1135,Odisha,RAJYA_SABHA,Electrification,26333155.57,23376740.61,145,157,100.0,CTR-059,11,16,1.2431,0.5915,COASTAL,2025,36779771.95,78.49
MPLADS-1136,Tamil Nadu,LOK_SABHA,Sports Infrastructure,20692008.46,21094649.1,349,407,100.0,CTR-168,2,45,1.1057,0.4107,PLAIN,2025,25696323.05,37.25
MPLADS-1137,West Bengal,LOK_SABHA,Bridges,25786340.8,24800988.3,171,236,94.69,CTR-076,7,73,1.0822,1.0,HILLY,2025,35338016.05,114.4
MPLADS-1138,Delhi,LOK_SABHA,Drinking Water,16475117.3,13481549.77,442,207,60.48,CTR-134,8,37,1.1625,0.8472,PLAIN,2024,18013117.5,92.97
MPLADS-1139,Andhra Pradesh,LOK_SABHA,Sports Infrastructure,41548705.58,36360101.6,197,263,100.0,CTR-134,8,65,0.9656,0.2356,PLAIN,2024,37416468.08,64.22
MPLADS-1140,Puducherry,LOK_SABHA,Other Public Assets,41291154.08,40500396.49,451,607,100.0,CTR-040,10,49,1.3182,0.9792,HILLY,2023,70696697.11,121.72
MPLADS-1141,Lakshadweep,LOK_SABHA,Sports Infrastructure,43596709.37,44389106.93,400,221,60.96,CTR-100,2,45,1.1569,0.54,COASTAL,2024,63003477.33,74.81
MPLADS-1142,Dadra and Nagar Haveli and Daman and Diu,LOK_SABHA,Community Halls,41724650.11,35839258.59,135,112,91.88,CTR-107,12,24,1.0196,0.0436,COASTAL,2025,41986771.96,51.77
MPLADS-1143,Manipur,LOK_SABHA,Healthcare,12945665.96,11879884.8,223,324,100.0,CTR-108,10,21,1.0129,0.9738,HILLY,2024,15648984.79,126.64
MPLADS-1144,Bihar,LOK_SABHA,Education,16057112.49,15156094.07,198,37,10.66,CTR-016,12,48,1.1105,0.3906,COASTAL,2024,19861093.33,72.95
MPLADS-1145,Manipur,LOK_SABHA,Sports Infrastructure,41384751.21,33702753.82,305,351,100.0,CTR-143,4,36,0.9552,1.0,HILLY,2024,41287380.27,86.79
MPLADS-1146,Arunachal Pradesh,LOK_SABHA,Sanitation,31812364.28,30081034.63,305,234,76.77,CTR-089,12,55,1.2816,1.0,HILLY,2023,53410819.53,102.09
MPLADS-1147,Mizoram,LOK_SABHA,Drinking Water,17622684.23,15491401.01,537,565,94.84,CTR-013,11,45,1.222,0.5218,HILLY,2025,24797050.53,106.13
MPLADS-1148,Mizoram,LOK_SABHA,Education,19376710.79,17393430.38,387,202,46.44,CTR-097,3,51,1.1053,0.8166,HILLY,2024,25124387.45,107.63
MPLADS-1149,Goa,LOK_SABHA,Sanitation,36571934.17,30183946.51,364,4,8.3,CTR-143,4,80,1.1277,0.1008,COASTAL,2023,40302302.93,59.77
MPLADS-1150,Assam,LOK_SABHA,Roads,16824528.69,14606476.6,195,287,91.61,CTR-078,3,64,1.1995,0.6031,PLAIN,2024,19464429.55,55.54
MPLADS-1151,Dadra and Nagar Haveli and Daman and Diu,RAJYA_SABHA,Drinking Water,16415603.04,17165232.61,497,212,20.92,CTR-093,13,53,1.1844,0.25,PLAIN,2025,23548604.33,125.61
MPLADS-1152,Bihar,LOK_SABHA,Education,44164968.02,46063290.21,454,192,54.37,CTR-113,8,67,1.3084,0.3022,COASTAL,2023,75434291.0,77.77
MPLADS-1153,Arunachal Pradesh,RAJYA_SABHA,Drinking Water,787665.57,705925.51,400,567,100.0,CTR-043,11,51,1.2342,0.6565,HILLY,2024,1182106.8,74.82
MPLADS-1154,Uttar Pradesh,LOK_SABHA,Community Halls,26199850.63,27377769.26,313,208,46.12,CTR-074,2,48,1.1264,0.7574,PLAIN,2023,34828763.62,53.37
MPLADS-1155,Meghalaya,LOK_SABHA,Other Public Assets,42937661.24,41778644.03,183,38,30.08,CTR-059,11,43,1.304,0.3419,HILLY,2025,73260766.47,109.75
MPLADS-1156,Mizoram,LOK_SABHA,Healthcare,5373192.48,5467193.07,264,7,2.33,CTR-085,10,49,1.2556,0.8708,HILLY,2024,9207898.48,110.18
MPLADS-1157,Assam,LOK_SABHA,Roads,598089.48,563017.9,436,129,14.97,CTR-181,15,88,1.164,0.8166,PLAIN,2024,813913.85,134.99
MPLADS-1158,Karnataka,LOK_SABHA,Sports Infrastructure,6996697.91,6325441.88,186,79,28.83,CTR-189,3,0,1.3215,0.2221,PLAIN,2024,9563953.53,28.42
MPLADS-1159,Delhi,RAJYA_SABHA,Community Halls,14204155.94,13179222.31,327,204,57.36,CTR-057,8,35,1.237,0.9934,PLAIN,2023,19774109.4,84.4
MPLADS-1160,Andhra Pradesh,LOK_SABHA,Electrification,1608195.84,1487383.91,362,218,61.5,CTR-121,7,59,1.2943,0.8219,DESERT,2025,2511503.1,102.48
MPLADS-1161,Maharashtra,RAJYA_SABHA,Other Public Assets,2205300.57,2061230.86,93,92,90.63,CTR-105,12,36,0.986,0.7028,COASTAL,2024,2481355.46,104.17
MPLADS-1162,Haryana,RAJYA_SABHA,Education,19170292.31,18496218.51,409,135,8.54,CTR-013,11,41,1.1712,0.1386,PLAIN,2024,24595641.35,104.26
MPLADS-1163,Andaman and Nicobar Islands,LOK_SABHA,Healthcare,6460705.44,6432758.84,411,129,23.51,CTR-112,12,51,1.3229,0.2827,COASTAL,2024,10828293.17,101.44
MPLADS-1164,Goa,LOK_SABHA,Other Public Assets,10466568.59,9937706.76,531,50,7.3,CTR-182,2,83,1.112,0.6923,COASTAL,2025,13152403.13,81.1
MPLADS-1165,Madhya Pradesh,LOK_SABHA,Drinking Water,16945706.26,13906146.58,289,139,63.61,CTR-192,10,55,1.2955,0.5575,PLAIN,2025,21357595.81,93.09
MPLADS-1166,Rajasthan,LOK_SABHA,Education,14062452.86,12688468.36,314,434,85.42,CTR-056,0,29,1.0085,0.8404,DESERT,2024,14954325.77,58.73
MPLADS-1167,Haryana,RAJYA_SABHA,Community Halls,7642702.51,6242889.56,249,305,98.63,CTR-106,12,27,1.1689,0.5599,PLAIN,2025,8629583.76,69.23
MPLADS-1168,Jharkhand,LOK_SABHA,Healthcare,4453054.65,4633447.27,114,22,29.99,CTR-044,5,0,1.0958,0.7152,HILLY,2024,6437849.89,51.99
MPLADS-1169,Sikkim,LOK_SABHA,Drinking Water,29800607.37,28545521.67,173,114,93.55,CTR-187,2,11,1.1202,0.2417,PLAIN,2025,35186799.48,14.84
MPLADS-1170,Andaman and Nicobar Islands,RAJYA_SABHA,Roads,44533851.96,36843074.53,284,255,80.3,CTR-186,7,45,1.0744,0.4341,COASTAL,2024,46876061.92,65.73
MPLADS-1171,Nagaland,LOK_SABHA,Roads,49188273.78,48123543.71,428,465,90.34,CTR-081,15,52,1.0327,0.6284,HILLY,2024,66906025.89,142.33
MPLADS-1172,Jharkhand,LOK_SABHA,Sanitation,22915889.33,21835308.8,517,277,67.67,CTR-125,13,62,1.1918,0.5095,PLAIN,2025,31258078.6,88.7
MPLADS-1173,Chhattisgarh,RAJYA_SABHA,Education,38057189.48,38397458.42,539,305,40.59,CTR-053,5,60,1.3471,0.4762,DESERT,2023,64786228.0,78.73
MPLADS-1174,Karnataka,LOK_SABHA,Drinking Water,45176767.79,45645683.84,273,182,82.97,CTR-015,11,58,1.1444,0.8926,HILLY,2025,69772321.3,127.71
MPLADS-1175,Puducherry,LOK_SABHA,Education,37579928.44,30306549.8,168,154,83.83,CTR-068,5,26,1.1683,0.3122,PLAIN,2023,40204377.05,30.57
MPLADS-1176,Odisha,RAJYA_SABHA,Sports Infrastructure,24456973.43,23030638.2,181,172,100.0,CTR-096,4,18,1.1919,0.761,HILLY,2025,34855650.5,58.69
MPLADS-1177,Uttar Pradesh,LOK_SABHA,Education,39213157.41,34654566.86,441,538,94.39,CTR-033,1,65,1.1725,0.9283,PLAIN,2025,46874090.13,60.64
MPLADS-1178,Kerala,LOK_SABHA,Community Halls,15499122.24,12928881.67,295,369,96.14,CTR-195,15,47,1.3381,0.1912,PLAIN,2024,20985539.08,108.91
MPLADS-1179,West Bengal,LOK_SABHA,Other Public Assets,18382835.31,16582318.74,99,51,76.74,CTR-129,9,69,1.1514,0.7092,HILLY,2024,25165689.23,134.49
MPLADS-1180,Manipur,RAJYA_SABHA,Healthcare,3562143.02,3716889.19,177,18,23.67,CTR-187,2,48,1.3429,0.2427,PLAIN,2025,5991139.92,43.89
MPLADS-1181,Punjab,LOK_SABHA,Education,28171255.13,23961451.47,352,3,29.47,CTR-125,13,42,1.2071,0.8884,HILLY,2025,38419947.97,131.3
MPLADS-1182,Arunachal Pradesh,LOK_SABHA,Roads,38513041.29,32638891.72,358,76,16.03,CTR-055,7,50,1.3055,0.5994,HILLY,2024,56697265.54,98.24
MPLADS-1183,Haryana,LOK_SABHA,Bridges,33726333.09,27431601.75,94,48,47.08,CTR-154,4,0,0.9969,0.0772,PLAIN,2024,28283381.8,17.28
MPLADS-1184,Goa,LOK_SABHA,Roads,14646471.72,12471888.61,125,29,52.19,CTR-050,12,42,1.302,0.0414,COASTAL,2025,19555751.58,60.52
MPLADS-1185,Puducherry,RAJYA_SABHA,Bridges,20756152.42,20219763.11,365,173,38.98,CTR-066,5,49,1.2876,0.3037,COASTAL,2023,31874392.84,70.23
MPLADS-1186,Bihar,LOK_SABHA,Education,8211942.89,8526219.68,482,523,100.0,CTR-183,7,67,1.0361,0.1497,PLAIN,2024,9447315.07,78.42
MPLADS-1187,Chandigarh,RAJYA_SABHA,Education,47407408.24,45631825.39,487,679,100.0,CTR-065,6,49,1.2182,0.8873,PLAIN,2023,62545984.26,73.53
MPLADS-1188,Odisha,RAJYA_SABHA,Roads,11390068.97,9787121.65,316,266,84.01,CTR-141,15,70,1.1725,0.2048,HILLY,2025,15217487.03,115.09
MPLADS-1189,Assam,LOK_SABHA,Community Halls,35501527.09,28620304.86,108,67,61.76,CTR-060,10,43,1.185,0.9232,PLAIN,2023,41166352.83,90.69
MPLADS-1190,Uttar Pradesh,LOK_SABHA,Drinking Water,28590664.13,24535556.94,350,282,100.0,CTR-181,15,58,1.2917,0.2077,PLAIN,2025,38137873.41,129.96
MPLADS-1191,West Bengal,LOK_SABHA,Healthcare,27987269.65,29152685.53,117,41,32.47,CTR-123,10,75,1.3449,0.4463,HILLY,2024,53687131.18,110.81
MPLADS-1192,Manipur,LOK_SABHA,Healthcare,27564368.88,22660672.61,315,104,19.64,CTR-200,15,39,1.0249,0.9434,HILLY,2023,31625530.27,106.19
MPLADS-1193,Maharashtra,RAJYA_SABHA,Education,36884260.17,38724796.87,134,82,62.56,CTR-199,5,45,0.9758,0.713,COASTAL,2024,44077208.84,71.76
MPLADS-1194,Himachal Pradesh,LOK_SABHA,Bridges,29506517.39,24198283.09,209,299,100.0,CTR-081,15,60,1.2902,0.7067,DESERT,2024,41886783.06,139.8
MPLADS-1195,Uttarakhand,LOK_SABHA,Electrification,20795225.85,19781164.73,448,376,100.0,CTR-018,2,67,1.2066,1.0,HILLY,2025,31520787.13,63.41
MPLADS-1196,Madhya Pradesh,LOK_SABHA,Other Public Assets,19254282.67,16006843.57,429,546,100.0,CTR-177,11,54,0.9821,0.5558,PLAIN,2023,16881142.91,75.16
MPLADS-1197,Madhya Pradesh,LOK_SABHA,Sanitation,49375429.92,45126180.2,225,180,80.56,CTR-129,9,46,0.9584,0.137,PLAIN,2023,43124250.88,31.94
MPLADS-1198,Himachal Pradesh,LOK_SABHA,Electrification,31763718.04,31700047.5,357,273,96.92,CTR-114,7,65,1.108,0.8993,HILLY,2025,47068558.79,114.73
MPLADS-1199,Tamil Nadu,LOK_SABHA,Drinking Water,3892118.09,3995756.81,375,276,59.65,CTR-023,2,44,1.1634,0.7197,PLAIN,2023,5522141.3,87.34
MPLADS-1200,Andhra Pradesh,LOK_SABHA,Electrification,42353687.2,42598528.77,456,440,76.8,CTR-171,1,59,0.9869,0.541,PLAIN,2025,43549200.27,85.72
MPLADS-1201,Lakshadweep,LOK_SABHA,Drinking Water,28377762.55,27984186.6,421,509,100.0,CTR-108,10,46,1.0768,0.8438,COASTAL,2024,36489272.19,85.98
MPLADS-1202,Chandigarh,RAJYA_SABHA,Healthcare,10088883.42,9129204.69,408,148,49.56,CTR-190,4,54,1.2609,0.3491,HILLY,2023,14725248.27,84.22
MPLADS-1203,Uttar Pradesh,LOK_SABHA,Electrification,38797736.4,39368851.55,163,30,29.22,CTR-017,8,0,1.3188,0.9561,DESERT,2025,70015447.01,78.95
MPLADS-1204,Assam,LOK_SABHA,Healthcare,11834480.31,10947123.81,91,63,55.01,CTR-024,14,21,1.147,0.641,DESERT,2024,15537805.06,105.63
MPLADS-1205,Sikkim,LOK_SABHA,Other Public Assets,7823074.28,8173722.33,486,604,100.0,CTR-123,10,48,1.1903,0.84,PLAIN,2025,11763382.2,84.41
MPLADS-1206,Tamil Nadu,LOK_SABHA,Sports Infrastructure,12002758.42,9860859.41,208,117,47.95,CTR-093,13,51,1.2394,0.7143,DESERT,2024,14895995.86,90.58
MPLADS-1207,Punjab,RAJYA_SABHA,Community Halls,33255718.88,32676242.68,525,389,69.14,CTR-003,10,40,1.0573,0.9872,HILLY,2025,46035613.83,97.64
MPLADS-1208,Tripura,RAJYA_SABHA,Education,32219085.24,27355120.4,373,206,50.49,CTR-120,1,45,1.1793,0.4493,PLAIN,2024,35338343.16,49.96
MPLADS-1209,Jammu and Kashmir,LOK_SABHA,Healthcare,43344116.25,38302290.86,419,198,43.07,CTR-088,4,39,1.2396,0.7501,HILLY,2024,61442975.9,77.98
MPLADS-1210,Karnataka,RAJYA_SABHA,Sports Infrastructure,10155736.28,8943557.5,265,276,100.0,CTR-128,12,72,1.1512,0.1391,COASTAL,2024,12882649.99,119.39
MPLADS-1211,Odisha,RAJYA_SABHA,Roads,30118348.59,30149488.45,400,261,80.66,CTR-031,7,77,1.2365,0.7465,PLAIN,2025,45763069.0,61.08
MPLADS-1212,Assam,LOK_SABHA,Other Public Assets,17374539.35,14943452.27,129,161,100.0,CTR-195,15,0,1.058,0.6487,HILLY,2024,20944322.47,111.04
MPLADS-1213,Kerala,LOK_SABHA,Sports Infrastructure,27611945.27,23985570.88,410,438,100.0,CTR-033,1,84,1.2944,0.5909,COASTAL,2024,38339845.25,91.25
MPLADS-1214,Madhya Pradesh,RAJYA_SABHA,Community Halls,14940750.83,13947231.62,333,54,4.69,CTR-043,11,52,1.1507,0.0396,PLAIN,2024,17302430.38,84.11
MPLADS-1215,Gujarat,LOK_SABHA,Education,47408997.33,38199906.35,328,418,100.0,CTR-099,10,48,1.3266,0.1436,COASTAL,2023,62255573.0,68.22
MPLADS-1216,Madhya Pradesh,LOK_SABHA,Sports Infrastructure,24966126.31,22061457.66,281,262,94.52,CTR-003,10,55,1.2642,0.9746,PLAIN,2023,33591786.22,100.44
MPLADS-1217,Ladakh,LOK_SABHA,Roads,18472297.21,14792377.32,416,573,89.32,CTR-044,5,13,1.3263,0.4643,HILLY,2025,25836426.2,77.05
MPLADS-1218,Chhattisgarh,LOK_SABHA,Bridges,46333458.48,42005753.89,279,79,34.88,CTR-078,3,60,1.0353,0.2942,HILLY,2023,54414094.12,58.25
MPLADS-1219,Tripura,LOK_SABHA,Education,23571327.29,23492586.17,151,15,5.35,CTR-076,7,36,1.0939,0.9183,PLAIN,2025,30360279.31,83.6
MPLADS-1220,Tamil Nadu,RAJYA_SABHA,Education,33144355.62,29209591.57,100,23,40.91,CTR-163,6,24,1.2459,0.4571,COASTAL,2024,43483085.52,65.38
MPLADS-1221,Sikkim,RAJYA_SABHA,Healthcare,44034446.98,37111964.1,232,244,100.0,CTR-136,4,47,1.3067,0.517,HILLY,2025,62015094.6,78.11
MPLADS-1222,Kerala,LOK_SABHA,Roads,41288091.65,35768551.58,363,294,78.01,CTR-108,10,89,1.0755,0.5638,COASTAL,2023,46898538.64,78.85
MPLADS-1223,Chandigarh,LOK_SABHA,Community Halls,936504.41,883415.19,140,2,19.26,CTR-200,15,0,1.1328,0.0272,COASTAL,2025,1226916.52,48.61
MPLADS-1224,Uttarakhand,RAJYA_SABHA,Drinking Water,701322.19,623929.52,519,64,0.0,CTR-160,12,66,1.1107,0.9588,HILLY,2024,942808.27,129.99
MPLADS-1225,Andaman and Nicobar Islands,LOK_SABHA,Sanitation,36077240.57,35417586.67,445,20,10.54,CTR-065,6,48,1.1031,0.3961,COASTAL,2024,45567101.4,59.89
MPLADS-1226,Chandigarh,LOK_SABHA,Community Halls,25586245.93,24584371.65,308,367,97.43,CTR-055,7,49,1.0166,0.0097,PLAIN,2025,26590275.6,43.19
MPLADS-1227,Madhya Pradesh,LOK_SABHA,Community Halls,33951651.38,32576063.01,222,73,41.37,CTR-082,6,12,0.9795,0.6256,PLAIN,2025,33723186.03,52.61
MPLADS-1228,Tripura,LOK_SABHA,Bridges,42238940.22,41984462.18,491,209,45.65,CTR-120,1,45,1.2254,0.6829,HILLY,2024,69288355.8,57.01
MPLADS-1229,Karnataka,LOK_SABHA,Healthcare,18078456.98,18424678.67,277,271,100.0,CTR-070,7,71,1.0625,1.0,DESERT,2023,25098619.11,125.25
MPLADS-1230,Delhi,LOK_SABHA,Bridges,47299050.25,39876274.93,275,109,54.0,CTR-079,9,38,0.9966,0.8726,PLAIN,2023,44588060.49,70.58
MPLADS-1231,Tamil Nadu,LOK_SABHA,Bridges,13705590.18,12719916.9,287,2,0.0,CTR-008,11,51,1.0741,1.0,DESERT,2023,17613375.73,98.37
MPLADS-1232,Mizoram,RAJYA_SABHA,Electrification,38419996.79,33821382.28,487,395,61.46,CTR-034,8,47,1.0333,0.3495,HILLY,2024,44968783.54,109.47
MPLADS-1233,Madhya Pradesh,LOK_SABHA,Drinking Water,46582008.66,40874895.0,319,276,100.0,CTR-022,5,45,1.2744,0.5925,HILLY,2023,68150819.78,89.59
MPLADS-1234,Goa,LOK_SABHA,Other Public Assets,24318431.83,21208897.15,511,527,100.0,CTR-015,11,84,1.2556,1.0,HILLY,2023,35850360.74,161.74
MPLADS-1235,Punjab,LOK_SABHA,Education,49164197.17,39789696.81,312,276,78.12,CTR-118,2,42,0.9636,0.2938,PLAIN,2024,37871086.14,56.07
MPLADS-1236,Lakshadweep,LOK_SABHA,Sanitation,40792492.14,38145590.49,332,166,59.87,CTR-173,12,48,1.1998,0.7275,COASTAL,2025,57941197.67,131.67
MPLADS-1237,Karnataka,LOK_SABHA,Other Public Assets,1125166.24,1069941.21,130,120,78.64,CTR-008,11,19,1.1242,0.3037,PLAIN,2023,1419846.83,103.25
MPLADS-1238,Telangana,RAJYA_SABHA,Roads,27223729.32,23432329.5,374,439,70.23,CTR-049,10,54,1.0295,0.3472,PLAIN,2024,26525178.23,112.06
MPLADS-1239,Rajasthan,RAJYA_SABHA,Other Public Assets,16013512.9,13428805.64,319,15,6.91,CTR-033,1,22,1.2161,1.0,DESERT,2024,20867775.8,79.55
MPLADS-1240,Telangana,LOK_SABHA,Other Public Assets,8193272.28,8069087.62,506,630,85.47,CTR-138,0,50,0.9809,0.6316,HILLY,2024,10162656.84,97.42
MPLADS-1241,Gujarat,LOK_SABHA,Other Public Assets,26061573.33,21865057.83,168,12,28.4,CTR-165,6,49,1.0045,0.7611,COASTAL,2025,25720793.12,102.74
MPLADS-1242,Goa,LOK_SABHA,Healthcare,7777858.86,6640848.19,350,492,83.04,CTR-163,6,89,1.2113,0.277,COASTAL,2024,9788061.87,80.55
MPLADS-1243,Kerala,RAJYA_SABHA,Drinking Water,45676302.61,46937284.34,233,122,45.76,CTR-134,8,80,1.014,0.9504,COASTAL,2023,56620247.53,121.89
MPLADS-1244,Manipur,RAJYA_SABHA,Drinking Water,31923160.92,26249367.99,203,218,100.0,CTR-067,14,51,1.256,0.5825,HILLY,2024,45632298.52,95.61
MPLADS-1245,Chhattisgarh,LOK_SABHA,Drinking Water,11001665.58,11471246.49,169,130,68.87,CTR-071,12,16,1.1479,0.8242,DESERT,2024,16336938.1,119.91
MPLADS-1246,Jammu and Kashmir,LOK_SABHA,Drinking Water,31211643.8,28031613.28,97,81,84.77,CTR-025,12,0,1.0994,0.9309,HILLY,2024,39341391.97,112.5
MPLADS-1247,Sikkim,RAJYA_SABHA,Drinking Water,41842434.41,41111589.76,537,412,84.43,CTR-008,11,49,1.0913,0.3472,HILLY,2025,57992082.24,91.57
MPLADS-1248,Kerala,LOK_SABHA,Education,47965498.82,39788439.69,139,65,60.4,CTR-125,13,39,1.1848,0.3587,COASTAL,2025,58594536.4,108.8
MPLADS-1249,Sikkim,LOK_SABHA,Roads,857220.47,831368.95,437,535,100.0,CTR-168,2,49,1.3228,0.2004,HILLY,2023,1425185.46,79.64
MPLADS-1250,Sikkim,LOK_SABHA,Drinking Water,8474588.45,7440491.28,465,101,0.0,CTR-068,5,43,0.9598,0.3785,HILLY,2025,8393122.73,82.86
MPLADS-1251,Bihar,LOK_SABHA,Other Public Assets,5327176.17,5560556.68,165,141,95.25,CTR-140,6,0,1.2877,0.4076,PLAIN,2023,8308931.63,25.19
MPLADS-1252,Meghalaya,RAJYA_SABHA,Drinking Water,16990190.85,14419209.72,327,153,46.84,CTR-038,13,89,1.1612,0.7561,HILLY,2025,22890558.6,137.56
MPLADS-1253,Andhra Pradesh,LOK_SABHA,Education,13555962.32,12147718.1,433,349,87.36,CTR-135,12,66,1.0248,0.0727,PLAIN,2025,13466068.98,85.63
MPLADS-1254,Andhra Pradesh,LOK_SABHA,Education,28302309.59,27789942.72,231,244,100.0,CTR-125,13,45,1.087,0.3972,PLAIN,2024,34746901.48,57.57
MPLADS-1255,Gujarat,LOK_SABHA,Education,9609682.86,9492463.6,341,336,100.0,CTR-165,6,47,1.1698,1.0,DESERT,2024,14217987.34,99.3
MPLADS-1256,West Bengal,LOK_SABHA,Drinking Water,33247044.9,33915409.16,378,394,88.22,CTR-047,7,68,1.1139,0.7455,PLAIN,2023,42954752.13,109.45
MPLADS-1257,Maharashtra,RAJYA_SABHA,Sports Infrastructure,48976528.76,47660443.32,366,130,34.73,CTR-081,15,73,1.1165,0.9994,DESERT,2024,70397609.25,135.96
MPLADS-1258,Goa,RAJYA_SABHA,Bridges,2352811.35,2196240.04,360,282,60.62,CTR-084,13,86,1.0946,0.5041,COASTAL,2024,2983466.59,138.09
MPLADS-1259,Manipur,LOK_SABHA,Bridges,38442762.47,32133735.47,367,428,89.18,CTR-196,1,52,1.2878,0.7181,HILLY,2024,55440358.29,88.65
MPLADS-1260,Goa,RAJYA_SABHA,Other Public Assets,14974099.21,12101983.37,246,216,79.52,CTR-072,3,90,1.342,0.4621,COASTAL,2024,20760846.56,68.7
MPLADS-1261,Kerala,RAJYA_SABHA,Bridges,5016774.39,4958678.7,244,91,35.32,CTR-144,6,59,1.2877,0.9779,COASTAL,2025,7831222.53,91.61
MPLADS-1262,Kerala,LOK_SABHA,Community Halls,41503136.12,40296109.15,309,299,90.88,CTR-029,8,94,1.1028,0.7936,COASTAL,2024,57391490.09,89.68
MPLADS-1263,Karnataka,LOK_SABHA,Bridges,6522522.0,5957427.59,361,152,38.89,CTR-167,5,73,1.046,0.6151,PLAIN,2023,6811770.1,87.52
MPLADS-1264,Delhi,LOK_SABHA,Other Public Assets,13281318.63,13276578.36,460,155,19.78,CTR-013,11,41,1.0366,0.0758,PLAIN,2024,14652832.28,92.49
MPLADS-1265,Punjab,LOK_SABHA,Bridges,36830460.37,35235624.43,401,542,100.0,CTR-155,6,47,0.9784,0.9094,PLAIN,2025,37998071.11,56.06
MPLADS-1266,Assam,RAJYA_SABHA,Sports Infrastructure,13714857.57,13877535.87,494,372,83.65,CTR-167,5,85,1.1328,0.1904,COASTAL,2024,18743597.03,81.57
MPLADS-1267,Meghalaya,RAJYA_SABHA,Sports Infrastructure,3511990.91,3447206.15,257,347,78.77,CTR-006,13,70,1.2167,0.8758,HILLY,2023,5745644.08,152.19
MPLADS-1268,Haryana,LOK_SABHA,Electrification,15591471.67,15614867.83,537,781,100.0,CTR-017,8,41,0.9564,0.5018,COASTAL,2024,17065259.58,54.55
MPLADS-1269,Goa,LOK_SABHA,Drinking Water,44500527.38,40188896.35,345,308,70.36,CTR-051,12,83,1.3489,0.1022,COASTAL,2024,65533894.04,150.42
MPLADS-1270,Haryana,LOK_SABHA,Electrification,6150113.53,6181732.07,337,466,82.06,CTR-032,3,42,1.3163,0.0984,PLAIN,2024,9436623.52,33.18
MPLADS-1271,Manipur,LOK_SABHA,Community Halls,47620663.57,47301484.68,172,137,83.1,CTR-198,1,21,1.172,0.463,HILLY,2023,71445920.43,53.92
MPLADS-1272,Arunachal Pradesh,RAJYA_SABHA,Roads,33247127.75,27452255.91,257,49,6.25,CTR-101,13,50,1.2808,0.5491,HILLY,2023,47383097.47,113.26
MPLADS-1273,Madhya Pradesh,LOK_SABHA,Healthcare,22580901.44,23023957.24,341,395,100.0,CTR-123,10,55,0.992,0.2945,PLAIN,2023,25305583.0,79.7
MPLADS-1274,Himachal Pradesh,LOK_SABHA,Drinking Water,13008405.52,11075626.0,221,176,61.79,CTR-070,7,49,1.3123,0.9923,DESERT,2024,18507838.99,112.21
MPLADS-1275,Sikkim,LOK_SABHA,Other Public Assets,31905050.14,29031401.64,222,293,100.0,CTR-003,10,35,1.0268,0.442,HILLY,2025,36549083.75,103.17
MPLADS-1276,Sikkim,LOK_SABHA,Education,16325546.26,16485831.97,339,489,100.0,CTR-130,10,47,1.2258,0.3656,HILLY,2025,26632156.96,85.82
MPLADS-1277,Lakshadweep,LOK_SABHA,Education,35792742.12,34269992.52,426,239,60.43,CTR-191,10,47,1.058,0.8324,COASTAL,2024,44964086.54,68.44
MPLADS-1278,Mizoram,LOK_SABHA,Drinking Water,4498320.34,4168609.42,221,11,0.51,CTR-161,15,50,1.1565,0.538,HILLY,2025,6635729.8,126.74
MPLADS-1279,Karnataka,RAJYA_SABHA,Electrification,41740870.69,37209725.35,378,160,65.73,CTR-137,9,71,1.0489,0.9309,PLAIN,2024,45642838.4,86.59
MPLADS-1280,Jharkhand,RAJYA_SABHA,Electrification,30184790.25,30527719.71,264,109,62.14,CTR-145,15,62,1.0427,0.8768,PLAIN,2025,37606928.97,109.95
MPLADS-1281,Uttarakhand,RAJYA_SABHA,Other Public Assets,39920065.07,34682027.18,235,261,100.0,CTR-150,0,15,1.3238,0.4074,PLAIN,2024,53550962.36,10.89
MPLADS-1282,Delhi,RAJYA_SABHA,Sanitation,22939935.57,19837910.45,119,58,64.35,CTR-096,4,28,1.0002,0.4609,COASTAL,2025,22441577.67,53.78
MPLADS-1283,Telangana,LOK_SABHA,Education,28748512.13,26926626.57,214,301,93.97,CTR-193,9,49,1.2211,1.0,HILLY,2024,44143665.73,140.87
MPLADS-1284,Uttarakhand,RAJYA_SABHA,Other Public Assets,41640860.3,37369182.13,252,236,75.08,CTR-021,8,46,1.0561,0.3268,HILLY,2023,48302942.29,92.22
MPLADS-1285,Uttarakhand,LOK_SABHA,Drinking Water,48337324.95,41837516.34,318,392,86.52,CTR-107,12,63,1.0443,0.6276,HILLY,2024,56992550.5,136.92
MPLADS-1286,Dadra and Nagar Haveli and Daman and Diu,LOK_SABHA,Drinking Water,40949475.39,42242059.61,90,127,88.9,CTR-058,2,0,1.1271,0.1931,PLAIN,2024,52487739.98,5.95
MPLADS-1287,Lakshadweep,LOK_SABHA,Education,13741133.54,12396986.1,405,144,29.48,CTR-010,1,52,1.223,0.4865,COASTAL,2025,18386846.19,62.14
MPLADS-1288,West Bengal,LOK_SABHA,Sanitation,11626193.56,11601965.97,468,10,0.0,CTR-065,6,69,1.0984,1.0,HILLY,2025,17581702.44,97.59
MPLADS-1289,Puducherry,RAJYA_SABHA,Healthcare,31943238.08,28559021.33,338,384,100.0,CTR-100,2,47,1.0088,0.4524,COASTAL,2025,34077574.4,62.62
MPLADS-1290,Madhya Pradesh,RAJYA_SABHA,Education,20561326.78,17684862.38,187,7,0.0,CTR-094,6,25,1.0159,0.7598,HILLY,2025,22245090.92,100.96
MPLADS-1291,Sikkim,LOK_SABHA,Healthcare,39345004.04,33758964.83,333,52,6.09,CTR-184,11,47,1.1294,0.2874,HILLY,2025,51899634.33,111.95
MPLADS-1292,West Bengal,RAJYA_SABHA,Other Public Assets,25539690.53,23873939.08,291,227,90.37,CTR-165,6,72,1.1289,0.1902,PLAIN,2025,29240529.77,30.84
MPLADS-1293,Chandigarh,LOK_SABHA,Healthcare,35901522.69,36102777.7,451,243,41.4,CTR-134,8,49,1.1485,0.2245,HILLY,2024,53153408.52,87.81
MPLADS-1294,Nagaland,LOK_SABHA,Healthcare,48886096.54,45133854.58,331,124,49.59,CTR-153,14,54,1.1505,1.0,HILLY,2025,70772871.18,159.55
MPLADS-1295,Punjab,RAJYA_SABHA,Bridges,39916249.78,40679541.65,338,323,85.01,CTR-050,12,46,1.2253,0.511,HILLY,2024,67111247.33,141.84
MPLADS-1296,Haryana,RAJYA_SABHA,Sanitation,47079776.17,43756199.83,468,187,67.5,CTR-160,12,38,1.2007,0.9214,PLAIN,2023,62866202.51,116.94
MPLADS-1297,Bihar,LOK_SABHA,Other Public Assets,40577818.11,33341172.31,254,138,81.73,CTR-047,7,55,1.1651,0.9113,PLAIN,2025,45227561.61,56.57
MPLADS-1298,Gujarat,RAJYA_SABHA,Education,9449094.18,9910245.97,459,454,100.0,CTR-033,1,45,1.3346,0.2493,COASTAL,2024,16774716.84,49.36
MPLADS-1299,Ladakh,LOK_SABHA,Other Public Assets,14475390.53,12470260.1,174,2,37.32,CTR-036,1,3,1.002,0.2425,HILLY,2025,14410186.18,54.81
MPLADS-1300,Nagaland,RAJYA_SABHA,Other Public Assets,28410657.47,25800535.47,304,14,0.72,CTR-037,13,52,1.2557,0.6912,HILLY,2025,42292319.32,142.06
MPLADS-1301,Odisha,LOK_SABHA,Other Public Assets,38740287.13,38637585.25,470,27,8.44,CTR-173,12,78,1.0746,0.3429,COASTAL,2025,50051220.87,92.52
MPLADS-1302,Meghalaya,RAJYA_SABHA,Education,14976810.8,13406317.58,121,75,78.37,CTR-123,10,22,1.2785,0.6637,HILLY,2024,22904725.42,79.78
MPLADS-1303,Dadra and Nagar Haveli and Daman and Diu,RAJYA_SABHA,Bridges,13825136.61,11886837.11,369,161,57.27,CTR-159,8,46,1.0935,0.3584,HILLY,2025,16812131.75,74.55
MPLADS-1304,Punjab,RAJYA_SABHA,Bridges,5645688.26,4571120.34,444,124,42.07,CTR-163,6,43,1.0188,1.0,DESERT,2024,5754419.62,100.04
MPLADS-1305,Mizoram,RAJYA_SABHA,Sports Infrastructure,39358879.57,33547461.89,198,204,100.0,CTR-103,12,46,1.1268,0.1193,PLAIN,2023,42864460.9,74.3
MPLADS-1306,Dadra and Nagar Haveli and Daman and Diu,RAJYA_SABHA,Electrification,9308083.05,8048441.34,334,41,14.86,CTR-150,0,50,1.0677,0.8001,PLAIN,2023,9202382.15,56.12
MPLADS-1307,Lakshadweep,RAJYA_SABHA,Drinking Water,37883053.02,36627619.19,261,103,28.52,CTR-070,7,51,1.3022,0.9819,COASTAL,2023,60140385.16,100.84
MPLADS-1308,Delhi,LOK_SABHA,Healthcare,6017733.27,5321220.59,163,144,84.24,CTR-134,8,0,1.2135,0.789,PLAIN,2025,7376347.87,66.89
MPLADS-1309,Andhra Pradesh,RAJYA_SABHA,Education,21841595.0,21004883.27,394,584,100.0,CTR-146,13,65,1.237,0.9426,PLAIN,2024,31081999.71,111.01
MPLADS-1310,Karnataka,LOK_SABHA,Bridges,23262530.6,21709665.03,253,370,79.49,CTR-082,6,80,1.0409,1.0,HILLY,2025,29839180.4,169.38
MPLADS-1311,Karnataka,LOK_SABHA,Sanitation,22152784.69,23069761.63,324,135,53.94,CTR-033,1,57,1.2349,0.6751,PLAIN,2024,32190318.62,69.49
MPLADS-1312,Mizoram,RAJYA_SABHA,Community Halls,39577834.08,32322056.68,147,29,8.34,CTR-189,3,0,1.1862,0.6162,HILLY,2024,49951789.97,56.42
MPLADS-1313,Tripura,RAJYA_SABHA,Sports Infrastructure,9011971.18,8742156.87,277,277,100.0,CTR-080,10,48,1.0624,0.4611,COASTAL,2024,11562483.35,66.7
MPLADS-1314,Uttar Pradesh,LOK_SABHA,Drinking Water,34803762.66,28131360.18,209,137,51.98,CTR-040,10,60,1.0558,1.0,HILLY,2024,40598890.96,131.65
MPLADS-1315,Delhi,RAJYA_SABHA,Roads,23101927.21,20931246.78,406,220,61.35,CTR-188,6,37,1.0246,0.3981,PLAIN,2023,24866842.9,35.77
MPLADS-1316,Chhattisgarh,LOK_SABHA,Bridges,46638309.98,38710313.79,427,429,100.0,CTR-009,3,51,1.0964,0.8724,PLAIN,2025,49815383.01,66.66
MPLADS-1317,Andaman and Nicobar Islands,LOK_SABHA,Drinking Water,15894268.23,14076928.08,427,275,53.05,CTR-146,13,46,1.044,1.0,HILLY,2025,19509076.05,162.3
MPLADS-1318,Haryana,RAJYA_SABHA,Sports Infrastructure,33930495.31,28473489.11,450,372,78.89,CTR-016,12,41,1.0903,0.0165,PLAIN,2024,33388361.96,67.49
MPLADS-1319,Karnataka,RAJYA_SABHA,Healthcare,18137496.94,14830154.11,391,149,28.56,CTR-158,8,74,1.2842,0.4127,PLAIN,2025,21780043.87,54.26
MPLADS-1320,Goa,RAJYA_SABHA,Sanitation,48925261.2,49933948.93,183,61,47.13,CTR-125,13,86,1.1281,0.5731,COASTAL,2024,69236164.07,122.84
MPLADS-1321,Madhya Pradesh,RAJYA_SABHA,Other Public Assets,42511241.11,35249311.28,301,38,27.91,CTR-101,13,43,1.012,0.2156,PLAIN,2025,37463568.98,93.21
MPLADS-1322,Nagaland,LOK_SABHA,Education,39503211.62,32019271.05,429,222,42.54,CTR-158,8,54,1.0892,0.5637,DESERT,2024,44293093.66,94.3
MPLADS-1323,Sikkim,RAJYA_SABHA,Drinking Water,33635586.08,28875418.96,462,470,100.0,CTR-056,0,46,1.0131,0.6134,HILLY,2025,36333327.71,67.18
MPLADS-1324,Uttarakhand,LOK_SABHA,Healthcare,9877301.26,10129810.36,265,261,65.28,CTR-182,2,65,1.0672,0.363,HILLY,2025,13782244.9,107.98
MPLADS-1325,Gujarat,LOK_SABHA,Sanitation,16563088.0,17094934.34,278,332,100.0,CTR-078,3,26,1.3106,0.8285,COASTAL,2025,28125036.03,74.8
MPLADS-1326,Chandigarh,LOK_SABHA,Bridges,22884159.5,19051119.08,117,124,81.98,CTR-199,5,13,1.3317,0.3128,PLAIN,2025,29205310.09,54.11
MPLADS-1327,Tripura,LOK_SABHA,Healthcare,41006797.64,36444080.26,111,18,10.86,CTR-145,15,0,1.2691,0.8749,HILLY,2023,62458480.46,126.74
MPLADS-1328,Chhattisgarh,RAJYA_SABHA,Bridges,17035812.58,17839950.97,484,520,100.0,CTR-106,12,61,1.0773,0.3294,PLAIN,2023,22253367.1,60.72
MPLADS-1329,Andaman and Nicobar Islands,LOK_SABHA,Roads,30607807.62,31931926.96,384,132,21.18,CTR-005,6,52,1.0129,0.1292,COASTAL,2025,37623994.04,76.45
MPLADS-1330,Odisha,LOK_SABHA,Electrification,15100236.61,14785299.35,397,441,100.0,CTR-038,13,78,1.2389,0.7143,COASTAL,2025,23102871.62,128.34
MPLADS-1331,Karnataka,RAJYA_SABHA,Education,28289048.67,27309250.3,322,471,93.09,CTR-031,7,72,1.2618,0.4331,PLAIN,2025,41767845.75,89.99
MPLADS-1332,Bihar,RAJYA_SABHA,Healthcare,24177602.5,24612271.02,459,504,100.0,CTR-037,13,62,1.2206,0.2576,PLAIN,2024,36150338.01,109.21
MPLADS-1333,Assam,RAJYA_SABHA,Roads,18436839.96,15018868.02,169,42,33.89,CTR-024,14,92,1.0118,0.8572,PLAIN,2023,18295096.56,110.8
MPLADS-1334,Andaman and Nicobar Islands,LOK_SABHA,Bridges,23848400.57,22364536.35,301,433,83.24,CTR-028,13,35,1.3087,0.0994,COASTAL,2025,36719254.67,100.3
MPLADS-1335,Puducherry,RAJYA_SABHA,Drinking Water,35572710.64,34695740.12,286,329,100.0,CTR-108,10,50,0.9892,0.1894,COASTAL,2024,40948256.05,72.21
MPLADS-1336,Nagaland,LOK_SABHA,Community Halls,1960149.16,1836360.7,322,147,75.12,CTR-125,13,47,1.0411,0.6171,HILLY,2024,2588371.34,140.92
MPLADS-1337,West Bengal,RAJYA_SABHA,Education,36710701.6,38138353.6,410,465,100.0,CTR-184,11,67,0.9584,0.9253,PLAIN,2024,42585257.95,76.16
MPLADS-1338,Tamil Nadu,LOK_SABHA,Education,32270653.61,27507734.11,536,560,90.68,CTR-172,1,47,1.275,0.0458,PLAIN,2024,39258325.33,27.13
MPLADS-1339,Tamil Nadu,LOK_SABHA,Sports Infrastructure,23024743.43,22198650.37,334,296,100.0,CTR-109,7,46,0.9746,0.7702,HILLY,2025,27670686.66,142.58
MPLADS-1340,Jharkhand,RAJYA_SABHA,Electrification,28909841.4,28403807.37,500,728,100.0,CTR-160,12,64,1.1188,0.5816,PLAIN,2025,36756213.92,113.15
MPLADS-1341,Dadra and Nagar Haveli and Daman and Diu,LOK_SABHA,Community Halls,24467148.41,25088448.62,396,585,100.0,CTR-179,14,53,1.0103,0.3523,HILLY,2025,32068169.74,112.77
MPLADS-1342,Gujarat,RAJYA_SABHA,Sanitation,43491133.45,39699120.34,171,149,58.48,CTR-096,4,0,1.1728,0.9719,PLAIN,2025,54213752.58,71.28
MPLADS-1343,Nagaland,LOK_SABHA,Drinking Water,11946690.22,12124066.27,254,253,97.82,CTR-133,1,25,1.1317,1.0,HILLY,2025,17556038.03,57.41
MPLADS-1344,Delhi,RAJYA_SABHA,Roads,49249762.81,45318512.21,389,39,25.47,CTR-076,7,36,1.0746,0.9095,PLAIN,2024,56791968.72,73.79
MPLADS-1345,Lakshadweep,LOK_SABHA,Drinking Water,12005937.51,11016509.87,137,76,67.84,CTR-058,2,34,1.2632,0.7071,COASTAL,2023,16950486.37,62.95
MPLADS-1346,Andhra Pradesh,LOK_SABHA,Education,29577214.55,27911019.06,243,57,60.46,CTR-078,3,62,1.2298,0.9545,HILLY,2023,44960148.8,101.81
MPLADS-1347,Jharkhand,LOK_SABHA,Electrification,5833670.56,4849820.59,188,205,100.0,CTR-018,2,43,1.2131,0.1549,PLAIN,2024,6694956.62,38.2
MPLADS-1348,Jharkhand,LOK_SABHA,Drinking Water,34463594.4,27769843.69,230,46,13.49,CTR-037,13,18,1.197,0.1526,PLAIN,2025,37895269.07,61.38
MPLADS-1349,Maharashtra,LOK_SABHA,Healthcare,22398084.06,20643488.03,390,29,30.46,CTR-008,11,87,1.1334,0.1734,COASTAL,2025,28142018.09,124.78
MPLADS-1350,Maharashtra,LOK_SABHA,Healthcare,25900512.59,23621208.6,399,19,0.0,CTR-132,8,81,1.333,0.8997,DESERT,2025,41599994.97,125.25
MPLADS-1351,Bihar,LOK_SABHA,Sports Infrastructure,13673075.47,13051669.27,360,329,85.14,CTR-005,6,67,0.9512,0.3001,PLAIN,2025,13156535.58,79.09
MPLADS-1352,Lakshadweep,LOK_SABHA,Sports Infrastructure,30825830.58,28982575.33,519,316,59.02,CTR-196,1,47,1.0602,0.3173,COASTAL,2024,35898543.61,34.36
MPLADS-1353,Sikkim,RAJYA_SABHA,Bridges,7086866.55,7418041.29,127,130,100.0,CTR-158,8,50,1.0435,1.0,HILLY,2024,10065533.32,137.18
MPLADS-1354,Sikkim,RAJYA_SABHA,Education,36030731.4,29042665.71,354,122,35.73,CTR-196,1,44,1.0129,1.0,HILLY,2024,38527576.03,73.36
MPLADS-1355,Mizoram,RAJYA_SABHA,Community Halls,41194782.15,34658271.53,354,424,100.0,CTR-132,8,50,1.0773,1.0,HILLY,2023,50466143.37,126.75
MPLADS-1356,Dadra and Nagar Haveli and Daman and Diu,RAJYA_SABHA,Drinking Water,30962824.5,28781050.96,326,468,81.71,CTR-081,15,53,1.0895,0.4209,COASTAL,2025,39191803.56,131.98
MPLADS-1357,Dadra and Nagar Haveli and Daman and Diu,RAJYA_SABHA,Healthcare,31345523.37,27007889.14,362,212,38.05,CTR-145,15,50,1.3264,0.5243,HILLY,2025,48293439.78,115.1
MPLADS-1358,Nagaland,RAJYA_SABHA,Bridges,23424060.49,20269022.14,427,576,100.0,CTR-189,3,50,1.2993,1.0,HILLY,2025,36185215.49,85.03
MPLADS-1359,Jharkhand,LOK_SABHA,Bridges,48900539.63,43556671.82,298,380,100.0,CTR-034,8,66,1.1918,0.7785,PLAIN,2025,62750066.42,63.09
MPLADS-1360,Kerala,RAJYA_SABHA,Drinking Water,43023356.53,38313114.6,435,202,37.87,CTR-193,9,95,1.1167,0.4967,PLAIN,2025,49945605.91,125.01
MPLADS-1361,Manipur,RAJYA_SABHA,Sanitation,5953440.2,4970284.75,179,190,100.0,CTR-115,8,51,1.0822,1.0,HILLY,2024,7087611.43,118.96
MPLADS-1362,Odisha,LOK_SABHA,Education,8036277.42,7123181.08,413,532,100.0,CTR-159,8,74,0.9842,0.6483,PLAIN,2023,7730062.88,90.94
MPLADS-1363,Telangana,LOK_SABHA,Other Public Assets,11400522.05,11627294.46,277,346,100.0,CTR-183,7,24,1.2006,0.4627,PLAIN,2024,15729905.4,65.26
MPLADS-1364,Kerala,RAJYA_SABHA,Drinking Water,23665789.74,20720560.27,512,47,7.89,CTR-172,1,93,1.2932,0.9751,PLAIN,2024,32688411.61,49.76
MPLADS-1365,Andhra Pradesh,LOK_SABHA,Electrification,22307420.19,18681708.16,486,699,100.0,CTR-152,4,66,1.35,0.3864,COASTAL,2025,32034395.09,83.04
MPLADS-1366,Chandigarh,LOK_SABHA,Electrification,25235033.55,23573456.68,509,314,48.98,CTR-175,11,49,1.0386,0.2806,PLAIN,2025,27022640.46,113.26
MPLADS-1367,Rajasthan,LOK_SABHA,Drinking Water,15569785.83,15930348.55,183,115,50.95,CTR-092,12,8,0.9832,0.3553,DESERT,2025,18235675.5,70.54
MPLADS-1368,Maharashtra,LOK_SABHA,Drinking Water,31967364.61,30459187.84,332,278,68.93,CTR-074,2,78,1.2951,0.5731,HILLY,2025,52681257.08,107.35
MPLADS-1369,Sikkim,RAJYA_SABHA,Community Halls,38310417.14,38768145.4,407,35,0.0,CTR-089,12,52,1.1493,0.2841,HILLY,2024,58206087.38,104.75
MPLADS-1370,Chhattisgarh,LOK_SABHA,Sanitation,8752215.08,7945645.33,274,101,59.13,CTR-150,0,27,1.043,0.2344,HILLY,2024,10040417.46,51.02
MPLADS-1371,Puducherry,RAJYA_SABHA,Electrification,5149713.99,4380565.04,354,56,2.52,CTR-106,12,47,0.9764,0.2194,PLAIN,2025,4608080.3,72.89
MPLADS-1372,West Bengal,RAJYA_SABHA,Roads,34768757.43,32236718.27,147,204,100.0,CTR-179,14,75,1.2126,0.6992,COASTAL,2024,49326329.5,147.22
MPLADS-1373,Andaman and Nicobar Islands,LOK_SABHA,Electrification,13054595.29,11282515.51,118,119,99.84,CTR-116,9,12,1.3377,0.8626,PLAIN,2024,18167085.14,86.47
MPLADS-1374,Kerala,LOK_SABHA,Sports Infrastructure,29351200.85,23922958.66,216,5,0.0,CTR-091,6,0,1.1501,0.0235,COASTAL,2025,32124258.01,35.05
MPLADS-1375,Meghalaya,LOK_SABHA,Electrification,46504604.27,38551275.75,270,63,0.42,CTR-152,4,101,1.2069,0.4936,PLAIN,2024,53894535.62,95.49
MPLADS-1376,Himachal Pradesh,LOK_SABHA,Healthcare,35155965.25,29135902.05,94,31,23.43,CTR-055,7,13,1.1326,0.762,HILLY,2025,42712552.98,97.67
MPLADS-1377,Madhya Pradesh,RAJYA_SABHA,Sports Infrastructure,23658051.85,19767963.13,289,230,75.54,CTR-019,13,26,1.3368,0.4094,DESERT,2024,34172104.29,99.47
MPLADS-1378,Assam,LOK_SABHA,Drinking Water,31078457.47,27740386.06,306,193,42.71,CTR-060,10,95,1.1591,0.7114,PLAIN,2025,38580952.13,91.65
MPLADS-1379,Sikkim,LOK_SABHA,Community Halls,1930393.35,1803655.67,215,87,61.9,CTR-177,11,37,1.2762,0.7,HILLY,2024,3094378.19,99.82
MPLADS-1380,Kerala,RAJYA_SABHA,Education,38079760.13,33643231.71,197,264,88.52,CTR-068,5,86,1.0764,0.6591,COASTAL,2023,44413232.81,109.09
MPLADS-1381,Karnataka,LOK_SABHA,Community Halls,2938568.75,2655678.64,126,162,95.03,CTR-064,15,0,1.1202,0.1566,PLAIN,2025,3232846.05,98.33
MPLADS-1382,Punjab,LOK_SABHA,Drinking Water,19387903.48,17312695.54,492,520,96.89,CTR-079,9,43,1.2965,0.6626,PLAIN,2023,27079463.14,87.26
MPLADS-1383,Jharkhand,RAJYA_SABHA,Education,31054834.01,30232229.44,515,248,47.58,CTR-120,1,69,1.1496,0.3168,HILLY,2025,43690115.52,68.0
MPLADS-1384,Himachal Pradesh,RAJYA_SABHA,Other Public Assets,21568074.43,18858025.75,268,264,100.0,CTR-124,7,28,1.2536,0.79,HILLY,2023,31448184.79,79.41
MPLADS-1385,Tamil Nadu,LOK_SABHA,Education,48768090.98,42792222.91,172,215,92.19,CTR-048,14,54,1.0107,0.1193,PLAIN,2024,47344369.58,83.5
MPLADS-1386,Meghalaya,LOK_SABHA,Other Public Assets,9594744.79,8203836.91,395,578,92.33,CTR-109,7,85,1.3382,0.366,HILLY,2025,14906377.94,90.31
MPLADS-1387,Meghalaya,LOK_SABHA,Other Public Assets,36319015.47,35243541.28,173,120,79.19,CTR-105,12,0,1.3342,1.0,HILLY,2024,65208192.26,83.27
MPLADS-1388,West Bengal,LOK_SABHA,Sports Infrastructure,2929061.74,2353793.04,390,389,100.0,CTR-098,10,73,1.1283,0.5799,COASTAL,2025,3215619.21,88.33
MPLADS-1389,Sikkim,LOK_SABHA,Sports Infrastructure,35856448.82,31051940.39,400,456,100.0,CTR-092,12,47,1.2205,0.4926,HILLY,2024,50256097.14,117.54
MPLADS-1390,Goa,LOK_SABHA,Other Public Assets,47451914.16,48529411.92,149,165,95.39,CTR-112,12,84,1.2515,0.6511,HILLY,2023,84158225.42,95.95
MPLADS-1391,West Bengal,LOK_SABHA,Healthcare,37753534.89,31543236.39,531,279,52.57,CTR-050,12,71,1.034,0.1428,PLAIN,2024,36222902.57,100.97
MPLADS-1392,Odisha,RAJYA_SABHA,Bridges,24485216.78,21626564.15,383,386,71.29,CTR-083,2,77,1.2404,0.4927,HILLY,2024,35850843.87,92.81
MPLADS-1393,Sikkim,RAJYA_SABHA,Drinking Water,29423010.45,24440021.0,200,278,95.58,CTR-133,1,49,1.272,0.4741,HILLY,2025,40037274.13,87.03
MPLADS-1394,Chandigarh,LOK_SABHA,Sanitation,34685997.86,29040352.56,179,160,81.98,CTR-178,2,0,1.0429,0.1712,PLAIN,2023,31832838.97,6.6
MPLADS-1395,Uttar Pradesh,LOK_SABHA,Education,48960273.88,40451220.53,509,417,100.0,CTR-137,9,62,1.2864,0.9085,PLAIN,2025,62754510.47,72.57
MPLADS-1396,Dadra and Nagar Haveli and Daman and Diu,LOK_SABHA,Healthcare,6946239.96,6010522.49,156,193,92.37,CTR-128,12,0,1.0481,0.492,PLAIN,2023,7125690.45,66.22
MPLADS-1397,Meghalaya,LOK_SABHA,Bridges,29018396.02,30422065.93,501,107,0.0,CTR-144,6,100,1.0726,0.7738,PLAIN,2024,38259543.64,96.01
MPLADS-1398,Madhya Pradesh,RAJYA_SABHA,Sports Infrastructure,3853687.73,3848285.26,268,30,0.0,CTR-050,12,15,0.9774,0.6076,PLAIN,2024,4165917.97,83.04
MPLADS-1399,Andaman and Nicobar Islands,LOK_SABHA,Education,29905575.13,25158061.58,223,170,81.34,CTR-146,13,55,1.0258,0.9932,COASTAL,2023,31642548.76,101.07
MPLADS-1400,Puducherry,LOK_SABHA,Community Halls,26017509.3,22930821.74,340,381,100.0,CTR-021,8,48,0.9913,0.1239,PLAIN,2025,23599911.18,61.67
MPLADS-1401,Jammu and Kashmir,RAJYA_SABHA,Sports Infrastructure,37775072.46,36862128.5,281,78,36.06,CTR-195,15,21,1.2849,0.6871,HILLY,2023,63692695.73,89.37
MPLADS-1402,Sikkim,LOK_SABHA,Electrification,1303185.38,1166889.24,439,585,100.0,CTR-079,9,50,1.3111,0.6138,HILLY,2024,2106049.21,120.8
MPLADS-1403,Ladakh,RAJYA_SABHA,Community Halls,34100941.91,33586695.99,135,71,51.94,CTR-173,12,12,1.2468,0.7843,HILLY,2024,56164792.08,87.97
MPLADS-1404,Uttar Pradesh,LOK_SABHA,Electrification,15688719.12,16252108.37,494,640,91.61,CTR-079,9,61,1.1147,0.245,HILLY,2024,23046242.12,94.66
MPLADS-1405,Delhi,LOK_SABHA,Education,38645816.42,39425265.48,363,500,100.0,CTR-180,8,38,1.3359,0.148,PLAIN,2025,61272069.86,51.28
MPLADS-1406,Ladakh,LOK_SABHA,Sports Infrastructure,1284952.21,1310785.08,136,108,91.1,CTR-111,4,0,1.3077,0.9438,HILLY,2025,2304981.25,71.6
MPLADS-1407,Andaman and Nicobar Islands,LOK_SABHA,Education,23613156.53,23954201.87,366,289,74.85,CTR-160,12,48,1.1476,0.2781,HILLY,2024,36726294.53,97.16
MPLADS-1408,Goa,RAJYA_SABHA,Sports Infrastructure,5569159.83,5804774.34,473,480,99.82,CTR-142,3,78,1.1136,0.6426,COASTAL,2023,7680791.26,79.86
MPLADS-1409,Bihar,LOK_SABHA,Sports Infrastructure,11652469.71,11187894.15,286,301,100.0,CTR-057,8,67,1.1772,0.2184,HILLY,2024,16746002.84,110.72
MPLADS-1410,Kerala,RAJYA_SABHA,Healthcare,25266788.89,25603316.06,125,22,30.51,CTR-049,10,0,0.9873,0.2207,PLAIN,2024,28681246.55,45.91
MPLADS-1411,Meghalaya,RAJYA_SABHA,Healthcare,40557985.45,39048165.3,307,385,88.39,CTR-136,4,74,1.2395,1.0,HILLY,2024,64340333.78,84.25
MPLADS-1412,Jharkhand,RAJYA_SABHA,Healthcare,23195772.46,20124888.3,245,169,73.09,CTR-027,6,65,1.1291,0.5137,DESERT,2024,27311838.46,69.41
MPLADS-1413,Jammu and Kashmir,LOK_SABHA,Electrification,8860687.0,8235118.46,349,163,21.82,CTR-176,7,37,0.956,1.0,HILLY,2024,10407025.12,104.05
MPLADS-1414,Ladakh,LOK_SABHA,Roads,14413197.28,13980375.71,393,454,100.0,CTR-184,11,15,1.1935,0.8177,HILLY,2024,22032034.58,106.49
MPLADS-1415,Jammu and Kashmir,RAJYA_SABHA,Sanitation,6332183.2,5335709.17,472,529,88.17,CTR-168,2,37,1.1177,1.0,HILLY,2025,8026568.96,108.44
MPLADS-1416,Himachal Pradesh,LOK_SABHA,Drinking Water,34611403.47,32644810.65,257,99,33.25,CTR-081,15,66,1.1001,0.288,HILLY,2024,47927294.0,135.92
MPLADS-1417,Andhra Pradesh,LOK_SABHA,Community Halls,32378403.86,28855141.66,254,274,87.68,CTR-186,7,32,1.116,0.1012,PLAIN,2025,35378456.84,57.81
MPLADS-1418,Punjab,LOK_SABHA,Bridges,15488510.77,14983066.31,177,235,83.75,CTR-161,15,35,1.0383,0.714,PLAIN,2023,18800512.01,63.33
MPLADS-1419,Jammu and Kashmir,LOK_SABHA,Roads,41229392.44,38691502.58,224,21,4.86,CTR-109,7,39,0.9796,0.0552,PLAIN,2024,39584750.64,62.43
MPLADS-1420,Gujarat,LOK_SABHA,Bridges,1897177.55,1544079.4,341,201,31.41,CTR-141,15,50,1.2237,0.4254,COASTAL,2024,2342208.84,84.09
MPLADS-1421,Dadra and Nagar Haveli and Daman and Diu,LOK_SABHA,Roads,33784347.47,33866648.05,218,229,98.51,CTR-081,15,52,1.3261,0.6439,PLAIN,2024,55797301.75,119.76
MPLADS-1422,Tamil Nadu,LOK_SABHA,Education,26155391.03,24906640.73,196,152,64.01,CTR-192,10,36,1.0694,0.4543,COASTAL,2024,32096921.49,67.53
MPLADS-1423,Punjab,RAJYA_SABHA,Electrification,7403397.84,7572944.57,163,216,99.11,CTR-002,12,0,1.1885,0.5125,COASTAL,2024,10959966.87,83.49
MPLADS-1424,Chhattisgarh,RAJYA_SABHA,Sports Infrastructure,33735312.33,34015459.6,230,225,100.0,CTR-061,14,59,1.093,0.3627,PLAIN,2024,42608309.56,122.02
MPLADS-1425,Uttarakhand,LOK_SABHA,Sanitation,35139920.25,33525854.58,487,285,68.48,CTR-046,15,68,1.043,0.488,HILLY,2025,46621211.26,156.71
MPLADS-1426,Puducherry,LOK_SABHA,Roads,3872250.62,3277421.5,266,166,100.0,CTR-070,7,53,1.2772,0.886,COASTAL,2023,5484979.53,74.93
MPLADS-1427,Odisha,LOK_SABHA,Bridges,44538899.22,37274208.11,498,620,100.0,CTR-067,14,78,1.0193,0.3536,HILLY,2023,49464760.04,100.49
MPLADS-1428,Mizoram,LOK_SABHA,Bridges,45256572.04,44312488.24,467,84,23.85,CTR-156,10,51,0.9595,1.0,HILLY,2024,55750946.22,124.86
MPLADS-1429,Tripura,LOK_SABHA,Education,44505513.96,45332730.79,185,48,39.38,CTR-186,7,38,1.06,0.3482,PLAIN,2024,52689793.06,52.26
MPLADS-1430,Dadra and Nagar Haveli and Daman and Diu,LOK_SABHA,Healthcare,2287865.43,2039934.3,464,354,56.76,CTR-092,12,45,0.952,1.0,HILLY,2024,2550725.62,153.76
MPLADS-1431,Himachal Pradesh,LOK_SABHA,Roads,33435727.84,34965671.45,119,101,100.0,CTR-100,2,57,1.1547,1.0,HILLY,2025,53029907.42,57.1
MPLADS-1432,Bihar,LOK_SABHA,Education,31157885.97,27139838.01,351,25,0.0,CTR-161,15,74,1.1843,0.7927,PLAIN,2024,37886100.32,145.58
MPLADS-1433,Goa,LOK_SABHA,Other Public Assets,5245717.85,5142927.62,214,100,45.06,CTR-187,2,90,1.3092,0.0973,COASTAL,2024,7910483.46,41.91
MPLADS-1434,Jammu and Kashmir,RAJYA_SABHA,Healthcare,32397037.98,31446493.65,126,9,29.23,CTR-147,0,20,1.1078,0.6894,HILLY,2024,42518543.19,52.88
MPLADS-1435,Nagaland,LOK_SABHA,Bridges,17392469.92,16006611.33,225,211,77.75,CTR-062,11,52,0.9689,0.2799,HILLY,2023,19476081.86,116.55
MPLADS-1436,Chandigarh,RAJYA_SABHA,Other Public Assets,46677859.47,38094906.11,473,645,100.0,CTR-114,7,47,1.0095,0.3595,COASTAL,2025,42654350.26,86.21
MPLADS-1437,Rajasthan,LOK_SABHA,Education,44776839.44,36845018.12,167,245,100.0,CTR-052,3,8,1.3119,1.0,DESERT,2023,61745237.09,43.49
MPLADS-1438,Jammu and Kashmir,LOK_SABHA,Sports Infrastructure,40356515.21,32574589.58,300,167,71.42,CTR-172,1,30,1.2921,1.0,HILLY,2023,56491793.18,67.19
MPLADS-1439,Andhra Pradesh,LOK_SABHA,Healthcare,25105744.51,24709054.37,430,354,93.81,CTR-161,15,58,1.3106,0.3802,PLAIN,2024,39648612.08,104.77
MPLADS-1440,West Bengal,LOK_SABHA,Sanitation,44787143.22,38676531.64,238,86,29.16,CTR-148,3,57,1.247,0.3869,PLAIN,2024,54002050.6,57.15
MPLADS-1441,West Bengal,LOK_SABHA,Roads,32623052.61,28140221.63,428,205,78.49,CTR-003,10,74,1.2371,0.3283,PLAIN,2024,40172061.6,86.59
MPLADS-1442,Andhra Pradesh,RAJYA_SABHA,Community Halls,44370834.22,44538919.79,192,274,100.0,CTR-076,7,0,1.0418,0.358,DESERT,2024,55036634.52,72.81
MPLADS-1443,Manipur,LOK_SABHA,Community Halls,39819017.4,38400302.37,120,30,21.59,CTR-040,10,28,1.0514,1.0,HILLY,2023,52308853.76,121.85
MPLADS-1444,Dadra and Nagar Haveli and Daman and Diu,RAJYA_SABHA,Bridges,9061539.16,8379533.42,486,657,87.04,CTR-007,1,53,1.0969,0.4729,DESERT,2024,11161309.03,67.84
MPLADS-1445,Karnataka,LOK_SABHA,Electrification,37130075.03,35670756.67,183,2,21.33,CTR-071,12,74,1.2804,0.9906,COASTAL,2025,59995009.96,111.73
MPLADS-1446,Kerala,LOK_SABHA,Electrification,6642851.58,6690798.42,452,314,35.46,CTR-103,12,84,1.3471,0.7862,COASTAL,2023,11790002.05,175.86
MPLADS-1447,Sikkim,LOK_SABHA,Roads,49877574.5,48321493.72,339,107,28.9,CTR-025,12,51,1.1969,0.6356,HILLY,2025,78168245.92,113.92
MPLADS-1448,Jharkhand,LOK_SABHA,Sanitation,2829823.53,2867208.29,472,327,71.77,CTR-120,1,71,1.0781,0.5469,PLAIN,2025,3370158.63,89.13
MPLADS-1449,Nagaland,LOK_SABHA,Roads,12131872.31,11867943.83,161,15,28.37,CTR-068,5,53,1.3469,0.8771,HILLY,2025,21568299.49,100.26
MPLADS-1450,Chhattisgarh,LOK_SABHA,Sanitation,43638172.96,38592799.65,242,169,74.18,CTR-030,7,59,1.3332,0.5598,COASTAL,2024,64046719.17,91.73
MPLADS-1451,Assam,RAJYA_SABHA,Drinking Water,48127840.23,38731010.43,462,357,66.93,CTR-084,13,98,1.1505,0.4819,DESERT,2025,55856799.13,128.6
MPLADS-1452,Puducherry,LOK_SABHA,Education,8571797.99,8317687.52,417,272,59.83,CTR-026,10,49,0.9502,0.7672,COASTAL,2025,9560567.45,92.5
MPLADS-1453,Puducherry,LOK_SABHA,Sports Infrastructure,12867845.18,10997771.25,461,2,0.0,CTR-041,2,46,1.1342,0.8401,PLAIN,2025,14672408.33,60.1
MPLADS-1454,Uttar Pradesh,LOK_SABHA,Drinking Water,16144543.46,14843968.44,203,116,77.29,CTR-096,4,32,1.2439,0.098,PLAIN,2024,20712211.36,38.33
MPLADS-1455,Arunachal Pradesh,RAJYA_SABHA,Sports Infrastructure,40101684.34,32301623.95,538,436,70.43,CTR-019,13,53,1.2199,1.0,HILLY,2024,53512715.39,165.59
MPLADS-1456,Ladakh,LOK_SABHA,Community Halls,9680613.64,8345685.18,132,98,55.71,CTR-073,7,13,1.2622,0.2115,HILLY,2024,13516537.95,42.07
MPLADS-1457,Manipur,LOK_SABHA,Bridges,25727064.38,22837908.87,515,439,74.92,CTR-185,7,52,1.205,1.0,HILLY,2025,36350445.76,117.04
MPLADS-1458,Andhra Pradesh,RAJYA_SABHA,Education,4433143.3,4064714.13,246,147,57.41,CTR-003,10,65,1.0563,0.3693,COASTAL,2025,5176724.96,78.3
MPLADS-1459,Gujarat,RAJYA_SABHA,Drinking Water,47050332.19,42260431.22,296,217,56.85,CTR-114,7,52,1.181,0.8382,COASTAL,2024,63015581.61,102.19
MPLADS-1460,Jammu and Kashmir,LOK_SABHA,Roads,31742685.4,31103750.72,356,221,61.12,CTR-125,13,37,1.1985,0.4474,HILLY,2023,50776491.64,91.46
MPLADS-1461,Kerala,RAJYA_SABHA,Healthcare,40782849.32,40538854.49,328,362,83.05,CTR-177,11,88,1.1415,0.9745,PLAIN,2025,56662500.87,111.36
MPLADS-1462,Himachal Pradesh,RAJYA_SABHA,Community Halls,11260933.79,10030175.08,434,159,39.09,CTR-112,12,60,1.2817,0.9537,HILLY,2024,17622075.08,129.82
MPLADS-1463,Karnataka,LOK_SABHA,Electrification,42733297.01,41893222.8,427,519,89.82,CTR-044,5,73,1.2072,0.5524,PLAIN,2024,56891991.74,59.51
MPLADS-1464,Punjab,RAJYA_SABHA,Healthcare,1698506.46,1465008.76,291,74,22.77,CTR-034,8,46,1.1355,0.7245,PLAIN,2024,1967250.86,71.19
MPLADS-1465,Uttar Pradesh,LOK_SABHA,Bridges,49239818.94,47202780.42,125,144,98.61,CTR-181,15,33,1.1694,0.6821,PLAIN,2025,65381764.92,83.02
MPLADS-1466,Telangana,RAJYA_SABHA,Healthcare,38098316.57,38699237.69,172,190,100.0,CTR-143,4,13,1.1188,0.3021,PLAIN,2024,48285879.73,28.86
MPLADS-1467,Nagaland,LOK_SABHA,Sanitation,45658712.74,39260669.5,256,34,5.69,CTR-047,7,48,1.1053,0.7744,HILLY,2023,55508638.3,97.43
MPLADS-1468,Haryana,RAJYA_SABHA,Other Public Assets,37719970.97,35353459.6,520,652,85.49,CTR-013,11,40,1.1604,0.5899,PLAIN,2023,47756415.6,73.74
MPLADS-1469,Manipur,RAJYA_SABHA,Sports Infrastructure,965419.35,1011037.86,159,126,92.21,CTR-136,4,14,1.312,0.7245,HILLY,2023,1790411.67,82.18
MPLADS-1470,Dadra and Nagar Haveli and Daman and Diu,LOK_SABHA,Healthcare,25161214.88,24330762.9,393,126,34.97,CTR-139,5,48,0.9893,0.2497,PLAIN,2025,25204555.55,36.92
MPLADS-1471,Meghalaya,LOK_SABHA,Sports Infrastructure,18566476.27,19448569.11,245,282,100.0,CTR-036,1,74,1.2445,0.5478,PLAIN,2023,29233681.0,67.57
MPLADS-1472,Haryana,LOK_SABHA,Roads,34399092.95,30621019.35,505,641,100.0,CTR-108,10,39,1.0484,0.0496,PLAIN,2023,34554847.91,50.38
MPLADS-1473,Gujarat,RAJYA_SABHA,Sanitation,17319283.03,17612858.31,149,203,77.08,CTR-075,10,12,0.9811,0.999,COASTAL,2024,20791452.1,104.62
MPLADS-1474,Kerala,LOK_SABHA,Roads,6825253.34,7110536.52,317,53,0.0,CTR-194,5,74,1.2423,0.2602,PLAIN,2025,10060431.93,74.85
MPLADS-1475,Maharashtra,LOK_SABHA,Bridges,16965731.85,17133672.34,144,32,35.26,CTR-140,6,0,0.9593,0.146,COASTAL,2023,17086613.78,34.25
MPLADS-1476,Meghalaya,LOK_SABHA,Sanitation,36392467.64,31883525.93,387,31,6.25,CTR-084,13,94,1.0001,0.4597,PLAIN,2025,34796403.92,117.95
MPLADS-1477,Andaman and Nicobar Islands,RAJYA_SABHA,Sports Infrastructure,43928632.26,38521931.98,168,46,14.57,CTR-045,1,14,1.1488,0.9622,COASTAL,2025,51200879.66,48.55
MPLADS-1478,Himachal Pradesh,RAJYA_SABHA,Roads,49449603.14,49828686.48,106,149,100.0,CTR-148,3,32,1.2368,0.7619,DESERT,2025,79978649.39,83.5
MPLADS-1479,Gujarat,LOK_SABHA,Drinking Water,47522060.34,43781986.67,401,579,100.0,CTR-024,14,50,1.0306,0.2144,COASTAL,2024,54246652.25,86.88
MPLADS-1480,Himachal Pradesh,RAJYA_SABHA,Community Halls,1010203.34,925785.45,395,87,33.88,CTR-100,2,57,1.3105,0.888,HILLY,2025,1555370.89,99.32
MPLADS-1481,Rajasthan,LOK_SABHA,Education,48226166.52,41738886.81,362,178,43.91,CTR-199,5,35,1.306,1.0,DESERT,2024,69937392.83,104.92
MPLADS-1482,Odisha,LOK_SABHA,Bridges,18092473.94,17800945.6,537,461,68.53,CTR-138,0,75,1.1681,0.9977,DESERT,2023,26466435.34,77.36
MPLADS-1483,Kerala,RAJYA_SABHA,Bridges,31261339.65,28371836.22,277,253,86.58,CTR-182,2,91,1.3313,0.1,COASTAL,2025,44530023.58,95.65
MPLADS-1484,Andhra Pradesh,RAJYA_SABHA,Healthcare,24643753.97,22806103.95,488,278,69.01,CTR-138,0,60,1.326,1.0,DESERT,2023,36959247.71,72.41
MPLADS-1485,Chandigarh,LOK_SABHA,Education,42619769.16,41729534.43,426,391,65.2,CTR-004,7,46,1.1749,0.3405,PLAIN,2024,55736614.23,76.7
MPLADS-1486,Andaman and Nicobar Islands,LOK_SABHA,Roads,10406635.55,8367061.49,176,74,40.96,CTR-178,2,12,1.3351,0.3995,HILLY,2024,14502039.38,37.26
MPLADS-1487,Andaman and Nicobar Islands,LOK_SABHA,Community Halls,45798626.41,45740660.65,316,64,0.0,CTR-094,6,48,1.3195,0.1657,COASTAL,2023,72530255.15,101.4
MPLADS-1488,Manipur,LOK_SABHA,Roads,26854672.64,24344060.07,445,522,100.0,CTR-032,3,51,1.2925,0.991,HILLY,2025,41769949.04,113.83
MPLADS-1489,Delhi,LOK_SABHA,Electrification,20235976.63,17912589.4,233,59,3.75,CTR-154,4,19,1.1648,0.4752,HILLY,2025,26548374.08,77.41
MPLADS-1490,Andaman and Nicobar Islands,RAJYA_SABHA,Sports Infrastructure,37402658.45,38237125.81,493,473,83.7,CTR-191,10,48,1.2212,0.9021,COASTAL,2024,60195892.44,124.96
MPLADS-1491,Arunachal Pradesh,RAJYA_SABHA,Other Public Assets,23451999.78,19378424.12,385,124,29.31,CTR-136,4,46,0.9696,0.3661,DESERT,2024,21255431.73,82.08
MPLADS-1492,Telangana,LOK_SABHA,Sanitation,9161555.01,8886689.8,446,220,34.5,CTR-115,8,48,0.9871,0.2393,COASTAL,2025,10275318.29,81.44
MPLADS-1493,Jharkhand,LOK_SABHA,Electrification,29726933.18,28201442.42,90,85,100.0,CTR-050,12,16,1.3399,0.2721,COASTAL,2024,45725067.45,75.19
MPLADS-1494,Lakshadweep,RAJYA_SABHA,Other Public Assets,18828263.74,17977002.7,229,76,13.22,CTR-185,7,25,1.1342,0.1346,COASTAL,2025,23225153.74,54.78
MPLADS-1495,Nagaland,RAJYA_SABHA,Sports Infrastructure,6040442.55,5113969.7,197,277,100.0,CTR-115,8,49,1.2631,0.9174,HILLY,2024,8686981.51,99.81
MPLADS-1496,Chandigarh,RAJYA_SABHA,Healthcare,23766137.39,23286082.24,491,651,79.97,CTR-179,14,50,1.0953,0.5185,PLAIN,2024,30152132.73,106.3
MPLADS-1497,Madhya Pradesh,RAJYA_SABHA,Sanitation,19659297.32,20098747.09,274,364,87.72,CTR-169,5,30,1.04,0.7034,HILLY,2024,26511904.68,103.91
MPLADS-1498,Andaman and Nicobar Islands,RAJYA_SABHA,Bridges,49124886.46,51351997.43,244,355,86.43,CTR-107,12,10,1.0522,0.092,COASTAL,2023,63155272.86,71.27
MPLADS-1499,Telangana,LOK_SABHA,Drinking Water,40230532.53,36835261.76,249,155,72.49,CTR-089,12,26,1.1969,0.0124,PLAIN,2024,51919705.88,39.94
MPLADS-1500,Ladakh,LOK_SABHA,Community Halls,46656484.78,46241682.94,142,61,47.28,CTR-060,10,0,0.9996,0.5417,HILLY,2025,57716684.05,61.84
MPLADS-1501,Maharashtra,LOK_SABHA,Sports Infrastructure,49946159.23,42162908.78,443,351,79.2,CTR-049,10,84,0.9867,0.6178,PLAIN,2024,46134376.13,105.22
MPLADS-1502,Dadra and Nagar Haveli and Daman and Diu,RAJYA_SABHA,Bridges,31235433.05,29165593.2,164,165,88.75,CTR-115,8,12,1.2473,0.9187,PLAIN,2025,43661478.58,77.74
MPLADS-1503,Uttarakhand,LOK_SABHA,Sanitation,17760897.26,18239201.49,452,370,43.24,CTR-141,15,69,1.1807,0.5668,HILLY,2024,29441646.87,151.72
MPLADS-1504,Himachal Pradesh,LOK_SABHA,Other Public Assets,635982.74,654022.96,350,505,100.0,CTR-025,12,60,1.0718,0.8492,DESERT,2025,934085.66,111.38
MPLADS-1505,Assam,RAJYA_SABHA,Education,36707427.87,31269146.22,530,72,0.09,CTR-098,10,90,1.0913,0.8537,HILLY,2024,44992462.21,162.55
MPLADS-1506,Rajasthan,LOK_SABHA,Other Public Assets,6126022.87,6051905.62,127,78,42.87,CTR-032,3,31,1.0265,1.0,HILLY,2023,8167535.01,112.02
MPLADS-1507,Uttar Pradesh,LOK_SABHA,Healthcare,36487343.69,37589502.37,385,178,75.66,CTR-052,3,56,1.2298,0.9365,DESERT,2024,59694859.85,64.59
MPLADS-1508,Karnataka,LOK_SABHA,Sports Infrastructure,19389728.69,17402391.65,139,102,63.33,CTR-185,7,17,1.0016,0.6021,PLAIN,2024,19363032.85,57.57
MPLADS-1509,Mizoram,LOK_SABHA,Bridges,14991758.11,15440831.31,280,416,100.0,CTR-092,12,46,1.0014,0.341,HILLY,2024,20261040.33,126.76
MPLADS-1510,Maharashtra,LOK_SABHA,Roads,46704260.98,38589766.8,116,34,51.86,CTR-064,15,0,0.9812,0.7512,PLAIN,2025,42364970.72,72.78
MPLADS-1511,Manipur,LOK_SABHA,Education,19654746.37,20278020.03,430,125,17.66,CTR-050,12,52,0.954,0.4747,HILLY,2025,24619687.91,154.59
MPLADS-1512,Ladakh,LOK_SABHA,Bridges,39479182.57,37368107.42,502,618,88.16,CTR-010,1,13,1.3338,1.0,HILLY,2024,66108142.63,95.42
MPLADS-1513,Delhi,RAJYA_SABHA,Bridges,17663695.07,17949067.68,218,3,7.39,CTR-171,1,39,1.2307,0.5534,PLAIN,2025,25714771.59,56.09
MPLADS-1514,Bihar,RAJYA_SABHA,Education,9477831.7,9366841.81,151,147,100.0,CTR-033,1,71,1.1618,0.5934,PLAIN,2023,12282112.24,49.88
MPLADS-1515,West Bengal,LOK_SABHA,Education,10888931.25,10573715.78,137,68,56.36,CTR-161,15,54,1.2527,0.523,PLAIN,2024,15498586.83,87.36
MPLADS-1516,Puducherry,LOK_SABHA,Sports Infrastructure,43986556.18,43167195.71,415,483,99.72,CTR-048,14,46,1.0606,1.0,DESERT,2023,58456282.34,140.97
MPLADS-1517,Punjab,LOK_SABHA,Roads,18428385.92,17112628.39,199,123,74.27,CTR-065,6,25,1.084,0.3968,PLAIN,2024,19476858.77,45.58
MPLADS-1518,Delhi,LOK_SABHA,Sports Infrastructure,23776995.52,23427485.52,211,117,66.43,CTR-120,1,21,1.1751,0.321,COASTAL,2024,32203231.83,46.11
MPLADS-1519,Uttar Pradesh,LOK_SABHA,Sanitation,14634679.67,15019096.22,131,103,80.89,CTR-041,2,0,1.3016,0.8706,PLAIN,2024,22311636.37,46.1
MPLADS-1520,Chandigarh,LOK_SABHA,Sanitation,40962864.85,39875114.81,466,145,44.78,CTR-033,1,52,1.1517,0.4887,HILLY,2024,58547028.63,62.38
MPLADS-1521,Puducherry,LOK_SABHA,Bridges,4599703.62,4275029.67,132,123,100.0,CTR-137,9,12,1.0352,0.4864,PLAIN,2025,4683051.44,32.19
MPLADS-1522,Maharashtra,RAJYA_SABHA,Bridges,28110564.91,27481114.95,367,424,88.69,CTR-194,5,85,0.9781,0.1821,COASTAL,2025,31105039.06,64.47
MPLADS-1523,Lakshadweep,RAJYA_SABHA,Community Halls,12879097.13,13514552.45,245,326,100.0,CTR-121,7,42,1.3378,0.713,COASTAL,2025,23030248.28,43.04
MPLADS-1524,Punjab,LOK_SABHA,Bridges,8023304.87,6461460.58,175,126,87.27,CTR-096,4,9,1.2193,0.8177,COASTAL,2025,9609250.88,36.09
MPLADS-1525,Karnataka,RAJYA_SABHA,Electrification,1787243.46,1535363.47,382,163,38.36,CTR-141,15,77,0.9779,0.3914,PLAIN,2025,1666811.97,114.76
MPLADS-1526,Chandigarh,LOK_SABHA,Bridges,20535620.5,18454590.72,463,244,43.16,CTR-076,7,50,1.2543,1.0,HILLY,2023,31501621.03,91.49
MPLADS-1527,Andaman and Nicobar Islands,LOK_SABHA,Education,21633309.75,21546048.88,337,24,15.77,CTR-100,2,51,1.3138,0.6089,HILLY,2025,37047815.72,79.36
MPLADS-1528,Andhra Pradesh,LOK_SABHA,Roads,12340334.9,12916485.63,93,26,7.05,CTR-065,6,0,0.9725,0.4879,COASTAL,2024,14704215.59,45.33
MPLADS-1529,Andaman and Nicobar Islands,LOK_SABHA,Community Halls,6059536.4,5651659.42,138,82,47.5,CTR-044,5,12,1.1213,0.2308,PLAIN,2023,6757516.83,25.77
MPLADS-1530,Assam,LOK_SABHA,Drinking Water,19919705.48,20863535.89,381,25,9.2,CTR-176,7,89,1.1963,0.008,PLAIN,2024,28265158.34,78.39
MPLADS-1531,Delhi,LOK_SABHA,Other Public Assets,39211612.97,40389021.97,253,276,100.0,CTR-012,15,40,1.1138,0.4875,PLAIN,2025,50935891.74,99.9
MPLADS-1532,Tamil Nadu,RAJYA_SABHA,Community Halls,38820269.04,34443558.04,107,1,18.03,CTR-149,13,0,0.9914,0.1028,PLAIN,2025,35964515.4,61.7
MPLADS-1533,Delhi,RAJYA_SABHA,Education,22480387.85,22799115.96,215,162,78.61,CTR-136,4,35,1.2897,0.8825,COASTAL,2025,36132883.47,85.73
MPLADS-1534,Chandigarh,LOK_SABHA,Education,9013079.11,7383298.68,434,228,62.71,CTR-141,15,50,1.0335,0.3945,PLAIN,2025,8823284.23,98.81
MPLADS-1535,Ladakh,LOK_SABHA,Healthcare,22587718.83,19738407.56,375,274,72.79,CTR-177,11,13,1.1673,1.0,HILLY,2024,30441120.83,105.26
MPLADS-1536,Puducherry,RAJYA_SABHA,Roads,16190844.18,16624176.21,188,208,100.0,CTR-164,6,53,1.1028,0.5952,HILLY,2024,23478378.38,88.47
MPLADS-1537,Delhi,LOK_SABHA,Roads,46947312.9,45123627.0,357,371,100.0,CTR-107,12,41,1.1809,0.5022,PLAIN,2024,63308726.23,79.59
MPLADS-1538,Himachal Pradesh,LOK_SABHA,Bridges,43717488.5,42856423.35,188,262,100.0,CTR-146,13,65,1.1351,0.4184,DESERT,2024,62966497.67,110.71
MPLADS-1539,Meghalaya,LOK_SABHA,Education,38519531.6,39555926.93,526,66,19.87,CTR-048,14,99,1.201,0.2608,PLAIN,2024,55190299.53,72.16
MPLADS-1540,Andaman and Nicobar Islands,RAJYA_SABHA,Electrification,22431691.92,18962009.45,117,65,59.38,CTR-110,11,22,1.2964,0.9449,COASTAL,2023,31653991.33,77.37
MPLADS-1541,Arunachal Pradesh,LOK_SABHA,Sports Infrastructure,37181775.48,33730363.45,267,243,75.09,CTR-007,1,12,1.1529,0.8844,HILLY,2025,49745029.77,82.96
MPLADS-1542,West Bengal,LOK_SABHA,Roads,6699776.52,6172496.2,218,34,27.94,CTR-027,6,64,1.1703,0.0035,PLAIN,2025,8235992.45,64.31
MPLADS-1543,Odisha,LOK_SABHA,Bridges,46737566.24,42703477.35,534,696,73.13,CTR-096,4,75,1.1982,0.3399,COASTAL,2023,60612467.61,103.4
MPLADS-1544,Meghalaya,LOK_SABHA,Education,10423360.07,9507508.1,160,164,100.0,CTR-151,13,53,1.2356,1.0,HILLY,2024,16307746.84,113.18
MPLADS-1545,Maharashtra,LOK_SABHA,Community Halls,19994984.29,20743939.27,132,152,90.53,CTR-090,13,23,0.9638,1.0,HILLY,2025,26737528.14,124.16
MPLADS-1546,West Bengal,LOK_SABHA,Bridges,45689233.28,45452269.21,491,270,82.86,CTR-074,2,78,1.082,0.7385,DESERT,2024,62593048.87,71.54
MPLADS-1547,Chhattisgarh,LOK_SABHA,Electrification,40505244.66,36476232.19,460,400,96.34,CTR-011,8,57,1.0854,0.2348,PLAIN,2023,43262266.56,58.79
MPLADS-1548,Tamil Nadu,LOK_SABHA,Other Public Assets,18845353.25,18556303.39,495,131,53.51,CTR-004,7,45,1.0546,0.9244,COASTAL,2024,24906109.89,79.55
MPLADS-1549,Punjab,LOK_SABHA,Other Public Assets,21640899.04,17967498.93,510,313,72.5,CTR-099,10,49,1.2346,0.3567,PLAIN,2023,25689928.06,67.63
MPLADS-1550,West Bengal,RAJYA_SABHA,Sports Infrastructure,8218993.44,8541481.1,242,198,82.48,CTR-157,2,32,1.2958,0.7092,PLAIN,2024,12974797.72,39.74
MPLADS-1551,Delhi,LOK_SABHA,Community Halls,16970086.3,15335583.86,180,79,79.89,CTR-050,12,39,1.1813,0.8234,PLAIN,2025,22320776.33,83.07
MPLADS-1552,Himachal Pradesh,LOK_SABHA,Healthcare,24709075.53,22373468.52,238,199,90.44,CTR-012,15,54,1.182,0.1728,PLAIN,2023,30538157.67,60.38
MPLADS-1553,Puducherry,RAJYA_SABHA,Sports Infrastructure,43132587.36,42384643.15,294,30,0.0,CTR-027,6,50,1.1549,0.7507,PLAIN,2023,56702376.17,59.52
MPLADS-1554,Telangana,RAJYA_SABHA,Drinking Water,10978301.17,11067554.57,415,382,87.48,CTR-083,2,44,0.9854,0.217,HILLY,2025,13238238.67,48.27
MPLADS-1555,Kerala,RAJYA_SABHA,Electrification,16852230.47,14264760.57,263,209,95.94,CTR-143,4,43,1.0698,0.4622,COASTAL,2025,16509528.37,52.54
MPLADS-1556,Assam,RAJYA_SABHA,Other Public Assets,14547278.12,15012678.79,179,145,93.31,CTR-137,9,0,1.1526,0.3555,HILLY,2025,22888374.63,50.32
MPLADS-1557,Arunachal Pradesh,LOK_SABHA,Roads,23248299.38,19052464.18,478,176,42.8,CTR-084,13,46,1.1926,0.5256,HILLY,2024,29984225.83,99.17
MPLADS-1558,Uttarakhand,LOK_SABHA,Community Halls,682301.74,584526.28,128,114,100.0,CTR-193,9,0,1.1903,0.2034,HILLY,2025,879868.74,66.55
MPLADS-1559,Meghalaya,RAJYA_SABHA,Sports Infrastructure,34950243.4,33429392.94,98,64,55.07,CTR-071,12,46,1.0261,1.0,HILLY,2024,46675047.55,158.48
MPLADS-1560,Meghalaya,RAJYA_SABHA,Healthcare,30009673.95,26852802.99,213,152,61.05,CTR-061,14,69,1.048,1.0,DESERT,2024,37548907.95,181.37
MPLADS-1561,Puducherry,LOK_SABHA,Drinking Water,33707321.28,28310242.61,504,427,90.46,CTR-021,8,48,1.3132,0.0113,COASTAL,2024,44958210.26,62.68
MPLADS-1562,Sikkim,LOK_SABHA,Education,40181364.77,37218898.59,434,646,72.96,CTR-017,8,51,0.9865,0.1804,PLAIN,2025,41191182.74,67.53
MPLADS-1563,West Bengal,LOK_SABHA,Community Halls,47514950.07,45184563.39,263,254,100.0,CTR-160,12,50,1.0746,0.8843,PLAIN,2023,58141949.5,95.33
MPLADS-1564,Uttarakhand,LOK_SABHA,Healthcare,44391232.12,44561438.07,345,56,3.64,CTR-052,3,58,1.0864,0.8808,HILLY,2025,60695481.29,97.9
MPLADS-1565,Bihar,LOK_SABHA,Education,31997367.13,29751617.95,435,223,64.74,CTR-167,5,71,1.2571,0.8103,HILLY,2024,49455397.67,106.51
MPLADS-1566,Himachal Pradesh,LOK_SABHA,Education,19500302.73,17958463.92,338,157,46.9,CTR-032,3,57,1.159,0.5264,HILLY,2025,26435871.14,94.29
MPLADS-1567,Tamil Nadu,LOK_SABHA,Other Public Assets,25893399.59,25486218.42,291,299,73.97,CTR-112,12,51,1.1946,0.1809,PLAIN,2023,33973500.94,86.42
MPLADS-1568,Tripura,RAJYA_SABHA,Education,2053185.67,1992987.59,91,63,52.66,CTR-124,7,13,1.3363,0.864,PLAIN,2024,3293494.78,56.18
MPLADS-1569,Lakshadweep,LOK_SABHA,Community Halls,9048111.96,8047079.66,175,19,1.06,CTR-074,2,0,0.9658,0.2137,COASTAL,2025,8370369.11,37.6
MPLADS-1570,Arunachal Pradesh,RAJYA_SABHA,Sports Infrastructure,30890541.43,30379459.68,345,43,0.0,CTR-188,6,48,1.2091,1.0,HILLY,2025,50522227.82,137.88
MPLADS-1571,Andaman and Nicobar Islands,LOK_SABHA,Healthcare,32901043.56,28446490.34,502,666,100.0,CTR-146,13,52,1.1646,0.3509,HILLY,2024,44498718.37,107.36
MPLADS-1572,Karnataka,LOK_SABHA,Sports Infrastructure,20312932.52,17247290.62,129,53,36.16,CTR-093,13,0,1.0592,0.47,COASTAL,2024,22662936.96,95.8
MPLADS-1573,Rajasthan,LOK_SABHA,Drinking Water,13637803.17,12032574.56,238,21,0.0,CTR-090,13,33,1.0486,0.6805,PLAIN,2024,14135668.66,114.61
MPLADS-1574,Maharashtra,LOK_SABHA,Community Halls,22631436.0,23510891.55,400,105,28.29,CTR-156,10,69,1.1494,0.4205,PLAIN,2023,31952390.54,79.76
MPLADS-1575,Gujarat,LOK_SABHA,Bridges,22131866.59,22277205.19,111,164,100.0,CTR-012,15,23,1.1678,0.8571,PLAIN,2024,31144336.39,94.75
MPLADS-1576,Chandigarh,LOK_SABHA,Sanitation,46692129.47,46256745.63,198,283,91.8,CTR-143,4,44,1.2183,0.3569,HILLY,2023,72439689.42,78.33
MPLADS-1577,Tamil Nadu,LOK_SABHA,Community Halls,46319709.78,38166829.02,273,113,48.86,CTR-014,12,40,1.2519,0.1768,PLAIN,2023,56870389.89,97.01
MPLADS-1578,Jharkhand,LOK_SABHA,Drinking Water,15635223.19,12861433.31,460,61,5.29,CTR-182,2,67,1.1268,0.518,PLAIN,2023,15817877.99,67.98
MPLADS-1579,Ladakh,RAJYA_SABHA,Community Halls,31325205.17,25912887.48,170,179,100.0,CTR-042,12,7,1.0212,1.0,HILLY,2024,35316739.87,118.81
MPLADS-1580,Puducherry,RAJYA_SABHA,Drinking Water,19269075.91,17004606.73,333,149,68.47,CTR-156,10,49,1.0867,0.389,PLAIN,2024,21088837.53,77.12
MPLADS-1581,Arunachal Pradesh,LOK_SABHA,Education,40445468.17,33590621.56,336,413,100.0,CTR-165,6,50,1.308,0.3893,HILLY,2025,57796218.75,88.39
MPLADS-1582,Sikkim,RAJYA_SABHA,Drinking Water,4517680.02,4374166.27,349,236,59.89,CTR-038,13,52,1.0996,1.0,HILLY,2024,6444297.88,131.36
MPLADS-1583,Telangana,LOK_SABHA,Sanitation,26209631.95,24934358.96,449,490,100.0,CTR-042,12,45,0.9517,0.6924,PLAIN,2023,26837718.47,78.92
MPLADS-1584,Rajasthan,LOK_SABHA,Sports Infrastructure,11525789.12,9971996.28,491,450,100.0,CTR-066,5,35,1.0267,0.4764,DESERT,2025,12082561.41,39.08
MPLADS-1585,Goa,RAJYA_SABHA,Electrification,24211386.48,23884697.41,409,532,100.0,CTR-179,14,84,0.9718,0.2012,COASTAL,2024,28007673.86,124.92
MPLADS-1586,Odisha,LOK_SABHA,Education,13343478.2,12528746.82,99,22,23.32,CTR-018,2,0,0.9951,0.796,PLAIN,2024,12865126.87,40.48
MPLADS-1587,Andhra Pradesh,RAJYA_SABHA,Bridges,24434899.43,23604110.02,411,146,34.97,CTR-049,10,62,1.0091,0.183,PLAIN,2024,25651349.19,56.92
MPLADS-1588,Odisha,RAJYA_SABHA,Community Halls,40852897.78,39046017.72,215,186,67.8,CTR-112,12,52,1.3296,0.2037,HILLY,2025,67993125.75,114.06
MPLADS-1589,Madhya Pradesh,RAJYA_SABHA,Drinking Water,44310669.39,37581696.38,224,165,82.81,CTR-051,12,61,1.0939,0.1732,COASTAL,2023,47484676.73,101.33
MPLADS-1590,West Bengal,LOK_SABHA,Healthcare,38848236.51,35516181.97,166,40,32.52,CTR-113,8,68,1.0575,0.4413,PLAIN,2023,42962622.46,54.01
MPLADS-1591,Goa,RAJYA_SABHA,Healthcare,1993211.34,2040912.54,476,152,48.53,CTR-153,14,89,1.2734,0.6634,COASTAL,2025,3314085.18,142.82
MPLADS-1592,Odisha,LOK_SABHA,Other Public Assets,49288614.64,50612675.1,98,43,28.61,CTR-088,4,0,1.1893,0.0116,PLAIN,2025,66626807.43,20.38
MPLADS-1593,Tripura,LOK_SABHA,Roads,44254438.74,36125044.68,248,365,93.26,CTR-075,10,14,1.2507,0.1508,PLAIN,2025,53425596.19,27.69
MPLADS-1594,Odisha,LOK_SABHA,Roads,32124441.15,31780580.06,365,294,100.0,CTR-017,8,80,1.0974,0.4155,COASTAL,2023,42449525.6,90.93
MPLADS-1595,Meghalaya,LOK_SABHA,Electrification,39194727.16,39528214.92,348,133,32.42,CTR-007,1,95,1.0354,0.6899,DESERT,2025,50766049.93,87.47
MPLADS-1596,Karnataka,RAJYA_SABHA,Roads,29816036.06,29576595.23,519,89,0.0,CTR-002,12,84,1.1817,0.8086,PLAIN,2024,41195029.0,97.92
MPLADS-1597,Goa,RAJYA_SABHA,Education,45453587.23,47292349.23,110,94,100.0,CTR-186,7,0,1.2966,1.0,HILLY,2024,82520792.37,70.31
MPLADS-1598,Himachal Pradesh,LOK_SABHA,Education,11594732.42,9551457.1,466,473,100.0,CTR-091,6,61,1.0373,0.8375,HILLY,2024,12951679.88,122.92
MPLADS-1599,Bihar,LOK_SABHA,Community Halls,13579162.84,13885908.8,108,61,74.26,CTR-127,1,48,1.2988,0.2392,PLAIN,2023,20878865.71,35.16
MPLADS-1600,Uttarakhand,LOK_SABHA,Healthcare,8920639.66,8662161.88,168,39,30.55,CTR-120,1,34,1.1528,1.0,HILLY,2025,12966379.14,76.4
MPLADS-1601,Lakshadweep,LOK_SABHA,Roads,38275421.1,39890250.33,181,228,88.1,CTR-127,1,37,1.0499,0.724,COASTAL,2025,50655586.55,62.8
MPLADS-1602,Tamil Nadu,LOK_SABHA,Healthcare,13339674.2,11702146.85,278,102,37.83,CTR-017,8,49,1.1183,0.1805,COASTAL,2023,15983361.92,71.3
MPLADS-1603,Assam,LOK_SABHA,Electrification,739755.77,661612.83,459,591,100.0,CTR-145,15,96,1.0086,0.0629,PLAIN,2025,747715.77,106.47
MPLADS-1604,Delhi,LOK_SABHA,Drinking Water,2200508.11,2214062.9,148,114,62.1,CTR-066,5,30,1.1291,1.0,HILLY,2024,3231296.16,80.39
MPLADS-1605,Kerala,LOK_SABHA,Healthcare,15657915.34,14491060.19,425,74,29.58,CTR-128,12,93,1.0258,0.6355,COASTAL,2023,18298188.86,141.95
MPLADS-1606,Tripura,LOK_SABHA,Sanitation,41041724.32,40106507.95,128,145,95.0,CTR-115,8,51,1.2342,0.3508,HILLY,2024,65033687.83,104.81
MPLADS-1607,Uttar Pradesh,RAJYA_SABHA,Drinking Water,43968348.36,40703155.11,173,249,100.0,CTR-168,2,44,1.0985,0.233,PLAIN,2025,46440650.28,49.73
MPLADS-1608,Jammu and Kashmir,LOK_SABHA,Roads,18120994.75,18661855.55,330,416,78.73,CTR-101,13,39,1.1246,0.7628,HILLY,2025,28461108.71,145.72
MPLADS-1609,West Bengal,RAJYA_SABHA,Education,33287644.35,33795380.69,250,74,25.63,CTR-131,9,66,1.2744,0.9553,COASTAL,2024,53232077.8,111.63
MPLADS-1610,Karnataka,RAJYA_SABHA,Bridges,46630598.26,44657113.32,93,5,1.24,CTR-146,13,0,1.1727,0.9004,HILLY,2025,68856227.14,127.59
MPLADS-1611,Madhya Pradesh,LOK_SABHA,Healthcare,38318160.89,35792289.46,311,325,96.5,CTR-083,2,40,1.1278,0.5034,HILLY,2023,50895702.98,84.26
MPLADS-1612,Chandigarh,LOK_SABHA,Education,15455024.02,12653812.5,239,89,53.85,CTR-045,1,23,1.1381,0.2664,PLAIN,2024,14938856.53,12.37
MPLADS-1613,Chandigarh,LOK_SABHA,Other Public Assets,46663782.19,40419196.2,385,264,39.86,CTR-129,9,51,1.0122,1.0,HILLY,2024,52906978.57,107.04
MPLADS-1614,Jammu and Kashmir,LOK_SABHA,Sports Infrastructure,38450790.81,39128882.07,167,5,0.0,CTR-141,15,0,1.1309,0.8736,HILLY,2025,59867745.38,122.13
MPLADS-1615,Chhattisgarh,RAJYA_SABHA,Bridges,6293770.54,5284073.81,371,143,35.73,CTR-157,2,61,1.1902,0.4099,PLAIN,2025,6995810.59,25.47
MPLADS-1616,Delhi,RAJYA_SABHA,Roads,27637967.96,23466948.57,477,165,20.78,CTR-123,10,37,1.1183,0.0605,PLAIN,2025,29273972.87,76.45
MPLADS-1617,Chhattisgarh,RAJYA_SABHA,Community Halls,29897827.05,30372640.36,454,123,31.45,CTR-025,12,64,1.3139,0.8994,DESERT,2025,52754453.27,107.81
MPLADS-1618,Lakshadweep,RAJYA_SABHA,Education,10335863.54,9461312.71,177,170,98.08,CTR-068,5,0,1.3065,0.2361,COASTAL,2025,14884373.5,49.01
MPLADS-1619,Mizoram,LOK_SABHA,Other Public Assets,41211825.62,40573087.75,464,84,14.76,CTR-185,7,47,1.1137,1.0,HILLY,2025,61128429.27,105.73
MPLADS-1620,Goa,LOK_SABHA,Electrification,11102021.23,10119761.6,264,301,100.0,CTR-065,6,75,1.2619,0.0303,PLAIN,2024,14770457.49,89.49
MPLADS-1621,Jharkhand,RAJYA_SABHA,Sanitation,24876602.92,22700660.71,146,4,0.0,CTR-060,10,0,0.9668,0.349,COASTAL,2024,24867484.31,65.78
MPLADS-1622,Uttarakhand,LOK_SABHA,Education,15031907.01,13534999.67,166,23,4.71,CTR-150,0,0,1.2203,0.6447,HILLY,2024,20270061.92,60.68
MPLADS-1623,Karnataka,RAJYA_SABHA,Healthcare,49476828.3,40097657.56,208,136,69.5,CTR-070,7,0,0.9831,0.6066,COASTAL,2025,46142567.5,43.59
MPLADS-1624,Jharkhand,RAJYA_SABHA,Roads,1346170.89,1341804.57,142,76,51.56,CTR-173,12,31,0.9516,0.7251,PLAIN,2025,1412249.52,79.03
MPLADS-1625,Arunachal Pradesh,LOK_SABHA,Electrification,2982828.92,2893387.31,468,104,10.7,CTR-153,14,48,1.338,0.9457,HILLY,2025,5283922.28,138.87
MPLADS-1626,Meghalaya,LOK_SABHA,Electrification,6004029.53,6266445.26,455,649,74.61,CTR-028,13,90,1.0662,0.5538,HILLY,2025,9038739.6,136.86
MPLADS-1627,Puducherry,LOK_SABHA,Education,15444694.83,14411117.11,435,3,26.1,CTR-033,1,48,1.0457,0.838,HILLY,2023,19115049.44,87.31
MPLADS-1628,Arunachal Pradesh,LOK_SABHA,Drinking Water,4676702.71,4354265.83,404,195,48.91,CTR-116,9,50,1.147,0.7218,DESERT,2024,6293735.68,112.73
MPLADS-1629,Arunachal Pradesh,LOK_SABHA,Drinking Water,14966725.12,13493115.0,132,152,78.89,CTR-155,6,10,1.0134,0.5263,HILLY,2023,17036998.39,68.66
MPLADS-1630,Assam,LOK_SABHA,Healthcare,27342509.41,25444199.99,456,620,78.75,CTR-161,15,89,1.22,0.5434,PLAIN,2024,37507203.0,110.04
MPLADS-1631,Telangana,LOK_SABHA,Drinking Water,8160717.51,7046453.36,247,213,100.0,CTR-106,12,49,1.3055,0.5944,PLAIN,2025,11189289.51,75.77
MPLADS-1632,Jharkhand,LOK_SABHA,Sanitation,25041822.92,20347145.79,365,333,98.59,CTR-001,1,65,1.2024,0.8046,PLAIN,2025,28428843.17,102.54
MPLADS-1633,Madhya Pradesh,RAJYA_SABHA,Other Public Assets,9261838.05,9535824.48,192,283,100.0,CTR-091,6,55,1.0688,0.9427,HILLY,2023,13531941.5,105.63
MPLADS-1634,Delhi,LOK_SABHA,Other Public Assets,19894854.78,16294140.04,188,83,51.54,CTR-094,6,11,0.9736,0.5279,DESERT,2024,19534420.11,61.88
MPLADS-1635,Manipur,LOK_SABHA,Community Halls,20396678.48,21396862.72,357,405,100.0,CTR-055,7,51,1.2572,0.7203,HILLY,2025,35919719.62,87.75
MPLADS-1636,Goa,RAJYA_SABHA,Education,26870929.38,26162351.29,497,334,74.19,CTR-121,7,81,1.0397,0.9627,COASTAL,2023,33860809.35,143.07
MPLADS-1637,Puducherry,RAJYA_SABHA,Sports Infrastructure,41120712.53,41394162.21,454,223,36.07,CTR-026,10,52,1.3284,0.2711,DESERT,2024,67594328.72,91.87
MPLADS-1638,Nagaland,RAJYA_SABHA,Electrification,25497793.57,24716027.43,372,482,100.0,CTR-059,11,54,0.966,0.2421,HILLY,2025,30913413.2,107.33
MPLADS-1639,West Bengal,LOK_SABHA,Roads,31295962.28,29998417.6,461,661,100.0,CTR-050,12,65,0.9656,0.0371,COASTAL,2023,33922415.74,93.77
MPLADS-1640,Uttarakhand,LOK_SABHA,Community Halls,16428972.32,16116330.03,453,335,64.11,CTR-027,6,61,0.9982,0.7895,DESERT,2024,19444157.57,101.09
MPLADS-1641,Meghalaya,LOK_SABHA,Community Halls,11372001.19,11569093.46,371,473,100.0,CTR-066,5,93,0.9523,0.9158,HILLY,2023,14300000.51,118.23
MPLADS-1642,Puducherry,LOK_SABHA,Community Halls,40035869.5,38133867.49,93,40,43.04,CTR-072,3,0,1.1031,0.5413,DESERT,2024,49889832.66,63.46
MPLADS-1643,West Bengal,LOK_SABHA,Sanitation,18325629.49,15902763.0,486,424,65.98,CTR-051,12,76,1.1892,0.6726,PLAIN,2025,22421885.09,119.52
MPLADS-1644,Gujarat,LOK_SABHA,Bridges,9199555.58,8538508.9,435,19,9.66,CTR-101,13,49,1.0503,0.2284,HILLY,2023,11367853.01,104.64
MPLADS-1645,Andaman and Nicobar Islands,LOK_SABHA,Sports Infrastructure,15353971.69,13250030.74,481,120,21.51,CTR-122,10,51,1.0274,0.3208,COASTAL,2023,15879510.59,78.4
MPLADS-1646,Karnataka,RAJYA_SABHA,Education,3640784.35,3576483.28,200,211,100.0,CTR-181,15,56,1.2586,0.3405,PLAIN,2023,5424765.57,103.3
MPLADS-1647,Bihar,LOK_SABHA,Healthcare,33531706.33,31600339.85,233,202,85.65,CTR-122,10,66,1.0764,0.2803,PLAIN,2024,37014794.22,104.1
MPLADS-1648,Bihar,LOK_SABHA,Bridges,22037614.48,22826166.34,131,6,15.48,CTR-081,15,34,1.159,0.8956,PLAIN,2024,32095171.18,93.91
MPLADS-1649,Chhattisgarh,LOK_SABHA,Bridges,40209546.41,39331277.64,509,344,72.18,CTR-130,10,60,1.2739,0.1706,COASTAL,2024,61551381.24,96.0
MPLADS-1650,Delhi,LOK_SABHA,Community Halls,21357036.28,18570248.63,156,28,43.73,CTR-196,1,36,1.3088,0.7224,DESERT,2023,31292039.26,64.41
MPLADS-1651,Goa,RAJYA_SABHA,Community Halls,33346821.35,30597615.39,504,581,100.0,CTR-003,10,88,1.1764,0.9371,COASTAL,2023,45495427.82,132.32
MPLADS-1652,Chandigarh,LOK_SABHA,Bridges,21814921.42,18058122.24,382,418,91.84,CTR-037,13,49,1.1238,0.0841,PLAIN,2024,22076493.67,82.9
MPLADS-1653,Maharashtra,LOK_SABHA,Roads,20248310.21,18939181.53,330,395,100.0,CTR-008,11,83,1.2352,0.51,PLAIN,2024,26838576.25,77.57
MPLADS-1654,Assam,RAJYA_SABHA,Sanitation,12894022.26,12324836.28,245,78,35.7,CTR-064,15,20,1.2275,0.6907,PLAIN,2025,18411596.83,99.73
MPLADS-1655,Gujarat,RAJYA_SABHA,Drinking Water,29862862.48,30319657.84,366,26,15.09,CTR-087,1,49,1.2408,0.7999,PLAIN,2025,42401014.91,56.31
MPLADS-1656,Ladakh,RAJYA_SABHA,Sanitation,36900684.83,38668264.7,174,113,46.33,CTR-024,14,6,1.1076,0.3196,HILLY,2024,56298626.56,92.85
MPLADS-1657,Andhra Pradesh,RAJYA_SABHA,Electrification,17728548.71,16422936.11,187,104,61.3,CTR-083,2,49,1.0857,0.8637,COASTAL,2025,21617174.14,62.9
MPLADS-1658,Telangana,LOK_SABHA,Sports Infrastructure,20059047.91,16071028.5,102,10,3.38,CTR-107,12,0,1.1075,0.9442,HILLY,2025,23952637.77,108.71
MPLADS-1659,Karnataka,RAJYA_SABHA,Bridges,37906967.92,36130447.23,313,116,46.83,CTR-018,2,80,1.2694,0.1611,COASTAL,2025,52784790.29,63.05
MPLADS-1660,West Bengal,RAJYA_SABHA,Community Halls,35472895.56,35348736.35,414,461,100.0,CTR-050,12,66,1.1816,0.0006,PLAIN,2023,46583764.46,67.47
MPLADS-1661,Rajasthan,RAJYA_SABHA,Education,2212831.54,2255978.52,377,276,82.08,CTR-131,9,31,1.1709,0.2831,DESERT,2025,3150761.82,86.93
MPLADS-1662,Andaman and Nicobar Islands,RAJYA_SABHA,Sports Infrastructure,39365404.58,36915999.41,443,596,95.67,CTR-083,2,51,1.2102,0.0623,COASTAL,2024,51445311.4,34.86
MPLADS-1663,Rajasthan,LOK_SABHA,Roads,49764651.67,46548035.34,522,52,0.0,CTR-145,15,33,1.0378,0.9947,PLAIN,2023,56231125.27,87.84
MPLADS-1664,Uttarakhand,LOK_SABHA,Healthcare,23100073.57,18668441.94,466,679,100.0,CTR-034,8,63,1.0094,0.7359,HILLY,2023,24296972.93,99.43
MPLADS-1665,Gujarat,LOK_SABHA,Sanitation,28801640.2,26621563.15,448,319,67.72,CTR-184,11,45,1.0774,0.7548,COASTAL,2025,35567597.72,105.82
MPLADS-1666,Andaman and Nicobar Islands,LOK_SABHA,Other Public Assets,6125592.19,4944601.21,299,299,88.52,CTR-198,1,48,1.2048,0.8857,PLAIN,2024,6795242.1,81.1
MPLADS-1667,Tamil Nadu,RAJYA_SABHA,Roads,25718517.35,21693384.13,295,215,65.42,CTR-069,1,49,0.9688,0.5044,COASTAL,2024,23141833.19,56.7
MPLADS-1668,Telangana,RAJYA_SABHA,Drinking Water,48825855.11,47552438.39,103,23,36.38,CTR-158,8,0,0.9692,0.5092,PLAIN,2025,49975256.39,35.79
MPLADS-1669,Bihar,LOK_SABHA,Community Halls,20931336.91,20533213.3,253,197,97.6,CTR-021,8,69,1.1095,0.0716,PLAIN,2023,25826761.28,88.58
MPLADS-1670,Maharashtra,LOK_SABHA,Bridges,42613786.51,41654501.43,500,232,62.63,CTR-194,5,77,1.1915,0.7091,PLAIN,2025,58808448.4,87.5
MPLADS-1671,Sikkim,RAJYA_SABHA,Community Halls,21668079.45,20924492.5,512,24,17.94,CTR-015,11,47,0.9607,0.5009,HILLY,2024,26415281.16,102.15
MPLADS-1672,Assam,RAJYA_SABHA,Electrification,13318980.37,11575832.98,403,262,85.39,CTR-128,12,81,1.0961,1.0,HILLY,2023,17492672.77,125.14
MPLADS-1673,Himachal Pradesh,LOK_SABHA,Community Halls,1571349.41,1498761.64,516,124,22.43,CTR-050,12,58,1.2712,0.6145,HILLY,2023,2561397.54,126.78
MPLADS-1674,Andhra Pradesh,LOK_SABHA,Roads,29747873.4,28446959.35,117,145,100.0,CTR-174,11,50,1.0921,0.3564,PLAIN,2024,35854324.77,69.09
MPLADS-1675,Mizoram,LOK_SABHA,Sanitation,45549659.59,41385063.11,263,92,55.99,CTR-090,13,13,1.1274,0.7653,HILLY,2025,63459900.64,94.43
MPLADS-1676,Bihar,RAJYA_SABHA,Sanitation,42055719.6,33685285.73,414,67,0.0,CTR-078,3,66,1.3162,0.2294,PLAIN,2024,52649494.81,49.11
MPLADS-1677,Tripura,LOK_SABHA,Healthcare,36849538.5,34549326.37,423,239,56.91,CTR-066,5,49,1.1734,0.9024,HILLY,2024,53082061.83,74.88
MPLADS-1678,Mizoram,RAJYA_SABHA,Sports Infrastructure,44509360.03,37093393.08,346,374,100.0,CTR-173,12,53,1.3015,0.786,HILLY,2025,64563613.51,136.51
MPLADS-1679,Uttar Pradesh,LOK_SABHA,Other Public Assets,1741144.67,1651226.68,205,147,81.24,CTR-107,12,29,1.1423,0.5064,COASTAL,2024,2365884.95,122.22
MPLADS-1680,Meghalaya,LOK_SABHA,Electrification,10699859.87,10382745.03,203,204,87.94,CTR-123,10,0,1.1307,1.0,HILLY,2024,15268141.69,87.16
MPLADS-1681,Telangana,RAJYA_SABHA,Sanitation,8199865.49,7349747.4,165,95,72.81,CTR-142,3,46,1.1394,0.3733,PLAIN,2025,9152902.15,76.94
MPLADS-1682,Jammu and Kashmir,LOK_SABHA,Drinking Water,14487256.97,14234497.13,212,6,12.23,CTR-004,7,10,1.2073,0.9681,HILLY,2025,22867188.16,89.76
MPLADS-1683,Ladakh,RAJYA_SABHA,Sanitation,40670390.3,40641626.7,485,70,1.4,CTR-066,5,12,0.9978,0.4603,HILLY,2024,47806656.96,73.51
MPLADS-1684,Manipur,RAJYA_SABHA,Electrification,8397328.0,8183970.16,316,261,91.03,CTR-186,7,53,1.2993,0.5117,HILLY,2025,13912313.9,102.75
MPLADS-1685,Uttarakhand,LOK_SABHA,Healthcare,45326607.51,44676841.93,409,243,56.94,CTR-179,14,58,1.325,0.3682,HILLY,2024,77860923.48,90.52
MPLADS-1686,Gujarat,LOK_SABHA,Other Public Assets,5440902.21,4672537.9,303,404,100.0,CTR-122,10,35,1.0363,0.0468,COASTAL,2025,5441821.07,58.51
MPLADS-1687,Meghalaya,LOK_SABHA,Healthcare,41064390.23,35088980.61,322,363,100.0,CTR-105,12,99,1.2959,1.0,HILLY,2025,63938517.99,128.26
MPLADS-1688,Tripura,LOK_SABHA,Bridges,39466151.67,32526803.37,426,212,56.99,CTR-167,5,49,1.01,1.0,HILLY,2024,41696034.19,92.7
MPLADS-1689,Odisha,RAJYA_SABHA,Drinking Water,35425663.38,35332688.3,511,415,86.94,CTR-030,7,78,0.9903,0.0813,COASTAL,2023,40987407.51,66.14
MPLADS-1690,Andaman and Nicobar Islands,LOK_SABHA,Electrification,26199400.69,24853526.71,495,12,21.12,CTR-033,1,51,1.2346,0.5635,COASTAL,2025,37746547.77,58.33
MPLADS-1691,Ladakh,LOK_SABHA,Bridges,12899976.13,12228370.01,306,372,100.0,CTR-113,8,13,1.2101,0.713,DESERT,2023,18531024.58,72.72
MPLADS-1692,Dadra and Nagar Haveli and Daman and Diu,RAJYA_SABHA,Community Halls,33987665.22,29847627.38,461,619,94.43,CTR-175,11,44,1.2074,0.9217,PLAIN,2025,43748229.26,111.35
MPLADS-1693,Sikkim,LOK_SABHA,Community Halls,861357.42,742514.92,248,56,0.0,CTR-045,1,47,1.328,1.0,HILLY,2024,1281315.41,94.5
MPLADS-1694,Tripura,LOK_SABHA,Community Halls,27526717.78,23272416.17,111,79,55.12,CTR-153,14,0,1.2947,0.2357,PLAIN,2023,35302708.0,75.53
MPLADS-1695,Chandigarh,LOK_SABHA,Healthcare,13234341.07,12001841.32,176,182,100.0,CTR-068,5,0,1.2064,0.1074,PLAIN,2024,16042924.67,14.94
MPLADS-1696,Ladakh,RAJYA_SABHA,Education,23924940.82,19744777.67,150,49,7.65,CTR-171,1,7,1.109,0.3409,HILLY,2024,26628935.73,45.45
MPLADS-1697,Himachal Pradesh,RAJYA_SABHA,Sanitation,44392790.13,45754615.75,348,453,95.53,CTR-022,5,61,0.9734,0.8877,HILLY,2024,58660711.75,79.08
MPLADS-1698,Haryana,LOK_SABHA,Education,47210131.89,47666558.13,218,194,97.88,CTR-131,9,18,1.1322,0.243,HILLY,2025,68415326.14,69.53
MPLADS-1699,Maharashtra,LOK_SABHA,Bridges,44829821.25,39787093.51,459,178,23.61,CTR-043,11,73,1.2037,0.343,PLAIN,2025,55248466.69,92.29
MPLADS-1700,Manipur,LOK_SABHA,Bridges,9131480.82,8172597.81,129,24,15.9,CTR-059,11,0,1.1885,0.9017,HILLY,2025,13061516.14,79.88
MPLADS-1701,Madhya Pradesh,RAJYA_SABHA,Education,7315284.33,6223315.46,306,169,47.92,CTR-102,3,56,1.0207,0.3052,PLAIN,2023,6588145.7,35.4
MPLADS-1702,West Bengal,LOK_SABHA,Community Halls,23478182.33,23760205.58,389,416,93.03,CTR-095,14,74,1.051,0.8015,PLAIN,2024,29987780.71,147.44
MPLADS-1703,Meghalaya,RAJYA_SABHA,Roads,21867947.68,19387635.45,436,584,90.27,CTR-154,4,88,1.0024,0.58,DESERT,2025,23296102.54,100.63
MPLADS-1704,Tripura,LOK_SABHA,Electrification,24770176.26,20526616.83,363,317,98.64,CTR-055,7,48,1.333,0.4478,PLAIN,2023,32497503.55,64.38
MPLADS-1705,Assam,LOK_SABHA,Electrification,13421016.87,12895258.89,438,492,84.01,CTR-170,0,88,1.2524,0.8636,PLAIN,2024,19162670.94,88.53
MPLADS-1706,Maharashtra,LOK_SABHA,Drinking Water,44039216.14,44361269.6,123,175,87.53,CTR-132,8,0,0.9903,0.5185,PLAIN,2024,47875236.31,54.5
MPLADS-1707,West Bengal,LOK_SABHA,Healthcare,19929634.71,17130619.61,233,9,0.0,CTR-032,3,71,1.1478,0.639,COASTAL,2023,23660061.57,97.14
MPLADS-1708,Madhya Pradesh,RAJYA_SABHA,Community Halls,23273020.73,23156356.54,401,198,54.02,CTR-084,13,53,1.0771,0.2175,PLAIN,2024,28648609.65,90.04
MPLADS-1709,Gujarat,LOK_SABHA,Healthcare,41508283.23,40474425.14,538,416,100.0,CTR-102,3,55,1.2228,0.5999,HILLY,2025,64663845.73,105.17
MPLADS-1710,Arunachal Pradesh,LOK_SABHA,Bridges,28984381.84,25351123.8,164,173,100.0,CTR-173,12,11,1.1361,0.7649,HILLY,2023,38848033.88,96.05
MPLADS-1711,Bihar,RAJYA_SABHA,Electrification,26142146.78,24030738.96,111,5,3.37,CTR-128,12,32,1.2728,0.3113,DESERT,2025,39306155.65,69.94
MPLADS-1712,Uttarakhand,LOK_SABHA,Sports Infrastructure,15433118.15,14548857.54,156,21,0.0,CTR-016,12,42,1.3016,0.7546,HILLY,2025,26976098.9,119.71
MPLADS-1713,Haryana,LOK_SABHA,Sports Infrastructure,43975442.34,41171186.77,134,43,42.76,CTR-021,8,9,1.1941,0.4519,HILLY,2025,65227061.68,62.97
MPLADS-1714,Telangana,RAJYA_SABHA,Roads,21469818.99,17285669.11,507,616,100.0,CTR-200,15,50,1.107,0.5393,PLAIN,2023,21364507.68,101.31
MPLADS-1715,Madhya Pradesh,LOK_SABHA,Community Halls,5167297.5,5291268.69,120,170,100.0,CTR-054,7,14,1.0924,0.5036,HILLY,2025,7326531.82,76.64
MPLADS-1716,Andhra Pradesh,LOK_SABHA,Drinking Water,3669816.11,3647733.82,347,272,93.2,CTR-119,3,60,1.2656,0.1166,PLAIN,2024,5269417.34,41.1
MPLADS-1717,Odisha,LOK_SABHA,Bridges,4695785.86,4765888.03,393,457,100.0,CTR-151,13,74,1.071,0.7795,PLAIN,2025,5915721.74,97.82
MPLADS-1718,Meghalaya,RAJYA_SABHA,Community Halls,30363693.93,26061543.91,266,39,15.9,CTR-033,1,50,1.0188,0.4247,DESERT,2025,30064027.67,59.26
MPLADS-1719,Rajasthan,RAJYA_SABHA,Other Public Assets,24269792.85,25034889.81,530,484,81.29,CTR-120,1,37,1.1688,0.7635,PLAIN,2025,32534100.91,35.98
MPLADS-1720,Bihar,LOK_SABHA,Other Public Assets,29554297.23,24606838.51,286,176,27.97,CTR-026,10,32,1.0784,0.4882,COASTAL,2025,31811919.04,94.59
MPLADS-1721,Karnataka,LOK_SABHA,Sanitation,43048557.35,44653764.46,532,60,0.0,CTR-020,7,69,1.2364,0.6393,COASTAL,2024,66899569.43,111.05
MPLADS-1722,Lakshadweep,LOK_SABHA,Community Halls,45686265.86,47792504.27,534,198,69.48,CTR-141,15,54,1.0405,0.3641,COASTAL,2025,59521089.81,105.56
MPLADS-1723,Chandigarh,LOK_SABHA,Sanitation,37159566.89,38360475.14,226,81,50.11,CTR-173,12,33,1.112,0.9541,DESERT,2024,54303198.58,98.4
MPLADS-1724,Chhattisgarh,RAJYA_SABHA,Other Public Assets,21561869.85,18857639.96,524,393,60.77,CTR-127,1,61,1.049,0.6355,HILLY,2025,24958487.16,99.53
MPLADS-1725,Tripura,RAJYA_SABHA,Sanitation,34108228.31,34254826.8,364,84,35.08,CTR-056,0,48,1.2477,0.2628,PLAIN,2025,48646515.41,43.98
MPLADS-1726,Nagaland,LOK_SABHA,Education,31638117.32,29865156.89,307,208,89.84,CTR-050,12,35,0.9803,0.9873,HILLY,2025,40630336.09,141.89
MPLADS-1727,Goa,LOK_SABHA,Community Halls,40243368.43,35663580.16,503,603,79.85,CTR-057,8,81,1.2926,0.7434,PLAIN,2023,55520627.76,123.15
MPLADS-1728,Dadra and Nagar Haveli and Daman and Diu,RAJYA_SABHA,Roads,22176099.72,17853397.01,320,420,100.0,CTR-112,12,48,1.3378,0.222,PLAIN,2025,27486252.81,71.14
MPLADS-1729,Uttar Pradesh,LOK_SABHA,Sports Infrastructure,24351788.72,25156172.66,170,210,100.0,CTR-108,10,42,0.9866,0.2551,PLAIN,2024,26390078.58,70.34
MPLADS-1730,Himachal Pradesh,LOK_SABHA,Sanitation,29599546.26,25731188.91,156,73,48.45,CTR-131,9,0,1.0005,0.9257,HILLY,2024,34198883.94,94.64
MPLADS-1731,Tripura,LOK_SABHA,Roads,35868888.57,31092707.94,240,260,92.59,CTR-138,0,31,1.314,0.3086,PLAIN,2023,45682642.1,23.07
MPLADS-1732,Telangana,RAJYA_SABHA,Roads,45432849.77,42881457.66,420,252,48.21,CTR-078,3,43,1.2824,0.9752,PLAIN,2024,66816689.38,71.75
MPLADS-1733,Lakshadweep,LOK_SABHA,Healthcare,37117100.89,30325368.04,491,388,86.05,CTR-069,1,47,1.1005,0.0456,COASTAL,2023,38308985.14,53.87
MPLADS-1734,Goa,LOK_SABHA,Roads,2027001.59,2049484.54,411,271,72.1,CTR-025,12,78,1.18,0.4033,COASTAL,2023,2935666.88,131.19
MPLADS-1735,Chandigarh,LOK_SABHA,Other Public Assets,39695862.99,40797610.95,364,216,31.84,CTR-157,2,53,1.2549,0.6037,PLAIN,2025,57807284.73,65.43
MPLADS-1736,Arunachal Pradesh,RAJYA_SABHA,Education,10826618.53,9565593.86,251,192,95.91,CTR-009,3,12,1.3435,0.4465,HILLY,2024,16773995.66,59.33
MPLADS-1737,Rajasthan,LOK_SABHA,Community Halls,9213187.61,9384863.24,518,57,23.52,CTR-024,14,34,0.9928,0.7291,PLAIN,2024,10643925.54,111.21
MPLADS-1738,Chhattisgarh,LOK_SABHA,Bridges,13581322.22,12582836.32,319,456,100.0,CTR-075,10,56,1.1705,0.4617,PLAIN,2024,17121048.92,67.83
MPLADS-1739,Rajasthan,RAJYA_SABHA,Healthcare,33859499.39,31725188.57,461,27,3.43,CTR-105,12,30,1.0241,0.8347,PLAIN,2024,36443594.13,87.07
MPLADS-1740,Haryana,LOK_SABHA,Community Halls,40026541.61,41290203.77,373,183,65.47,CTR-097,3,37,1.2642,0.3518,PLAIN,2025,60222889.03,41.58
MPLADS-1741,Nagaland,LOK_SABHA,Sports Infrastructure,501359.51,452371.76,263,15,12.2,CTR-171,1,39,1.1086,0.2382,HILLY,2025,637851.73,57.57
MPLADS-1742,Uttar Pradesh,LOK_SABHA,Education,30166535.76,28862077.01,101,90,80.16,CTR-067,14,0,1.2356,0.8827,PLAIN,2024,43622985.01,90.23
MPLADS-1743,Jammu and Kashmir,LOK_SABHA,Electrification,38894660.54,34833594.0,203,277,91.98,CTR-028,13,0,1.1199,0.4342,HILLY,2025,51692837.73,79.92
MPLADS-1744,Andhra Pradesh,LOK_SABHA,Education,3881110.37,3517096.05,230,196,67.67,CTR-093,13,47,0.9667,0.2956,COASTAL,2024,4009581.08,117.32
MPLADS-1745,Meghalaya,LOK_SABHA,Sports Infrastructure,6819876.23,6436559.58,269,242,75.19,CTR-159,8,68,1.0523,0.951,HILLY,2025,8919901.02,146.58
MPLADS-1746,Dadra and Nagar Haveli and Daman and Diu,LOK_SABHA,Healthcare,45008464.16,41389890.89,407,375,97.7,CTR-109,7,51,0.9661,0.9753,PLAIN,2024,44636394.82,94.19
MPLADS-1747,Rajasthan,RAJYA_SABHA,Healthcare,35507584.73,36888846.11,363,273,76.4,CTR-010,1,32,1.19,0.6507,PLAIN,2025,49324984.7,48.62
MPLADS-1748,Chhattisgarh,RAJYA_SABHA,Bridges,18988149.63,19177739.99,503,692,100.0,CTR-055,7,63,1.3302,0.5493,PLAIN,2023,30587089.2,78.96
MPLADS-1749,Bihar,RAJYA_SABHA,Bridges,34258732.55,35242186.66,130,54,18.24,CTR-177,11,0,1.0001,0.2261,COASTAL,2025,41084645.14,63.74
MPLADS-1750,Haryana,RAJYA_SABHA,Healthcare,47543809.65,47402944.83,438,544,88.68,CTR-062,11,36,1.3312,0.7008,PLAIN,2025,78132514.07,70.7
MPLADS-1751,Rajasthan,LOK_SABHA,Other Public Assets,35222115.23,30072817.38,467,448,74.54,CTR-077,5,34,1.0064,0.4284,PLAIN,2023,32971412.06,84.63
MPLADS-1752,Madhya Pradesh,LOK_SABHA,Sports Infrastructure,45747603.31,47346716.92,369,59,18.15,CTR-059,11,50,0.9517,1.0,HILLY,2025,56602709.33,139.43
MPLADS-1753,Lakshadweep,RAJYA_SABHA,Drinking Water,2213228.43,1998517.7,144,129,97.12,CTR-193,9,0,1.0168,0.09,COASTAL,2025,2301683.86,39.66
MPLADS-1754,Lakshadweep,LOK_SABHA,Sanitation,28996020.29,23387319.91,268,138,64.75,CTR-029,8,36,1.1458,0.6637,COASTAL,2024,32147685.33,86.06
MPLADS-1755,Meghalaya,LOK_SABHA,Sports Infrastructure,3653382.61,3753491.71,445,378,100.0,CTR-003,10,95,1.1335,0.7915,PLAIN,2025,4947658.59,118.87
MPLADS-1756,Andaman and Nicobar Islands,RAJYA_SABHA,Roads,18056176.75,18345330.29,375,20,8.04,CTR-149,13,47,1.0745,0.4383,HILLY,2023,25588061.39,110.33
MPLADS-1757,Kerala,LOK_SABHA,Sports Infrastructure,2255713.03,2287197.5,512,279,27.27,CTR-044,5,90,1.2178,0.5339,COASTAL,2025,3438991.35,102.85
MPLADS-1758,Odisha,RAJYA_SABHA,Bridges,18703667.17,18865921.79,483,664,96.12,CTR-070,7,76,1.1442,0.8485,COASTAL,2024,27277086.65,88.29
MPLADS-1759,Maharashtra,LOK_SABHA,Roads,5068189.34,5285582.92,254,46,8.6,CTR-129,9,43,1.061,0.8279,COASTAL,2024,7087088.15,131.48
MPLADS-1760,Uttar Pradesh,LOK_SABHA,Other Public Assets,32841571.93,30307204.45,509,199,62.51,CTR-126,9,63,1.0294,0.5004,PLAIN,2025,33891673.16,78.56
MPLADS-1761,Lakshadweep,LOK_SABHA,Drinking Water,26183265.05,23524995.91,409,418,93.28,CTR-156,10,51,1.2877,0.6009,COASTAL,2025,38912541.08,92.26
MPLADS-1762,Manipur,RAJYA_SABHA,Healthcare,41853603.05,43002488.0,153,85,53.3,CTR-044,5,49,1.301,0.4163,HILLY,2025,75314826.77,92.29
MPLADS-1763,Jammu and Kashmir,RAJYA_SABHA,Sports Infrastructure,22864786.6,19205117.69,332,335,94.49,CTR-006,13,39,1.3148,0.3705,HILLY,2025,32754522.86,131.15
MPLADS-1764,Uttarakhand,LOK_SABHA,Sports Infrastructure,23619239.63,18948346.38,172,116,77.11,CTR-086,11,16,1.0281,0.3356,PLAIN,2024,20426260.54,69.64
MPLADS-1765,Punjab,RAJYA_SABHA,Education,20686105.94,20989091.18,448,131,46.46,CTR-010,1,44,1.0074,0.822,HILLY,2024,27286030.57,81.91
MPLADS-1766,Ladakh,RAJYA_SABHA,Drinking Water,9537820.2,8459914.03,348,89,24.0,CTR-030,7,13,1.3235,0.2716,HILLY,2023,15027193.25,65.31
MPLADS-1767,Kerala,RAJYA_SABHA,Sports Infrastructure,36625334.04,35464777.62,212,203,70.98,CTR-167,5,0,1.2041,0.7715,PLAIN,2025,49414162.32,48.73
MPLADS-1768,Andhra Pradesh,LOK_SABHA,Education,47293760.97,46930266.61,471,297,28.14,CTR-024,14,63,1.0441,0.0164,PLAIN,2025,53119587.81,89.4
MPLADS-1769,Tripura,RAJYA_SABHA,Electrification,14237702.95,11655970.08,473,346,82.57,CTR-186,7,50,1.2951,0.5825,COASTAL,2025,19150585.53,63.69
MPLADS-1770,Gujarat,LOK_SABHA,Roads,5899885.98,5385908.62,526,116,39.11,CTR-147,0,49,0.986,0.6118,HILLY,2023,6514371.81,75.38
MPLADS-1771,Telangana,LOK_SABHA,Drinking Water,26189054.03,21326885.32,184,157,73.48,CTR-030,7,46,1.0998,0.0765,PLAIN,2024,25656995.55,54.91
MPLADS-1772,Rajasthan,RAJYA_SABHA,Roads,9565462.29,9860568.19,247,211,73.29,CTR-166,13,8,1.3239,0.3693,DESERT,2024,16543502.48,81.98
MPLADS-1773,Tamil Nadu,LOK_SABHA,Healthcare,30992668.55,26950237.61,155,89,77.76,CTR-092,12,26,1.3455,0.718,HILLY,2024,50521413.87,97.45
MPLADS-1774,Puducherry,LOK_SABHA,Healthcare,10674732.24,10451753.91,361,474,100.0,CTR-005,6,49,1.2178,0.6354,COASTAL,2025,15404177.2,63.93
MPLADS-1775,Arunachal Pradesh,LOK_SABHA,Roads,14077770.39,12152619.05,94,73,55.93,CTR-085,10,0,1.2057,0.5987,DESERT,2024,18617468.7,72.01
MPLADS-1776,Chandigarh,RAJYA_SABHA,Community Halls,26995783.19,26501986.32,315,289,71.3,CTR-028,13,36,1.1306,0.8284,PLAIN,2025,36342551.79,90.68
MPLADS-1777,Jharkhand,LOK_SABHA,Electrification,37043711.79,35699182.05,319,170,94.96,CTR-176,7,46,1.1446,0.8594,PLAIN,2024,47932835.48,77.86
MPLADS-1778,Ladakh,LOK_SABHA,Sports Infrastructure,27924776.49,23623467.75,124,90,72.31,CTR-142,3,4,1.1679,0.4489,HILLY,2025,35106531.13,66.2
MPLADS-1779,Kerala,LOK_SABHA,Electrification,9797800.36,9747559.35,486,654,100.0,CTR-033,1,87,1.055,0.5309,PLAIN,2023,11175122.85,58.35
MPLADS-1780,Bihar,RAJYA_SABHA,Drinking Water,29189586.97,25641721.17,396,418,100.0,CTR-036,1,76,1.3428,0.2886,HILLY,2023,43436657.84,56.25
MPLADS-1781,Karnataka,RAJYA_SABHA,Drinking Water,11258743.91,10416387.47,231,254,84.66,CTR-052,3,38,1.215,0.4206,PLAIN,2025,14578492.03,53.18
MPLADS-1782,Odisha,LOK_SABHA,Bridges,46722140.43,47664482.91,216,182,59.07,CTR-063,5,72,1.1792,0.7314,PLAIN,2025,67261333.66,119.51
MPLADS-1783,Karnataka,RAJYA_SABHA,Electrification,6778931.77,5447170.21,127,151,100.0,CTR-141,15,57,1.2513,0.4716,DESERT,2024,8901621.87,112.15
MPLADS-1784,Goa,RAJYA_SABHA,Healthcare,47238505.72,40287344.62,232,200,100.0,CTR-037,13,62,1.0108,0.7311,COASTAL,2024,50267747.71,83.5
MPLADS-1785,Odisha,RAJYA_SABHA,Community Halls,48337142.17,43838951.19,285,95,5.39,CTR-131,9,72,1.194,0.7574,PLAIN,2024,61856365.92,99.58
MPLADS-1786,Andaman and Nicobar Islands,RAJYA_SABHA,Sports Infrastructure,7799988.66,7738273.12,205,264,100.0,CTR-061,14,46,1.255,0.0976,COASTAL,2025,12089412.4,49.52
MPLADS-1787,Haryana,LOK_SABHA,Other Public Assets,14091628.28,11796864.68,178,235,78.22,CTR-162,10,19,1.2095,0.5092,PLAIN,2025,16975798.43,62.78
MPLADS-1788,Uttarakhand,LOK_SABHA,Bridges,1798294.26,1629106.48,137,46,15.62,CTR-018,2,15,1.2456,1.0,HILLY,2025,2719773.16,81.91
MPLADS-1789,Madhya Pradesh,LOK_SABHA,Other Public Assets,37603880.76,31256925.81,327,292,100.0,CTR-009,3,45,1.0934,0.0574,PLAIN,2025,36669722.88,33.73
MPLADS-1790,Arunachal Pradesh,LOK_SABHA,Other Public Assets,35219571.54,31653406.8,319,15,1.23,CTR-150,0,45,1.2547,0.247,HILLY,2024,50472402.1,74.65
MPLADS-1791,Andaman and Nicobar Islands,LOK_SABHA,Other Public Assets,30773553.58,30185755.53,182,181,93.37,CTR-089,12,11,1.315,0.1067,COASTAL,2024,50212613.8,67.44
MPLADS-1792,Andaman and Nicobar Islands,LOK_SABHA,Sanitation,30554659.81,32041481.82,293,9,0.0,CTR-054,7,46,1.2157,0.7381,COASTAL,2024,48305103.41,72.61
MPLADS-1793,Tamil Nadu,RAJYA_SABHA,Community Halls,22107167.86,21200963.02,405,307,72.11,CTR-144,6,49,1.1787,0.0642,PLAIN,2024,28796277.16,60.5
MPLADS-1794,Rajasthan,LOK_SABHA,Sanitation,2135522.78,2096344.12,387,42,26.57,CTR-004,7,33,1.3104,1.0,DESERT,2025,3697438.02,128.39
MPLADS-1795,Rajasthan,LOK_SABHA,Healthcare,40464628.47,41114781.39,303,217,76.19,CTR-119,3,32,1.3491,0.2487,DESERT,2023,70394341.91,50.79
MPLADS-1796,Nagaland,LOK_SABHA,Education,30676943.2,24838487.75,414,409,100.0,CTR-028,13,50,1.3367,0.4151,HILLY,2024,45185964.85,96.08
MPLADS-1797,Telangana,LOK_SABHA,Sports Infrastructure,21391272.91,19076881.81,492,271,44.4,CTR-133,1,48,1.1305,0.9728,HILLY,2024,28475972.08,70.17
MPLADS-1798,Arunachal Pradesh,LOK_SABHA,Sanitation,42875764.24,37633430.15,453,233,60.52,CTR-144,6,46,1.1332,0.8657,HILLY,2023,57519901.0,88.43
MPLADS-1799,Andaman and Nicobar Islands,LOK_SABHA,Drinking Water,14039815.5,12583523.64,106,73,100.0,CTR-119,3,22,1.0475,0.7601,HILLY,2024,16092805.5,66.77
MPLADS-1800,Dadra and Nagar Haveli and Daman and Diu,LOK_SABHA,Bridges,47752273.75,41606807.38,219,154,60.1,CTR-016,12,34,1.0661,1.0,DESERT,2024,55007486.33,95.09
MPLADS-1801,Dadra and Nagar Haveli and Daman and Diu,RAJYA_SABHA,Bridges,48344418.41,50616041.11,305,274,94.0,CTR-056,0,45,1.2841,0.9415,PLAIN,2025,75191108.36,42.77
MPLADS-1802,West Bengal,RAJYA_SABHA,Bridges,27629358.57,27374073.26,109,55,48.8,CTR-009,3,0,1.1242,0.0438,COASTAL,2025,35044024.15,35.39
MPLADS-1803,Andhra Pradesh,RAJYA_SABHA,Healthcare,36261672.6,32908557.38,408,197,50.05,CTR-159,8,65,1.0953,0.4173,PLAIN,2024,38536499.95,84.61
MPLADS-1804,Chhattisgarh,RAJYA_SABHA,Drinking Water,36881975.48,32736497.46,162,213,95.29,CTR-026,10,31,1.3279,0.2579,PLAIN,2023,51574529.23,46.33
MPLADS-1805,Arunachal Pradesh,LOK_SABHA,Other Public Assets,23132101.49,23812838.34,454,473,78.53,CTR-047,7,50,1.0495,0.4355,HILLY,2024,32323106.56,82.67
MPLADS-1806,Punjab,LOK_SABHA,Sports Infrastructure,14151626.72,11757603.49,218,199,100.0,CTR-016,12,13,1.3085,0.2193,PLAIN,2025,18557738.26,54.73
MPLADS-1807,Dadra and Nagar Haveli and Daman and Diu,LOK_SABHA,Education,6438812.92,5513708.65,333,442,100.0,CTR-098,10,48,1.0412,0.3657,HILLY,2024,7083782.54,108.09
MPLADS-1808,Delhi,LOK_SABHA,Community Halls,29021147.65,26287500.64,124,76,69.06,CTR-028,13,9,1.2149,0.5138,PLAIN,2023,36105501.92,57.18
MPLADS-1809,Meghalaya,RAJYA_SABHA,Drinking Water,5502386.02,5771040.21,407,566,77.23,CTR-146,13,89,1.2863,0.2573,PLAIN,2023,9071446.19,142.61
MPLADS-1810,Nagaland,RAJYA_SABHA,Electrification,34662190.73,35772483.14,419,170,50.07,CTR-028,13,49,1.0005,0.7276,HILLY,2025,47203077.95,124.28
MPLADS-1811,Ladakh,LOK_SABHA,Sanitation,44076320.94,41946160.29,417,200,24.23,CTR-161,15,13,1.2063,0.3451,HILLY,2025,69299573.45,123.1
MPLADS-1812,Goa,RAJYA_SABHA,Other Public Assets,41936495.25,33967763.85,285,48,27.13,CTR-068,5,80,0.9614,1.0,HILLY,2023,41401958.72,135.07
MPLADS-1813,Chandigarh,RAJYA_SABHA,Community Halls,37756657.46,31266592.5,475,374,90.45,CTR-080,10,48,1.26,1.0,HILLY,2023,54524889.44,111.78
MPLADS-1814,Goa,LOK_SABHA,Community Halls,799754.21,834782.11,172,14,13.7,CTR-054,7,0,1.3404,0.8445,COASTAL,2023,1406924.17,75.29
MPLADS-1815,Goa,RAJYA_SABHA,Education,31508654.19,32027055.05,347,479,100.0,CTR-006,13,82,1.2239,0.1494,COASTAL,2024,48282817.99,88.1
MPLADS-1816,Puducherry,LOK_SABHA,Electrification,35340546.48,35137608.24,367,22,28.6,CTR-095,14,49,1.1378,0.4929,PLAIN,2024,47039495.49,98.25
MPLADS-1817,Punjab,LOK_SABHA,Healthcare,23599551.19,21307198.69,306,38,0.0,CTR-060,10,42,0.9539,0.6632,DESERT,2024,25477309.46,104.78
MPLADS-1818,Karnataka,RAJYA_SABHA,Roads,18164947.2,17116656.52,531,549,88.93,CTR-164,6,73,1.1275,0.4163,PLAIN,2024,22375504.48,79.19
MPLADS-1819,Andaman and Nicobar Islands,LOK_SABHA,Roads,33620006.31,29636688.8,407,18,11.18,CTR-146,13,54,1.2171,0.8066,COASTAL,2023,45862216.21,103.55
MPLADS-1820,Meghalaya,LOK_SABHA,Roads,44849682.21,37151881.59,342,31,44.98,CTR-172,1,95,1.0531,0.5316,HILLY,2025,51941299.56,96.06
MPLADS-1821,Gujarat,LOK_SABHA,Roads,28824089.82,28685641.96,97,108,100.0,CTR-193,9,14,0.9574,0.9879,PLAIN,2023,31087901.44,70.54
MPLADS-1822,West Bengal,RAJYA_SABHA,Bridges,30564834.12,27210214.07,210,94,45.17,CTR-095,14,15,0.9748,0.0035,PLAIN,2024,28001454.07,53.99
MPLADS-1823,Uttarakhand,RAJYA_SABHA,Roads,42975923.34,45073304.01,143,184,100.0,CTR-169,5,54,1.3127,0.8137,HILLY,2025,80833216.98,107.83
MPLADS-1824,Assam,LOK_SABHA,Other Public Assets,29677717.39,30644737.05,136,196,88.75,CTR-073,7,46,1.0483,0.0339,COASTAL,2023,38032789.01,55.65
MPLADS-1825,Uttarakhand,LOK_SABHA,Sanitation,21930333.16,22166377.47,295,333,100.0,CTR-077,5,31,1.0539,0.4981,HILLY,2024,28968632.54,77.33
MPLADS-1826,Goa,LOK_SABHA,Electrification,4413777.09,4395833.08,143,176,100.0,CTR-169,5,70,0.9969,0.9098,COASTAL,2024,5286807.46,85.58
MPLADS-1827,Jharkhand,LOK_SABHA,Roads,2184919.48,1760454.32,451,50,11.25,CTR-023,2,68,1.142,1.0,HILLY,2025,2653746.06,129.13
MPLADS-1828,Haryana,LOK_SABHA,Sports Infrastructure,45348342.12,41428089.16,139,31,38.03,CTR-135,12,8,1.0831,0.5843,PLAIN,2023,50180215.78,65.07
MPLADS-1829,Sikkim,RAJYA_SABHA,Bridges,29460358.55,24967425.3,431,172,37.92,CTR-193,9,46,1.0724,0.8944,HILLY,2023,36344311.91,135.47
MPLADS-1830,Haryana,RAJYA_SABHA,Bridges,42882126.36,43945647.82,296,90,30.04,CTR-065,6,37,1.1622,0.6008,PLAIN,2025,58686672.32,77.19
MPLADS-1831,Sikkim,RAJYA_SABHA,Community Halls,17042727.04,15300744.66,500,277,41.51,CTR-112,12,49,1.2767,1.0,DESERT,2023,25276026.96,122.79
MPLADS-1832,Haryana,LOK_SABHA,Sanitation,7168360.98,6092238.96,255,253,100.0,CTR-187,2,35,1.0658,0.3044,HILLY,2024,8158732.87,56.91
MPLADS-1833,Chandigarh,RAJYA_SABHA,Education,22237725.98,18647516.65,312,93,18.25,CTR-090,13,36,1.0595,0.1684,PLAIN,2023,22189596.83,73.18
MPLADS-1834,Sikkim,RAJYA_SABHA,Electrification,48468767.37,44564197.37,537,765,100.0,CTR-088,4,53,1.3265,0.9889,HILLY,2024,80957218.21,112.15
MPLADS-1835,Karnataka,LOK_SABHA,Electrification,41995552.65,35753301.82,97,76,77.47,CTR-023,2,39,1.1719,0.3434,COASTAL,2024,49982191.31,68.85
MPLADS-1836,Tripura,LOK_SABHA,Community Halls,4525063.2,4197621.94,169,158,100.0,CTR-043,11,47,1.3272,0.5176,DESERT,2025,7255790.38,58.89
MPLADS-1837,Haryana,LOK_SABHA,Community Halls,49599128.9,44850372.42,120,66,46.41,CTR-125,13,39,1.2955,0.5534,PLAIN,2025,69111103.59,80.0
MPLADS-1838,Rajasthan,LOK_SABHA,Community Halls,9469893.9,9433577.72,502,547,91.46,CTR-007,1,34,1.0476,1.0,DESERT,2025,11662197.92,57.91
MPLADS-1839,Chandigarh,RAJYA_SABHA,Bridges,22922113.62,20334508.46,213,285,89.88,CTR-129,9,39,1.0941,0.6786,PLAIN,2025,25969886.08,86.3
MPLADS-1840,Uttar Pradesh,RAJYA_SABHA,Roads,28454606.79,26226166.93,180,32,20.86,CTR-033,1,62,1.2144,0.9818,PLAIN,2024,38673449.85,79.7
MPLADS-1841,Telangana,LOK_SABHA,Electrification,2358534.75,2004834.09,230,320,100.0,CTR-081,15,47,1.127,0.7141,DESERT,2024,2891077.44,93.59
MPLADS-1842,Tripura,LOK_SABHA,Sanitation,24669499.04,23284929.22,359,518,100.0,CTR-160,12,51,1.1218,1.0,HILLY,2025,35686870.61,113.82
MPLADS-1843,Ladakh,LOK_SABHA,Electrification,22158489.4,18031253.19,461,205,16.47,CTR-070,7,13,1.3302,0.9742,HILLY,2024,32092189.98,92.77
MPLADS-1844,Delhi,LOK_SABHA,Healthcare,44758249.13,42248338.71,407,384,100.0,CTR-047,7,39,1.0375,0.474,HILLY,2025,55941067.71,97.69
MPLADS-1845,Delhi,LOK_SABHA,Healthcare,41949330.49,35772270.97,140,202,96.54,CTR-080,10,0,1.2267,0.9053,PLAIN,2024,51961493.08,60.82
MPLADS-1846,Gujarat,LOK_SABHA,Bridges,4369116.64,4177559.38,431,591,87.67,CTR-071,12,49,1.0972,0.1488,PLAIN,2024,5221736.95,78.49
MPLADS-1847,Chhattisgarh,RAJYA_SABHA,Drinking Water,20366588.64,18056047.29,423,131,14.75,CTR-017,8,59,1.2108,0.2109,COASTAL,2025,25674869.25,93.42
MPLADS-1848,Arunachal Pradesh,RAJYA_SABHA,Sports Infrastructure,11225334.16,9401474.64,107,71,59.73,CTR-157,2,26,1.2766,0.9243,HILLY,2023,16011750.01,59.94
MPLADS-1849,Dadra and Nagar Haveli and Daman and Diu,RAJYA_SABHA,Drinking Water,46767641.7,38080248.09,140,130,96.27,CTR-093,13,52,1.2181,0.3563,PLAIN,2025,54715800.9,69.05
MPLADS-1850,Tamil Nadu,LOK_SABHA,Roads,16947712.32,13691385.66,321,54,0.0,CTR-200,15,47,1.2115,0.383,COASTAL,2023,21056007.44,115.74
MPLADS-1851,Himachal Pradesh,RAJYA_SABHA,Community Halls,48973674.01,48418038.66,272,278,96.94,CTR-018,2,60,1.2739,1.0,DESERT,2023,77716175.36,90.32
MPLADS-1852,Nagaland,LOK_SABHA,Electrification,30234309.62,29609390.97,508,614,94.51,CTR-036,1,47,0.9508,0.8314,HILLY,2024,36279495.03,69.08
MPLADS-1853,Kerala,LOK_SABHA,Bridges,24367589.38,24346542.01,323,124,44.58,CTR-173,12,64,1.0251,0.8442,PLAIN,2024,27748682.75,110.4
MPLADS-1854,Tamil Nadu,RAJYA_SABHA,Sanitation,15411478.25,15656808.24,90,112,96.65,CTR-070,7,50,1.0945,0.2758,PLAIN,2025,18690502.83,62.51
MPLADS-1855,Andhra Pradesh,RAJYA_SABHA,Electrification,27794319.04,23395183.58,332,56,14.37,CTR-086,11,67,1.1462,0.313,PLAIN,2023,30052406.21,69.75
MPLADS-1856,Assam,RAJYA_SABHA,Electrification,25760353.0,25995845.05,410,613,100.0,CTR-069,1,91,1.1724,0.5495,PLAIN,2024,35624188.79,98.01
MPLADS-1857,Telangana,LOK_SABHA,Sports Infrastructure,36381984.57,30115039.59,271,222,93.6,CTR-044,5,24,0.9957,0.9255,COASTAL,2024,36454371.05,70.79
MPLADS-1858,Punjab,LOK_SABHA,Other Public Assets,49874040.33,42496922.15,263,120,29.42,CTR-142,3,30,1.2999,0.2627,HILLY,2024,70745014.14,73.62
MPLADS-1859,Andhra Pradesh,LOK_SABHA,Drinking Water,29891855.89,30824244.82,236,327,100.0,CTR-082,6,17,1.3329,0.0839,PLAIN,2024,46002540.95,33.93
MPLADS-1860,Bihar,LOK_SABHA,Bridges,31374928.62,30325947.68,466,696,94.4,CTR-102,3,69,1.1544,0.452,PLAIN,2024,38117112.47,70.73
MPLADS-1861,Dadra and Nagar Haveli and Daman and Diu,LOK_SABHA,Sanitation,3889576.04,3142114.2,331,427,84.91,CTR-040,10,47,1.2494,0.064,COASTAL,2024,4776230.53,97.93
MPLADS-1862,Manipur,LOK_SABHA,Electrification,14679221.44,15114963.68,288,393,100.0,CTR-117,0,49,0.9951,0.9562,HILLY,2025,19308656.87,81.27
MPLADS-1863,Madhya Pradesh,RAJYA_SABHA,Sports Infrastructure,11515934.55,9725491.3,199,95,37.82,CTR-078,3,53,1.2119,0.3811,PLAIN,2025,13167078.18,70.3
MPLADS-1864,Mizoram,LOK_SABHA,Roads,46147330.79,41234199.2,165,58,36.02,CTR-194,5,26,1.2694,0.4271,HILLY,2023,67455267.53,47.17
MPLADS-1865,Nagaland,LOK_SABHA,Sports Infrastructure,39924790.55,41419994.64,224,8,27.15,CTR-097,3,48,1.0047,0.4865,HILLY,2024,50906319.8,83.95
MPLADS-1866,Odisha,LOK_SABHA,Sanitation,31940275.94,26296884.78,420,532,100.0,CTR-092,12,74,1.171,0.2785,HILLY,2024,40915422.38,130.18
MPLADS-1867,Sikkim,RAJYA_SABHA,Healthcare,45084069.24,41285335.96,215,57,36.69,CTR-014,12,45,1.3139,0.2024,HILLY,2025,71988437.26,95.66
MPLADS-1868,Chhattisgarh,RAJYA_SABHA,Healthcare,18544772.08,15379812.56,340,264,85.36,CTR-105,12,57,1.149,0.79,PLAIN,2024,20515208.38,119.57
MPLADS-1869,Rajasthan,RAJYA_SABHA,Community Halls,49512812.84,41728020.18,471,677,74.99,CTR-182,2,34,1.3001,0.3671,DESERT,2024,65985726.6,62.54
MPLADS-1870,Karnataka,RAJYA_SABHA,Community Halls,27717398.2,22194329.51,461,495,90.39,CTR-033,1,83,1.26,0.6266,PLAIN,2024,33129527.97,99.69
MPLADS-1871,Nagaland,RAJYA_SABHA,Bridges,49566169.28,41859962.4,353,390,100.0,CTR-085,10,46,1.269,0.972,PLAIN,2023,65763942.01,82.62
MPLADS-1872,Maharashtra,RAJYA_SABHA,Electrification,34008975.16,34501444.55,155,81,46.73,CTR-060,10,65,1.1087,0.9405,PLAIN,2024,44561190.79,84.45
MPLADS-1873,Goa,LOK_SABHA,Drinking Water,25509176.59,24981499.57,230,98,24.88,CTR-072,3,41,1.1331,0.3957,COASTAL,2025,34390140.69,73.54
MPLADS-1874,Haryana,LOK_SABHA,Healthcare,27730614.34,28789139.68,401,524,84.78,CTR-088,4,38,1.116,0.9051,PLAIN,2024,37175801.18,80.18
MPLADS-1875,Gujarat,LOK_SABHA,Electrification,18195865.82,18859991.23,481,698,100.0,CTR-154,4,50,1.2249,0.1399,COASTAL,2025,27423900.0,64.21
MPLADS-1876,Mizoram,LOK_SABHA,Community Halls,40915582.66,41372365.96,386,454,100.0,CTR-145,15,51,1.2824,0.4311,HILLY,2023,71183564.1,109.86
MPLADS-1877,Ladakh,RAJYA_SABHA,Education,26486011.96,23303091.36,470,143,13.1,CTR-171,1,14,1.0177,0.9345,HILLY,2024,29481736.74,68.19
MPLADS-1878,Rajasthan,LOK_SABHA,Sanitation,8049802.05,6471539.17,188,244,100.0,CTR-169,5,17,1.1593,0.8105,HILLY,2025,10175933.59,95.23
MPLADS-1879,Andaman and Nicobar Islands,LOK_SABHA,Drinking Water,7244064.26,6311065.16,351,433,100.0,CTR-072,3,45,1.1363,0.2311,COASTAL,2023,8410472.54,65.48
MPLADS-1880,Uttarakhand,LOK_SABHA,Drinking Water,39524414.35,35480526.42,453,73,11.49,CTR-092,12,69,0.9918,0.7228,HILLY,2024,45667042.8,144.94
MPLADS-1881,Mizoram,LOK_SABHA,Sanitation,2152828.66,2181601.66,293,164,37.92,CTR-072,3,49,1.0962,0.5534,HILLY,2023,3031366.16,83.85
MPLADS-1882,Andhra Pradesh,LOK_SABHA,Sports Infrastructure,32545301.3,32472362.35,204,158,79.57,CTR-159,8,19,1.0778,0.0322,PLAIN,2024,36891390.75,34.61
MPLADS-1883,Tamil Nadu,RAJYA_SABHA,Electrification,25507467.81,26011486.32,279,223,85.33,CTR-058,2,50,1.2883,0.7811,PLAIN,2024,40528804.31,32.92
MPLADS-1884,Rajasthan,LOK_SABHA,Community Halls,22087092.99,19291050.4,526,704,92.94,CTR-064,15,32,1.009,1.0,DESERT,2023,24366394.12,97.72
MPLADS-1885,Madhya Pradesh,LOK_SABHA,Community Halls,13594252.88,13208615.29,127,148,100.0,CTR-043,11,0,1.2072,0.7728,PLAIN,2024,18783125.43,63.37
MPLADS-1886,Tamil Nadu,RAJYA_SABHA,Healthcare,25654218.53,25529878.29,521,630,99.13,CTR-087,1,55,0.9608,0.9508,COASTAL,2024,27717878.87,63.5
MPLADS-1887,Tamil Nadu,LOK_SABHA,Roads,8291698.46,7353413.14,205,36,17.63,CTR-035,14,23,1.2648,0.7914,COASTAL,2025,11619033.79,102.98
MPLADS-1888,West Bengal,LOK_SABHA,Education,8895868.35,8315368.09,534,315,55.13,CTR-002,12,66,1.2005,0.6199,PLAIN,2024,12301080.17,92.04
MPLADS-1889,Chhattisgarh,RAJYA_SABHA,Bridges,44439202.78,44219674.2,263,272,100.0,CTR-193,9,56,1.1993,0.5684,PLAIN,2024,63247266.45,68.25
MPLADS-1890,Tripura,RAJYA_SABHA,Roads,18140752.09,14874085.96,350,512,77.7,CTR-180,8,50,1.1724,0.1882,COASTAL,2025,20816508.09,80.32
MPLADS-1891,Tamil Nadu,RAJYA_SABHA,Drinking Water,17553700.05,14830689.81,213,48,36.12,CTR-192,10,36,1.1003,0.0204,PLAIN,2025,18115321.84,52.21
MPLADS-1892,Chhattisgarh,RAJYA_SABHA,Roads,25089637.31,22940337.68,228,169,79.7,CTR-071,12,56,1.3463,0.9515,HILLY,2024,43410589.02,113.46
MPLADS-1893,Andaman and Nicobar Islands,RAJYA_SABHA,Roads,40967367.67,41210035.43,368,311,76.33,CTR-041,2,50,1.0503,0.9982,COASTAL,2023,49915435.49,93.42
MPLADS-1894,Goa,RAJYA_SABHA,Sanitation,19631272.91,16364632.26,275,172,49.75,CTR-056,0,87,1.3289,0.5207,COASTAL,2025,26316332.38,71.73
MPLADS-1895,Delhi,LOK_SABHA,Sanitation,5791804.94,5918685.4,103,90,100.0,CTR-152,4,0,1.2103,0.753,PLAIN,2025,8270076.8,52.23
MPLADS-1896,Jharkhand,RAJYA_SABHA,Community Halls,23157553.55,20926613.38,319,224,60.7,CTR-050,12,66,1.0622,0.9093,PLAIN,2023,26592952.65,106.22
MPLADS-1897,Maharashtra,LOK_SABHA,Healthcare,36523444.45,36608057.52,132,127,100.0,CTR-139,5,0,0.9676,0.2847,HILLY,2023,42759911.73,63.48
MPLADS-1898,Manipur,LOK_SABHA,Electrification,23268449.66,23195318.75,377,536,100.0,CTR-051,12,48,1.1967,0.4447,HILLY,2025,37879250.4,91.96
MPLADS-1899,Maharashtra,RAJYA_SABHA,Community Halls,22041335.51,22050844.84,347,318,98.53,CTR-035,14,86,0.9526,0.6155,PLAIN,2024,24855946.03,114.47
MPLADS-1900,Rajasthan,RAJYA_SABHA,Sanitation,777678.21,652557.28,446,334,66.66,CTR-027,6,35,0.9754,0.4963,PLAIN,2024,665407.03,46.86
MPLADS-1901,Tripura,LOK_SABHA,Drinking Water,39536091.93,33388996.68,351,507,100.0,CTR-156,10,52,1.0196,0.7464,DESERT,2023,42735366.91,106.86
MPLADS-1902,Andhra Pradesh,RAJYA_SABHA,Community Halls,42966848.58,44567661.81,446,521,79.17,CTR-109,7,61,1.2412,0.6257,PLAIN,2025,62757258.24,90.35
MPLADS-1903,Uttar Pradesh,LOK_SABHA,Healthcare,23608253.73,23783771.52,500,135,17.76,CTR-021,8,58,1.2553,0.914,PLAIN,2024,36202958.09,61.56
MPLADS-1904,Arunachal Pradesh,RAJYA_SABHA,Drinking Water,49415472.69,45017766.21,96,19,0.0,CTR-088,4,39,0.958,1.0,HILLY,2025,55021546.43,98.99
MPLADS-1905,Karnataka,LOK_SABHA,Healthcare,2857700.41,2926794.22,469,86,27.81,CTR-041,2,76,0.9952,0.7606,PLAIN,2025,3049547.79,72.47
MPLADS-1906,Kerala,RAJYA_SABHA,Electrification,2454204.61,2267793.65,405,587,100.0,CTR-133,1,83,1.026,0.4993,COASTAL,2025,2651296.11,105.2
MPLADS-1907,Arunachal Pradesh,LOK_SABHA,Roads,16585680.25,17240993.4,336,491,92.65,CTR-062,11,52,0.9954,0.5619,HILLY,2025,22355034.5,119.16
MPLADS-1908,Telangana,LOK_SABHA,Sanitation,47886022.23,41122447.26,221,69,23.65,CTR-190,4,51,1.0562,1.0,HILLY,2025,55268961.4,94.05
MPLADS-1909,Punjab,LOK_SABHA,Sports Infrastructure,31822256.46,27629515.75,528,656,99.51,CTR-071,12,43,1.2633,1.0,DESERT,2024,45934725.03,137.65
MPLADS-1910,Meghalaya,LOK_SABHA,Healthcare,32739741.22,28696033.69,129,16,0.0,CTR-157,2,0,1.3308,0.6003,HILLY,2023,49626474.93,41.97
MPLADS-1911,Andhra Pradesh,RAJYA_SABHA,Bridges,38992054.54,32299736.01,276,371,98.02,CTR-026,10,29,1.1481,0.4964,COASTAL,2023,47116996.19,85.62
MPLADS-1912,Dadra and Nagar Haveli and Daman and Diu,RAJYA_SABHA,Community Halls,45571276.82,41460710.42,122,2,31.52,CTR-013,11,0,0.9972,0.0136,PLAIN,2025,44320419.49,40.97
MPLADS-1913,Ladakh,LOK_SABHA,Education,22680020.94,23275455.26,314,287,100.0,CTR-179,14,13,1.2282,0.8057,DESERT,2025,36919357.8,107.87
MPLADS-1914,Haryana,RAJYA_SABHA,Sanitation,28781436.4,24006090.85,365,244,50.22,CTR-167,5,38,1.295,0.672,COASTAL,2024,37937056.85,64.36
MPLADS-1915,Meghalaya,LOK_SABHA,Sports Infrastructure,28007959.66,24715394.87,337,49,4.06,CTR-149,13,90,1.1648,0.2186,PLAIN,2025,33034190.03,98.52
MPLADS-1916,Uttar Pradesh,LOK_SABHA,Other Public Assets,42899839.41,41631495.85,139,6,0.0,CTR-017,8,44,1.207,0.4008,PLAIN,2024,56805155.89,73.08
MPLADS-1917,Jharkhand,RAJYA_SABHA,Healthcare,18447067.5,15460800.85,388,394,100.0,CTR-107,12,64,1.3243,0.9591,COASTAL,2024,26128179.94,114.23
MPLADS-1918,Mizoram,LOK_SABHA,Bridges,26173047.98,21719044.57,504,608,76.82,CTR-053,5,48,1.0408,0.7935,HILLY,2025,29961431.23,104.21
MPLADS-1919,Rajasthan,LOK_SABHA,Roads,35043837.51,35743563.55,464,154,32.92,CTR-163,6,33,1.334,0.9453,PLAIN,2024,56484458.93,63.4
MPLADS-1920,Jharkhand,RAJYA_SABHA,Sports Infrastructure,22468755.07,18342365.85,114,86,81.1,CTR-014,12,15,1.271,0.587,PLAIN,2024,28424512.13,93.02
MPLADS-1921,Nagaland,RAJYA_SABHA,Bridges,3839609.15,3102004.37,398,462,89.66,CTR-119,3,44,1.2776,0.6926,PLAIN,2023,4743447.51,49.12
MPLADS-1922,Telangana,LOK_SABHA,Healthcare,10194413.6,8372469.19,201,35,10.85,CTR-090,13,51,1.0926,0.9067,HILLY,2025,11903609.89,129.86
MPLADS-1923,Uttarakhand,LOK_SABHA,Healthcare,44872362.35,46566588.72,297,259,89.86,CTR-071,12,44,1.1991,0.9683,DESERT,2024,73642808.29,111.8
MPLADS-1924,Mizoram,LOK_SABHA,Healthcare,9294563.48,9420425.75,199,60,50.65,CTR-196,1,0,1.2068,0.6316,HILLY,2024,14588873.49,62.9
MPLADS-1925,Manipur,RAJYA_SABHA,Bridges,13897183.08,14457857.62,316,332,100.0,CTR-113,8,50,0.9672,0.937,HILLY,2023,18727471.83,110.76
MPLADS-1926,Punjab,LOK_SABHA,Sanitation,33014145.82,31643095.4,113,134,85.43,CTR-051,12,0,1.3259,0.7199,HILLY,2024,55608705.0,86.98
MPLADS-1927,Puducherry,LOK_SABHA,Sports Infrastructure,40534384.24,33591294.55,496,450,100.0,CTR-071,12,51,1.0567,0.6639,PLAIN,2024,39021661.78,81.26
MPLADS-1928,Bihar,LOK_SABHA,Bridges,33331619.87,31649546.05,159,234,100.0,CTR-105,12,35,1.0212,0.371,PLAIN,2023,38175693.14,70.07
MPLADS-1929,Telangana,RAJYA_SABHA,Drinking Water,24954779.72,25392336.47,257,272,100.0,CTR-025,12,53,1.0719,0.9014,DESERT,2025,36018725.82,107.13
MPLADS-1930,Kerala,LOK_SABHA,Sanitation,26756298.65,24633799.22,191,35,32.42,CTR-082,6,0,1.0232,0.7053,PLAIN,2023,28659014.15,50.53
MPLADS-1931,Delhi,LOK_SABHA,Bridges,44466093.97,36783017.72,172,33,7.77,CTR-166,13,0,1.175,0.9643,COASTAL,2025,54147288.62,107.34
MPLADS-1932,Punjab,LOK_SABHA,Healthcare,32009374.0,26038581.08,92,13,0.0,CTR-133,1,22,1.1501,0.0405,PLAIN,2024,32710544.08,27.91
MPLADS-1933,Delhi,LOK_SABHA,Bridges,42623828.6,43627306.05,495,56,3.09,CTR-098,10,42,1.3331,0.4472,HILLY,2025,76100233.95,103.22
MPLADS-1934,Lakshadweep,LOK_SABHA,Roads,31019088.76,25678418.79,238,312,94.61,CTR-048,14,49,1.0865,0.2527,COASTAL,2024,34078592.11,108.86
MPLADS-1935,Andhra Pradesh,LOK_SABHA,Bridges,11031200.63,11007085.05,324,452,100.0,CTR-193,9,68,1.0171,1.0,DESERT,2024,14206056.78,97.59
MPLADS-1936,Puducherry,LOK_SABHA,Bridges,3028144.06,2822860.14,494,681,96.63,CTR-041,2,50,1.0173,0.8583,PLAIN,2023,3019834.43,58.0
MPLADS-1937,Manipur,LOK_SABHA,Community Halls,25740496.33,20684415.22,377,248,58.64,CTR-180,8,49,1.1543,0.4561,HILLY,2023,30848513.54,108.07
MPLADS-1938,Rajasthan,LOK_SABHA,Community Halls,20762510.04,21390551.96,92,97,95.39,CTR-148,3,0,0.9576,0.8799,PLAIN,2024,21265636.09,35.95
MPLADS-1939,Chhattisgarh,LOK_SABHA,Roads,11828748.22,9681145.9,481,697,95.38,CTR-039,4,66,1.1374,0.4394,HILLY,2023,14610713.55,113.39
MPLADS-1940,Kerala,LOK_SABHA,Sports Infrastructure,617446.77,574098.12,372,203,42.43,CTR-128,12,86,1.2011,0.7279,HILLY,2024,894013.14,133.59
MPLADS-1941,Himachal Pradesh,RAJYA_SABHA,Bridges,33298652.05,31307211.14,348,263,88.8,CTR-196,1,52,0.9598,1.0,HILLY,2025,39559930.97,76.86
MPLADS-1942,Chhattisgarh,LOK_SABHA,Healthcare,26583788.48,24598184.69,265,262,78.19,CTR-138,0,64,1.2691,0.4073,COASTAL,2024,38157130.78,67.43
MPLADS-1943,Andaman and Nicobar Islands,LOK_SABHA,Bridges,3081318.83,2660496.26,483,18,5.07,CTR-127,1,49,1.2846,0.3626,COASTAL,2025,4330377.28,41.0
MPLADS-1944,Madhya Pradesh,LOK_SABHA,Electrification,9556818.75,9556465.83,477,239,50.61,CTR-048,14,57,1.2136,0.5853,PLAIN,2025,13688445.83,88.74
MPLADS-1945,Jammu and Kashmir,RAJYA_SABHA,Other Public Assets,17049488.3,13702509.43,143,167,100.0,CTR-094,6,0,1.2954,1.0,HILLY,2025,23247768.46,67.76
MPLADS-1946,Sikkim,RAJYA_SABHA,Electrification,34428854.41,33031808.14,293,73,17.42,CTR-074,2,43,1.1685,0.437,HILLY,2025,50560229.37,83.51
MPLADS-1947,Punjab,LOK_SABHA,Bridges,21503192.07,18026679.7,538,154,7.57,CTR-175,11,44,1.2512,0.7354,PLAIN,2024,26210221.03,100.82
MPLADS-1948,Delhi,LOK_SABHA,Electrification,49397905.71,45849619.71,168,134,65.69,CTR-085,10,29,1.309,0.3844,PLAIN,2025,72329749.6,63.57
MPLADS-1949,Andhra Pradesh,RAJYA_SABHA,Roads,48346699.65,39223996.83,399,220,35.45,CTR-089,12,69,1.1028,0.5369,PLAIN,2025,51419666.35,115.02
MPLADS-1950,Kerala,LOK_SABHA,Community Halls,20599751.31,19733376.39,513,585,100.0,CTR-199,5,94,1.326,0.7303,PLAIN,2023,32703992.98,113.61
MPLADS-1951,Himachal Pradesh,RAJYA_SABHA,Healthcare,12723890.36,13352311.67,269,325,100.0,CTR-104,0,55,1.1222,0.8676,HILLY,2025,18754704.97,103.92
MPLADS-1952,Uttar Pradesh,RAJYA_SABHA,Drinking Water,47052786.95,40654811.57,222,262,100.0,CTR-089,12,31,1.0883,0.6064,PLAIN,2025,51379941.08,56.65
MPLADS-1953,Arunachal Pradesh,LOK_SABHA,Roads,16622702.64,16547522.72,239,164,63.94,CTR-040,10,0,1.058,0.6264,DESERT,2025,20608938.19,85.48
MPLADS-1954,Gujarat,RAJYA_SABHA,Education,16634628.75,15545200.18,362,103,24.92,CTR-042,12,51,1.143,0.7669,COASTAL,2025,22590921.93,132.25
MPLADS-1955,Himachal Pradesh,LOK_SABHA,Other Public Assets,20133005.16,18664469.41,209,234,100.0,CTR-044,5,54,1.2479,1.0,HILLY,2025,31752641.43,115.76
MPLADS-1956,Rajasthan,RAJYA_SABHA,Sports Infrastructure,26896534.88,22615110.28,344,430,100.0,CTR-188,6,35,1.142,0.6034,PLAIN,2024,28807317.66,72.76
MPLADS-1957,Punjab,RAJYA_SABHA,Roads,31564880.43,31428197.51,460,425,93.04,CTR-063,5,45,1.0857,0.6554,DESERT,2023,41806480.69,78.11
MPLADS-1958,Meghalaya,LOK_SABHA,Bridges,22195450.59,22766932.74,336,47,11.33,CTR-138,0,99,1.3466,0.323,DESERT,2023,37992221.88,97.05
MPLADS-1959,Lakshadweep,RAJYA_SABHA,Sanitation,29986880.19,24500351.6,99,30,19.8,CTR-166,13,49,1.0155,0.3496,COASTAL,2023,31157481.56,131.14
MPLADS-1960,Andaman and Nicobar Islands,LOK_SABHA,Sports Infrastructure,44462433.69,45775129.33,276,107,55.62,CTR-112,12,45,1.0091,0.3222,COASTAL,2024,54791257.88,108.62
MPLADS-1961,Goa,LOK_SABHA,Other Public Assets,7437411.58,6464627.89,502,684,96.37,CTR-032,3,80,1.182,0.3212,PLAIN,2024,8910879.03,75.8
MPLADS-1962,Mizoram,LOK_SABHA,Community Halls,29272692.07,28086857.44,253,61,15.01,CTR-152,4,24,1.3091,0.2142,HILLY,2025,47617012.68,69.44
MPLADS-1963,Delhi,LOK_SABHA,Sports Infrastructure,38407926.36,32330119.73,317,115,65.19,CTR-191,10,39,1.0803,0.9167,COASTAL,2024,43325034.7,120.33
MPLADS-1964,Madhya Pradesh,RAJYA_SABHA,Electrification,36529946.95,36304431.67,215,261,59.18,CTR-095,14,52,1.0461,0.7077,DESERT,2024,45807736.1,141.18
MPLADS-1965,Telangana,LOK_SABHA,Sanitation,35552052.96,31206984.21,374,252,68.59,CTR-087,1,53,0.9776,0.7469,PLAIN,2025,30691927.63,56.56
MPLADS-1966,Sikkim,LOK_SABHA,Education,48993010.24,44677168.47,258,342,100.0,CTR-047,7,48,1.0574,0.9528,HILLY,2023,60493743.61,108.37
MPLADS-1967,Punjab,LOK_SABHA,Other Public Assets,35013993.0,35932137.37,476,233,52.33,CTR-186,7,48,1.0846,0.6536,PLAIN,2023,44800281.7,40.63
MPLADS-1968,Jharkhand,LOK_SABHA,Healthcare,14798974.99,13863967.44,232,293,100.0,CTR-156,10,17,1.1459,0.3439,HILLY,2023,20178456.86,68.45
MPLADS-1969,Telangana,LOK_SABHA,Healthcare,25566637.02,25218435.35,448,106,34.27,CTR-174,11,48,1.0904,0.5883,DESERT,2023,34103484.73,96.98
MPLADS-1970,Delhi,RAJYA_SABHA,Sanitation,31106733.79,27262918.38,167,88,49.57,CTR-121,7,0,1.1311,0.4909,PLAIN,2024,35581506.22,46.11
MPLADS-1971,Uttar Pradesh,LOK_SABHA,Sports Infrastructure,23628657.93,20055766.92,169,31,12.9,CTR-159,8,15,1.3257,0.3768,HILLY,2024,35276867.05,71.01
MPLADS-1972,Karnataka,LOK_SABHA,Community Halls,14563325.59,12166966.14,160,232,100.0,CTR-002,12,34,1.0438,0.9395,PLAIN,2024,14695693.78,119.56
MPLADS-1973,Andaman and Nicobar Islands,RAJYA_SABHA,Electrification,10051578.44,8182194.57,445,120,24.67,CTR-020,7,52,1.1274,0.8154,COASTAL,2023,11548142.51,93.07
MPLADS-1974,West Bengal,LOK_SABHA,Drinking Water,24093499.67,24380176.7,263,227,100.0,CTR-121,7,71,1.2836,0.5687,COASTAL,2024,38400202.28,68.43
MPLADS-1975,Assam,RAJYA_SABHA,Healthcare,14557613.55,13567187.24,185,201,96.42,CTR-157,2,88,1.0387,0.7547,PLAIN,2023,16182198.11,77.13
MPLADS-1976,Arunachal Pradesh,LOK_SABHA,Drinking Water,6169686.2,5970505.67,312,452,100.0,CTR-123,10,46,1.1406,1.0,HILLY,2024,9312168.59,133.07
MPLADS-1977,Kerala,LOK_SABHA,Healthcare,7923835.82,7225338.09,311,323,91.06,CTR-111,4,63,1.0553,0.1236,PLAIN,2025,7999037.21,55.68
MPLADS-1978,Maharashtra,RAJYA_SABHA,Drinking Water,21586311.62,18532991.69,430,196,36.45,CTR-030,7,81,1.3492,0.2162,PLAIN,2025,29613364.15,88.87
MPLADS-1979,Uttar Pradesh,RAJYA_SABHA,Community Halls,26496377.77,26368841.26,460,326,49.86,CTR-162,10,63,1.3328,0.7366,PLAIN,2025,41967673.6,106.9
MPLADS-1980,Karnataka,RAJYA_SABHA,Bridges,4071755.73,3562219.5,110,113,83.09,CTR-031,7,0,1.033,0.7674,COASTAL,2023,4389317.57,79.68
MPLADS-1981,Goa,RAJYA_SABHA,Bridges,42525541.57,35817671.28,530,614,85.5,CTR-106,12,86,1.3138,0.9938,COASTAL,2023,61002993.55,135.23
MPLADS-1982,Meghalaya,LOK_SABHA,Healthcare,35110588.63,28655209.62,391,217,62.0,CTR-076,7,95,1.1299,0.3021,HILLY,2024,42587838.75,103.65
MPLADS-1983,Jharkhand,LOK_SABHA,Electrification,19129738.03,18895066.94,397,151,58.73,CTR-037,13,66,1.2055,1.0,HILLY,2023,31981221.51,131.92
MPLADS-1984,Goa,LOK_SABHA,Sanitation,17770369.1,17010978.29,165,85,53.25,CTR-144,6,0,1.3127,0.7019,COASTAL,2023,27586295.69,52.87
MPLADS-1985,Andaman and Nicobar Islands,LOK_SABHA,Roads,48478987.92,47729894.6,443,191,62.1,CTR-178,2,47,1.3446,0.2074,PLAIN,2025,75170154.79,35.47
MPLADS-1986,Odisha,LOK_SABHA,Roads,41880085.89,34571408.38,436,596,89.92,CTR-123,10,75,0.9553,0.5925,COASTAL,2025,37705965.72,95.79
MPLADS-1987,Meghalaya,LOK_SABHA,Sports Infrastructure,9555839.63,7912427.45,527,326,71.45,CTR-104,0,102,0.9549,0.6769,HILLY,2024,9399361.16,100.79
MPLADS-1988,Madhya Pradesh,LOK_SABHA,Community Halls,39830041.66,40656381.17,491,238,43.65,CTR-014,12,53,1.0743,0.0812,PLAIN,2023,46152037.64,103.2
MPLADS-1989,Dadra and Nagar Haveli and Daman and Diu,LOK_SABHA,Community Halls,22879291.08,23940911.04,227,207,100.0,CTR-138,0,47,0.9785,0.8604,PLAIN,2024,25163636.3,54.69
MPLADS-1990,Uttar Pradesh,LOK_SABHA,Education,2754741.53,2575277.89,317,61,6.22,CTR-049,10,44,1.2166,0.4189,PLAIN,2024,3598793.9,66.53
MPLADS-1991,Manipur,LOK_SABHA,Sports Infrastructure,13595534.26,13170453.08,198,191,100.0,CTR-113,8,51,1.139,0.4266,PLAIN,2023,16920161.73,72.02
MPLADS-1992,Rajasthan,RAJYA_SABHA,Bridges,32312293.69,30409102.37,515,597,94.02,CTR-185,7,34,1.2662,0.1961,PLAIN,2023,45159458.05,56.54
MPLADS-1993,Andhra Pradesh,RAJYA_SABHA,Roads,35558627.43,35956671.03,127,79,42.6,CTR-015,11,67,1.2259,0.7981,HILLY,2025,57950062.03,119.25
MPLADS-1994,Maharashtra,LOK_SABHA,Sports Infrastructure,14721303.73,14792783.59,437,336,78.26,CTR-077,5,78,1.0129,0.7183,COASTAL,2024,18710885.49,118.13
MPLADS-1995,Bihar,LOK_SABHA,Roads,37575590.91,36069425.09,214,113,52.75,CTR-039,4,71,0.9985,0.2309,COASTAL,2024,41283530.19,88.4
MPLADS-1996,Delhi,LOK_SABHA,Healthcare,40072600.08,38280431.34,395,486,83.08,CTR-112,12,39,1.2703,1.0,HILLY,2024,66455237.84,143.92
MPLADS-1997,Madhya Pradesh,LOK_SABHA,Other Public Assets,1610702.0,1497474.7,364,38,40.35,CTR-071,12,57,1.2928,1.0,DESERT,2025,2552771.06,141.91
MPLADS-1998,Bihar,LOK_SABHA,Electrification,20809466.07,17914990.96,512,384,67.07,CTR-009,3,70,1.1482,0.4259,PLAIN,2025,22438059.78,93.12
MPLADS-1999,Andaman and Nicobar Islands,RAJYA_SABHA,Electrification,44279080.17,44953949.85,244,263,93.66,CTR-129,9,12,1.0985,0.4507,HILLY,2024,61798313.56,69.78
MPLADS-2000,Himachal Pradesh,RAJYA_SABHA,Other Public Assets,10207601.68,9376101.6,246,108,42.37,CTR-072,3,30,1.3019,0.4063,PLAIN,2025,14067147.32,42.13
MPLADS-2001,Madhya Pradesh,LOK_SABHA,Other Public Assets,23660515.17,24623276.07,214,78,14.88,CTR-147,0,52,1.0555,0.9873,PLAIN,2024,30079519.35,90.55
MPLADS-2002,Karnataka,RAJYA_SABHA,Electrification,20992876.07,17127491.32,167,167,100.0,CTR-095,14,41,1.1887,0.4854,PLAIN,2025,25005344.32,66.79
MPLADS-2003,Bihar,LOK_SABHA,Community Halls,29795779.29,27398047.81,207,113,49.59,CTR-031,7,0,1.2324,0.9377,HILLY,2024,46149376.64,67.64
MPLADS-2004,Lakshadweep,RAJYA_SABHA,Sports Infrastructure,28050275.91,26969250.34,149,12,18.12,CTR-165,6,22,1.0889,0.0602,COASTAL,2025,34220544.26,56.53
MPLADS-2005,Manipur,LOK_SABHA,Sports Infrastructure,32698374.71,28631006.16,103,85,67.27,CTR-009,3,11,1.1559,0.8022,HILLY,2023,43962367.07,88.69
MPLADS-2006,Nagaland,LOK_SABHA,Roads,1124301.93,902396.85,112,156,100.0,CTR-019,13,14,1.2277,0.2615,HILLY,2023,1438715.86,92.76
MPLADS-2007,Goa,LOK_SABHA,Electrification,44491506.0,45463528.51,282,89,54.92,CTR-027,6,41,1.1723,0.2186,COASTAL,2025,64134165.42,66.23
MPLADS-2008,Telangana,LOK_SABHA,Electrification,15128374.87,14140930.05,227,160,76.18,CTR-069,1,48,1.1513,0.1502,PLAIN,2024,17805650.05,33.8
MPLADS-2009,Manipur,RAJYA_SABHA,Bridges,17362528.06,14257004.88,246,293,97.12,CTR-009,3,27,1.1865,1.0,HILLY,2024,22152055.5,59.46
MPLADS-2010,Punjab,RAJYA_SABHA,Sanitation,38203765.84,38453331.13,506,685,93.05,CTR-073,7,44,1.1597,0.8759,PLAIN,2025,52062002.73,90.25
MPLADS-2011,Dadra and Nagar Haveli and Daman and Diu,LOK_SABHA,Bridges,40686999.35,38006611.72,286,274,88.12,CTR-140,6,37,1.0921,0.0126,COASTAL,2024,47779948.3,54.08
MPLADS-2012,Haryana,LOK_SABHA,Community Halls,48331459.55,43994407.64,511,8,3.87,CTR-155,6,35,1.1649,0.6894,HILLY,2023,66217149.91,93.42
MPLADS-2013,Karnataka,LOK_SABHA,Sanitation,19452254.07,16509839.13,395,49,0.0,CTR-087,1,74,1.2139,0.7717,DESERT,2023,25132067.81,84.13
MPLADS-2014,Delhi,RAJYA_SABHA,Electrification,49160183.91,40006625.58,383,220,45.49,CTR-081,15,39,1.0947,0.5609,COASTAL,2025,51667027.3,102.55
MPLADS-2015,Madhya Pradesh,RAJYA_SABHA,Healthcare,15133253.79,14985279.32,442,443,100.0,CTR-146,13,56,1.0901,0.3822,PLAIN,2023,18980640.17,87.42
MPLADS-2016,Dadra and Nagar Haveli and Daman and Diu,RAJYA_SABHA,Sports Infrastructure,43765905.1,45480239.69,457,678,98.98,CTR-039,4,51,1.2854,0.7802,COASTAL,2023,73320796.64,85.28
MPLADS-2017,Nagaland,RAJYA_SABHA,Sanitation,41718516.99,41708250.35,169,203,100.0,CTR-031,7,20,1.0537,0.7253,HILLY,2023,58112804.41,104.87
MPLADS-2018,Punjab,LOK_SABHA,Sports Infrastructure,10841301.83,10323518.03,465,182,11.49,CTR-077,5,44,1.2946,0.347,PLAIN,2025,15994581.9,56.52
MPLADS-2019,Rajasthan,RAJYA_SABHA,Healthcare,921486.44,769930.35,537,97,27.4,CTR-185,7,31,1.1979,0.5938,PLAIN,2025,1108166.14,87.25
MPLADS-2020,Assam,RAJYA_SABHA,Sanitation,26771573.52,25230811.8,427,373,100.0,CTR-061,14,88,1.3466,0.3119,PLAIN,2024,42303383.71,98.58
MPLADS-2021,Uttar Pradesh,LOK_SABHA,Education,30771919.23,31498544.67,519,3,6.24,CTR-037,13,60,1.1444,0.7796,PLAIN,2024,40702162.5,98.71
MPLADS-2022,Karnataka,LOK_SABHA,Drinking Water,42393374.6,41421252.38,469,420,99.89,CTR-067,14,71,1.1887,0.3512,HILLY,2023,66352058.75,133.49
MPLADS-2023,Rajasthan,LOK_SABHA,Community Halls,7877601.16,8217921.62,484,62,10.0,CTR-183,7,34,1.2679,0.8955,PLAIN,2023,12780313.26,78.31
MPLADS-2024,Andhra Pradesh,RAJYA_SABHA,Electrification,41116835.38,33544025.39,292,288,100.0,CTR-097,3,32,1.2674,0.8375,COASTAL,2024,52942535.16,43.33
MPLADS-2025,Punjab,LOK_SABHA,Sports Infrastructure,18828493.78,19203675.57,159,19,30.96,CTR-101,13,11,1.2223,0.2493,PLAIN,2024,27160096.16,69.51
MPLADS-2026,Andaman and Nicobar Islands,LOK_SABHA,Healthcare,3092752.42,2499830.21,221,268,100.0,CTR-124,7,50,1.0455,0.0306,PLAIN,2023,2860582.32,49.85
MPLADS-2027,Karnataka,RAJYA_SABHA,Bridges,15225697.25,13353399.63,201,36,44.04,CTR-027,6,41,0.9693,0.2554,PLAIN,2025,14335159.86,47.87
MPLADS-2028,Jammu and Kashmir,LOK_SABHA,Electrification,31713613.46,29697867.3,304,270,91.03,CTR-114,7,40,1.022,0.7978,HILLY,2023,39401460.58,103.27
MPLADS-2029,Dadra and Nagar Haveli and Daman and Diu,LOK_SABHA,Education,48415488.31,44395642.37,399,512,91.15,CTR-060,10,52,1.2036,0.8998,PLAIN,2023,64060070.68,110.98
MPLADS-2030,Jammu and Kashmir,LOK_SABHA,Electrification,17892957.96,14417886.46,229,329,100.0,CTR-122,10,0,1.1887,0.2692,PLAIN,2024,20113317.47,40.2
MPLADS-2031,West Bengal,LOK_SABHA,Healthcare,2572854.21,2683780.29,103,148,100.0,CTR-171,1,0,1.3178,0.213,DESERT,2024,4338245.17,14.81
MPLADS-2032,Lakshadweep,RAJYA_SABHA,Roads,46072908.79,47489999.55,213,237,100.0,CTR-046,15,40,1.0968,0.3246,COASTAL,2023,62433361.49,88.58
MPLADS-2033,Tripura,RAJYA_SABHA,Bridges,20402429.78,17782765.54,254,320,100.0,CTR-174,11,50,1.0484,0.3713,PLAIN,2025,20572839.18,72.87
MPLADS-2034,Manipur,LOK_SABHA,Sports Infrastructure,13321580.94,12437699.99,340,480,99.52,CTR-179,14,45,1.112,0.8737,HILLY,2024,18706253.06,138.2
MPLADS-2035,Sikkim,LOK_SABHA,Bridges,40946862.5,38543363.29,165,193,89.66,CTR-191,10,24,1.0959,0.9406,HILLY,2023,56629567.48,144.92
MPLADS-2036,Himachal Pradesh,LOK_SABHA,Electrification,3647377.05,3089334.39,253,136,73.99,CTR-103,12,66,1.3392,0.3198,HILLY,2023,5380059.67,88.9
MPLADS-2037,Mizoram,RAJYA_SABHA,Education,15618103.16,16244310.25,90,86,86.55,CTR-124,7,0,1.0675,1.0,HILLY,2025,22707402.3,90.56
MPLADS-2038,West Bengal,LOK_SABHA,Roads,21267518.57,19580024.78,536,445,84.44,CTR-196,1,77,1.1602,0.9531,PLAIN,2024,26883046.01,69.49
MPLADS-2039,Uttarakhand,LOK_SABHA,Sports Infrastructure,42532606.18,42664646.82,114,16,22.77,CTR-007,1,0,1.2755,0.9556,DESERT,2024,71594764.13,40.12
MPLADS-2040,Rajasthan,LOK_SABHA,Healthcare,31708003.19,32478948.6,459,327,54.44,CTR-120,1,36,1.1141,1.0,DESERT,2025,45497728.5,74.49
MPLADS-2041,Uttarakhand,LOK_SABHA,Education,12041646.19,11037246.19,516,205,31.76,CTR-103,12,58,1.0576,0.7655,HILLY,2025,16012966.22,106.65
MPLADS-2042,Himachal Pradesh,RAJYA_SABHA,Bridges,38593609.57,39897897.46,520,192,39.56,CTR-008,11,62,1.1655,0.5166,PLAIN,2024,53583711.05,76.34
MPLADS-2043,Jammu and Kashmir,RAJYA_SABHA,Electrification,15514090.97,13915510.43,401,46,0.0,CTR-102,3,37,0.9682,1.0,HILLY,2025,17695350.07,98.95
MPLADS-2044,Chandigarh,RAJYA_SABHA,Sports Infrastructure,26343379.6,27472080.44,104,152,100.0,CTR-099,10,0,1.2673,0.877,PLAIN,2023,41039950.3,63.48
MPLADS-2045,Uttarakhand,RAJYA_SABHA,Healthcare,21415603.92,22040929.84,362,487,100.0,CTR-122,10,67,1.0766,0.8021,HILLY,2025,31807262.7,112.03
MPLADS-2046,West Bengal,LOK_SABHA,Drinking Water,14012703.33,12166572.23,365,178,46.48,CTR-162,10,74,1.1783,0.7122,COASTAL,2025,17928799.1,99.84
MPLADS-2047,Assam,LOK_SABHA,Sports Infrastructure,37641072.37,32809796.09,389,191,50.73,CTR-082,6,92,1.1685,0.0727,PLAIN,2024,44049381.98,66.99
MPLADS-2048,Meghalaya,RAJYA_SABHA,Drinking Water,18437023.2,16450074.35,141,168,94.45,CTR-140,6,89,1.1633,0.9418,HILLY,2024,26516238.79,93.72
MPLADS-2049,Manipur,LOK_SABHA,Roads,44268936.78,45046750.17,338,285,82.41,CTR-070,7,51,1.1187,0.2247,PLAIN,2023,56460924.64,60.86
MPLADS-2050,Punjab,LOK_SABHA,Community Halls,23448940.02,20315649.68,395,492,100.0,CTR-176,7,48,1.135,0.5797,PLAIN,2023,26394461.38,85.67
MPLADS-2051,Andaman and Nicobar Islands,RAJYA_SABHA,Community Halls,46811188.3,45502933.95,533,91,10.78,CTR-039,4,44,1.1969,0.7419,PLAIN,2024,63476248.57,91.49
MPLADS-2052,West Bengal,RAJYA_SABHA,Electrification,38170453.25,33228919.5,400,161,38.71,CTR-166,13,64,1.171,0.7403,PLAIN,2025,45724843.66,112.34
MPLADS-2053,Himachal Pradesh,LOK_SABHA,Drinking Water,43440981.28,38406501.44,443,172,33.03,CTR-186,7,61,1.1428,0.8615,HILLY,2023,59057360.48,128.27
MPLADS-2054,Arunachal Pradesh,LOK_SABHA,Community Halls,37579018.79,36717494.35,443,254,56.13,CTR-150,0,50,1.2258,0.6714,PLAIN,2025,52629114.32,56.03
MPLADS-2055,West Bengal,RAJYA_SABHA,Education,20448446.04,19597631.28,147,9,24.88,CTR-123,10,71,1.2174,0.7774,PLAIN,2025,28553755.59,95.07
MPLADS-2056,Manipur,RAJYA_SABHA,Community Halls,41680744.99,38020862.1,128,50,32.71,CTR-110,11,0,1.1964,0.7808,HILLY,2024,58569256.82,90.62
MPLADS-2057,Maharashtra,LOK_SABHA,Community Halls,18932135.68,17296375.48,176,180,100.0,CTR-045,1,0,1.1204,0.2511,COASTAL,2023,22907850.43,19.8
MPLADS-2058,Jammu and Kashmir,LOK_SABHA,Healthcare,17938564.61,15635679.58,224,125,62.04,CTR-061,14,18,1.1105,0.2174,HILLY,2025,22010236.34,85.56
MPLADS-2059,Ladakh,RAJYA_SABHA,Sports Infrastructure,2319408.6,2403127.61,280,286,100.0,CTR-033,1,7,1.2117,1.0,DESERT,2023,3603281.86,39.42
MPLADS-2060,Nagaland,LOK_SABHA,Sports Infrastructure,29848709.21,27840788.56,164,182,100.0,CTR-022,5,33,1.2712,0.3139,HILLY,2024,46058580.34,64.51
MPLADS-2061,Jammu and Kashmir,LOK_SABHA,Education,5521651.8,5554205.04,352,521,81.89,CTR-084,13,40,1.226,0.2189,HILLY,2024,8946333.79,91.03
MPLADS-2062,Punjab,LOK_SABHA,Electrification,36043467.31,37646414.76,469,302,48.58,CTR-182,2,46,1.0027,0.2286,HILLY,2023,46962307.5,63.31
MPLADS-2063,Rajasthan,LOK_SABHA,Education,43453781.11,43031317.68,309,233,77.86,CTR-171,1,27,1.0484,0.4857,DESERT,2025,51687130.95,47.96
MPLADS-2064,Odisha,RAJYA_SABHA,Community Halls,48794003.79,48348301.24,388,498,100.0,CTR-181,15,71,0.9633,1.0,DESERT,2024,59575592.0,148.55
MPLADS-2065,Jammu and Kashmir,RAJYA_SABHA,Sanitation,27898761.36,25957260.77,173,25,0.0,CTR-039,4,21,1.315,0.1839,PLAIN,2025,38586857.14,25.34
MPLADS-2066,Tripura,RAJYA_SABHA,Bridges,16201171.12,16903784.27,92,81,73.19,CTR-129,9,24,1.1697,0.6236,PLAIN,2024,22275760.42,73.46
MPLADS-2067,Bihar,LOK_SABHA,Electrification,16554590.44,13882246.06,114,81,54.82,CTR-097,3,19,0.9533,1.0,HILLY,2025,17159823.9,82.08
MPLADS-2068,Arunachal Pradesh,RAJYA_SABHA,Bridges,12407325.39,10637393.83,190,126,64.47,CTR-120,1,26,1.021,0.8157,HILLY,2025,13950702.26,85.76
MPLADS-2069,Dadra and Nagar Haveli and Daman and Diu,LOK_SABHA,Bridges,45444288.95,46306499.7,377,36,27.58,CTR-184,11,51,1.1772,0.1756,PLAIN,2024,60088266.2,60.42
MPLADS-2070,Tamil Nadu,LOK_SABHA,Bridges,23053202.78,19604616.91,305,50,23.05,CTR-064,15,51,1.2879,0.1718,PLAIN,2025,29145041.35,73.16
MPLADS-2071,Lakshadweep,LOK_SABHA,Drinking Water,13369838.49,13247810.37,344,419,100.0,CTR-146,13,50,1.344,0.5957,COASTAL,2024,23395312.22,62.83
MPLADS-2072,Jammu and Kashmir,RAJYA_SABHA,Education,4354154.04,4305433.33,255,354,100.0,CTR-063,5,41,1.2708,0.6137,HILLY,2024,7250964.83,85.25
MPLADS-2073,Lakshadweep,RAJYA_SABHA,Bridges,20679138.15,19162236.16,95,137,100.0,CTR-016,12,39,1.0779,0.4709,COASTAL,2025,23007398.36,107.61
MPLADS-2074,Himachal Pradesh,LOK_SABHA,Sanitation,26014371.99,26682180.04,144,4,0.0,CTR-034,8,0,1.2737,0.4193,DESERT,2024,42588715.75,39.76
MPLADS-2075,Mizoram,LOK_SABHA,Healthcare,30247584.93,31477298.93,493,481,72.73,CTR-148,3,47,1.056,0.4611,HILLY,2023,42360497.42,95.13
MPLADS-2076,Puducherry,LOK_SABHA,Other Public Assets,48029285.4,45712505.64,443,40,0.0,CTR-085,10,47,1.2647,0.5244,PLAIN,2023,66418725.65,107.33
MPLADS-2077,Karnataka,LOK_SABHA,Roads,41265600.02,33403769.35,485,338,83.41,CTR-096,4,80,1.3083,0.6508,PLAIN,2023,54795510.0,83.75
MPLADS-2078,Jharkhand,RAJYA_SABHA,Education,31060282.86,27126973.06,226,199,93.66,CTR-076,7,64,1.3005,0.1804,PLAIN,2025,40826074.89,79.44
MPLADS-2079,Delhi,LOK_SABHA,Other Public Assets,45917796.88,44427509.38,147,40,18.19,CTR-006,13,0,1.0266,0.1708,PLAIN,2025,51386774.93,58.34
MPLADS-2080,Andaman and Nicobar Islands,RAJYA_SABHA,Roads,5124278.79,5343606.09,214,9,12.67,CTR-103,12,13,1.0567,0.7371,COASTAL,2024,6902279.96,74.48
MPLADS-2081,West Bengal,LOK_SABHA,Drinking Water,27609884.44,23393955.46,403,416,100.0,CTR-024,14,73,1.2502,0.6445,HILLY,2023,39436443.26,142.51
MPLADS-2082,Chhattisgarh,LOK_SABHA,Community Halls,44430515.56,44608098.77,503,494,100.0,CTR-083,2,62,1.0852,1.0,HILLY,2023,63796366.08,79.36
MPLADS-2083,Punjab,LOK_SABHA,Other Public Assets,40600115.0,41690258.01,108,27,32.75,CTR-175,11,0,1.1803,0.4077,PLAIN,2024,59516889.9,55.65
MPLADS-2084,Jammu and Kashmir,LOK_SABHA,Sports Infrastructure,5740091.82,6005241.88,144,51,37.2,CTR-046,15,0,1.0967,0.2063,PLAIN,2023,7126118.85,43.85
MPLADS-2085,Delhi,LOK_SABHA,Bridges,1874675.73,1757818.89,222,51,18.03,CTR-195,15,38,1.1284,0.2812,PLAIN,2023,2248239.71,108.54
MPLADS-2086,Lakshadweep,RAJYA_SABHA,Healthcare,18424059.6,18024218.84,341,289,100.0,CTR-042,12,43,1.1402,0.4062,COASTAL,2025,24725264.87,88.96
MPLADS-2087,Sikkim,LOK_SABHA,Drinking Water,46014814.5,40548537.61,195,107,38.33,CTR-160,12,13,1.0853,0.9453,PLAIN,2024,49779757.91,113.86
MPLADS-2088,Haryana,LOK_SABHA,Electrification,20259767.85,17449659.3,161,183,100.0,CTR-185,7,0,1.2918,0.7904,COASTAL,2025,28453125.74,53.93
MPLADS-2089,Mizoram,LOK_SABHA,Education,25742187.61,20840851.11,138,117,86.03,CTR-039,4,23,1.1257,0.6006,PLAIN,2024,27227956.52,56.18
MPLADS-2090,Ladakh,RAJYA_SABHA,Other Public Assets,3059352.1,2458983.22,350,354,88.29,CTR-181,15,12,1.0828,0.7639,HILLY,2025,3565432.17,94.76
MPLADS-2091,Odisha,LOK_SABHA,Other Public Assets,46886077.29,37782313.87,280,232,93.32,CTR-155,6,37,1.0154,0.7943,COASTAL,2023,47148082.81,76.79
MPLADS-2092,Dadra and Nagar Haveli and Daman and Diu,LOK_SABHA,Bridges,29821033.48,25975919.28,457,481,83.17,CTR-136,4,48,0.9635,0.2372,COASTAL,2024,27561456.84,44.6
MPLADS-2093,Sikkim,RAJYA_SABHA,Bridges,27066502.69,23362858.22,171,146,94.59,CTR-087,1,25,1.0573,0.3487,HILLY,2023,29320831.33,34.15
MPLADS-2094,Nagaland,RAJYA_SABHA,Bridges,34159002.92,32447135.28,331,307,96.9,CTR-178,2,46,0.9888,0.8618,HILLY,2025,40268496.26,85.93
MPLADS-2095,Jharkhand,LOK_SABHA,Education,46539265.87,42374109.73,175,165,87.36,CTR-001,1,18,1.2828,0.2778,DESERT,2024,66661980.0,41.16
MPLADS-2096,Delhi,LOK_SABHA,Sports Infrastructure,27461926.31,23303911.84,167,126,68.73,CTR-031,7,11,1.2203,0.8776,PLAIN,2025,34737357.15,51.65
MPLADS-2097,Himachal Pradesh,LOK_SABHA,Bridges,49360716.94,43275341.23,323,385,90.64,CTR-021,8,53,1.2005,0.2622,HILLY,2024,67901064.64,81.72
MPLADS-2098,Uttar Pradesh,LOK_SABHA,Education,44682691.96,39189397.81,284,113,57.86,CTR-177,11,54,1.2916,0.4715,PLAIN,2025,61594513.43,49.35
MPLADS-2099,Mizoram,LOK_SABHA,Sports Infrastructure,3093364.24,2990851.41,388,320,98.11,CTR-010,1,49,1.2168,0.974,HILLY,2025,4669671.31,67.1
MPLADS-2100,Assam,RAJYA_SABHA,Other Public Assets,5921290.91,6115149.37,478,346,59.02,CTR-092,12,88,1.3198,0.6539,HILLY,2023,11265063.23,163.97
MPLADS-2101,Ladakh,RAJYA_SABHA,Drinking Water,14574309.93,14940183.1,121,31,52.18,CTR-064,15,14,1.2137,0.2845,DESERT,2024,23569143.66,53.67
MPLADS-2102,Maharashtra,LOK_SABHA,Drinking Water,33074367.99,32318370.08,445,119,18.4,CTR-181,15,85,1.1801,0.7056,COASTAL,2024,50156955.94,143.41
MPLADS-2103,Arunachal Pradesh,LOK_SABHA,Community Halls,29804415.44,29804266.42,226,41,5.92,CTR-108,10,36,1.0568,0.5219,HILLY,2024,40722004.34,110.14
MPLADS-2104,Puducherry,RAJYA_SABHA,Community Halls,41152457.79,38378484.05,120,154,78.68,CTR-044,5,36,0.9571,0.5047,PLAIN,2024,39042235.64,76.12
MPLADS-2105,Andaman and Nicobar Islands,RAJYA_SABHA,Community Halls,42648604.87,39359744.41,260,287,100.0,CTR-071,12,50,1.0437,0.7208,COASTAL,2024,50931690.7,130.91
MPLADS-2106,Bihar,LOK_SABHA,Roads,10248014.57,9179871.13,472,25,14.24,CTR-106,12,73,1.1085,0.8878,PLAIN,2025,11836727.64,87.78
MPLADS-2107,Mizoram,LOK_SABHA,Electrification,36300726.37,31239009.79,305,41,0.0,CTR-031,7,46,1.2664,0.6915,HILLY,2024,52924790.14,120.59
MPLADS-2108,Gujarat,RAJYA_SABHA,Sports Infrastructure,39878110.06,32848019.46,148,161,100.0,CTR-162,10,33,1.0593,0.0713,COASTAL,2024,40163088.17,67.24
MPLADS-2109,Arunachal Pradesh,RAJYA_SABHA,Other Public Assets,3677530.31,3334610.17,305,140,60.71,CTR-075,10,53,1.1325,1.0,HILLY,2024,4985729.07,112.43
MPLADS-2110,Meghalaya,RAJYA_SABHA,Sports Infrastructure,3306190.06,2930137.51,465,166,37.74,CTR-148,3,91,1.3475,1.0,HILLY,2023,5222628.57,107.31
MPLADS-2111,Maharashtra,RAJYA_SABHA,Drinking Water,18520715.02,17407716.89,443,149,26.74,CTR-144,6,84,1.0789,0.9204,COASTAL,2023,24117461.71,113.12
MPLADS-2112,Andaman and Nicobar Islands,RAJYA_SABHA,Drinking Water,9243004.88,9037039.42,359,329,90.44,CTR-027,6,51,0.9992,0.6738,HILLY,2025,11337074.5,93.98
MPLADS-2113,Andaman and Nicobar Islands,LOK_SABHA,Healthcare,21497674.42,19320062.49,425,614,96.27,CTR-061,14,47,1.1937,0.3181,COASTAL,2023,28908832.05,93.98
MPLADS-2114,Andhra Pradesh,LOK_SABHA,Sanitation,1740396.57,1520412.79,220,324,98.15,CTR-182,2,47,1.3079,0.6744,PLAIN,2023,2278326.32,58.73
MPLADS-2115,Ladakh,LOK_SABHA,Drinking Water,31025243.27,26557436.4,100,117,87.09,CTR-196,1,0,1.0514,0.7296,HILLY,2025,33994533.28,60.72
MPLADS-2116,Chandigarh,RAJYA_SABHA,Community Halls,15508259.38,15209949.33,409,409,93.66,CTR-054,7,48,1.3316,0.4577,PLAIN,2024,24178304.95,59.9
MPLADS-2117,Tamil Nadu,LOK_SABHA,Other Public Assets,26467645.39,21373076.49,423,620,100.0,CTR-028,13,47,1.1138,0.5628,COASTAL,2025,28941489.83,115.85
MPLADS-2118,Assam,RAJYA_SABHA,Roads,10759388.47,10418827.54,106,121,100.0,CTR-148,3,0,1.3437,0.5445,COASTAL,2024,16799273.33,31.41
MPLADS-2119,Jharkhand,RAJYA_SABHA,Bridges,34877568.47,33494063.37,464,617,100.0,CTR-027,6,65,1.1155,1.0,HILLY,2023,49028081.84,112.37
MPLADS-2120,Uttar Pradesh,RAJYA_SABHA,Healthcare,35185134.41,32682405.12,459,300,57.01,CTR-146,13,54,1.3043,0.0211,PLAIN,2024,51228921.18,79.94
MPLADS-2121,Maharashtra,LOK_SABHA,Other Public Assets,34945611.52,30873596.34,473,245,59.87,CTR-200,15,81,1.1345,1.0,HILLY,2024,46762916.4,190.52
MPLADS-2122,Assam,LOK_SABHA,Sanitation,24012658.95,19595794.52,117,52,11.54,CTR-078,3,0,1.0272,0.3007,DESERT,2023,23229918.9,40.22
MPLADS-2123,Tripura,RAJYA_SABHA,Roads,28927761.73,25515586.85,291,11,0.0,CTR-108,10,23,1.0557,0.5491,HILLY,2024,34974781.77,99.06
MPLADS-2124,Himachal Pradesh,LOK_SABHA,Community Halls,44373962.72,40414143.06,405,460,98.47,CTR-017,8,58,1.2643,0.2196,HILLY,2025,66592863.85,113.98
MPLADS-2125,West Bengal,LOK_SABHA,Bridges,17448738.96,15575321.48,305,47,10.54,CTR-050,12,66,1.0109,0.2325,PLAIN,2024,16519792.71,76.67
MPLADS-2126,Jharkhand,LOK_SABHA,Education,46401864.48,39380853.13,411,450,93.47,CTR-148,3,60,1.2703,0.5915,PLAIN,2024,57240225.72,59.59
MPLADS-2127,Chhattisgarh,RAJYA_SABHA,Drinking Water,44143171.85,43397025.03,482,49,1.17,CTR-100,2,62,0.9668,0.7324,HILLY,2024,56103802.89,125.28
MPLADS-2128,Jharkhand,LOK_SABHA,Community Halls,12114281.61,12463145.04,454,381,94.22,CTR-172,1,59,1.0537,0.3041,PLAIN,2025,13694563.35,43.69
MPLADS-2129,Tamil Nadu,RAJYA_SABHA,Other Public Assets,16533558.69,14747349.6,534,165,30.0,CTR-027,6,48,1.1051,0.8438,COASTAL,2025,20145712.01,106.96
MPLADS-2130,Dadra and Nagar Haveli and Daman and Diu,LOK_SABHA,Education,22922929.92,18561807.27,319,355,100.0,CTR-037,13,47,1.0561,0.7637,DESERT,2025,24717928.75,111.12
MPLADS-2131,Rajasthan,RAJYA_SABHA,Electrification,33078677.81,34351423.61,435,441,85.58,CTR-178,2,31,1.0256,0.52,DESERT,2024,40739157.48,61.8
MPLADS-2132,Madhya Pradesh,RAJYA_SABHA,Roads,33705256.84,27396857.59,263,68,45.21,CTR-094,6,53,1.188,0.9294,PLAIN,2024,39133663.19,51.11
MPLADS-2133,Bihar,LOK_SABHA,Bridges,13114662.09,13421287.47,386,477,88.59,CTR-147,0,73,1.1893,0.2666,PLAIN,2025,17531623.7,87.66
MPLADS-2134,Bihar,RAJYA_SABHA,Healthcare,39208460.69,36862456.05,465,131,24.07,CTR-013,11,69,1.0348,0.8075,HILLY,2023,50970317.86,152.34
MPLADS-2135,Goa,LOK_SABHA,Community Halls,2540460.87,2531798.26,507,258,32.63,CTR-157,2,87,1.1704,0.9012,COASTAL,2023,3538784.39,89.12
MPLADS-2136,Dadra and Nagar Haveli and Daman and Diu,LOK_SABHA,Other Public Assets,1185944.68,1074932.83,368,20,27.57,CTR-096,4,48,1.3318,0.9635,PLAIN,2024,1655085.0,83.81
MPLADS-2137,Himachal Pradesh,LOK_SABHA,Other Public Assets,18294961.7,17161283.89,490,508,100.0,CTR-116,9,52,1.1406,0.7457,HILLY,2025,25368742.77,120.54
MPLADS-2138,Delhi,RAJYA_SABHA,Bridges,6510213.16,5465158.27,371,429,94.13,CTR-097,3,36,0.9635,0.6626,HILLY,2024,6745683.0,96.57
MPLADS-2139,Dadra and Nagar Haveli and Daman and Diu,LOK_SABHA,Drinking Water,19937278.95,18224520.14,515,72,2.75,CTR-036,1,47,1.1084,0.0343,PLAIN,2025,21243507.2,44.71
MPLADS-2140,Uttarakhand,LOK_SABHA,Bridges,27444543.81,26480539.85,355,306,86.6,CTR-008,11,66,1.2665,0.5408,HILLY,2023,45892978.13,126.98
MPLADS-2141,Gujarat,RAJYA_SABHA,Electrification,28103511.01,23619505.9,486,322,50.79,CTR-087,1,51,1.2892,0.476,PLAIN,2023,35691402.05,57.35
MPLADS-2142,Gujarat,LOK_SABHA,Community Halls,4587303.78,3894546.16,129,11,0.0,CTR-084,13,10,1.333,0.7586,PLAIN,2024,6312026.58,96.33
MPLADS-2143,Uttar Pradesh,LOK_SABHA,Other Public Assets,35190972.78,36858718.22,527,7,0.33,CTR-174,11,62,1.22,0.6412,COASTAL,2023,56888910.74,111.65
MPLADS-2144,Gujarat,LOK_SABHA,Sports Infrastructure,31055398.07,31150576.09,213,133,57.47,CTR-008,11,24,1.3141,0.3003,PLAIN,2024,49033913.56,60.93
MPLADS-2145,Chhattisgarh,RAJYA_SABHA,Education,11926552.07,11004907.91,421,330,60.89,CTR-009,3,56,0.986,0.3579,PLAIN,2025,11131779.53,86.03
MPLADS-2146,Himachal Pradesh,LOK_SABHA,Roads,43940959.14,42977104.35,232,30,0.0,CTR-196,1,12,1.0179,0.8803,HILLY,2025,55572964.74,77.71
MPLADS-2147,Punjab,LOK_SABHA,Electrification,36502365.08,32281631.25,252,73,18.88,CTR-135,12,39,1.2986,0.3229,HILLY,2025,55743386.12,118.75
MPLADS-2148,Jammu and Kashmir,RAJYA_SABHA,Community Halls,747658.42,733001.07,119,58,18.62,CTR-148,3,17,1.0445,1.0,HILLY,2024,1012662.17,106.06
MPLADS-2149,Delhi,LOK_SABHA,Electrification,36309546.48,34310403.73,185,4,0.0,CTR-199,5,26,1.0645,0.2278,DESERT,2025,43938756.44,59.89
MPLADS-2150,Telangana,LOK_SABHA,Bridges,13488852.71,11806230.72,245,353,100.0,CTR-191,10,23,1.084,0.5257,DESERT,2024,16360515.76,84.6
MPLADS-2151,West Bengal,RAJYA_SABHA,Healthcare,17401764.97,18217148.44,234,120,56.13,CTR-101,13,18,0.9859,0.1485,PLAIN,2023,19377328.21,73.56
MPLADS-2152,Andaman and Nicobar Islands,LOK_SABHA,Drinking Water,2976492.68,2768501.39,415,565,55.79,CTR-073,7,51,1.1772,0.3791,COASTAL,2024,3969116.58,80.09
MPLADS-2153,Karnataka,LOK_SABHA,Community Halls,15129330.2,12593906.56,195,244,98.11,CTR-064,15,77,1.0796,0.4798,PLAIN,2025,16074129.81,71.93
MPLADS-2154,West Bengal,LOK_SABHA,Healthcare,25605091.88,22907259.93,178,183,97.66,CTR-166,13,0,1.1894,0.2021,PLAIN,2024,31821657.76,76.23
MPLADS-2155,Manipur,LOK_SABHA,Healthcare,49850201.6,49171243.19,464,544,100.0,CTR-132,8,50,1.1043,0.4205,HILLY,2025,71319040.98,101.01
MPLADS-2156,Andaman and Nicobar Islands,LOK_SABHA,Sanitation,1050028.91,1032249.0,274,246,91.24,CTR-176,7,48,1.0814,0.9903,PLAIN,2024,1308496.66,75.45
MPLADS-2157,Nagaland,LOK_SABHA,Community Halls,28159076.83,23662028.51,413,314,92.7,CTR-171,1,46,1.1672,0.6838,HILLY,2024,35643106.72,87.02
MPLADS-2158,Uttar Pradesh,LOK_SABHA,Bridges,48550030.05,45039201.17,372,89,25.9,CTR-102,3,61,1.3094,0.2056,PLAIN,2023,68128744.53,45.38
MPLADS-2159,Manipur,LOK_SABHA,Roads,47588612.56,49084079.57,485,338,60.81,CTR-194,5,48,1.2537,0.245,PLAIN,2025,70644253.62,66.14
MPLADS-2160,Maharashtra,RAJYA_SABHA,Education,44401251.64,38547972.06,295,52,35.05,CTR-001,1,78,1.0677,0.3554,HILLY,2025,52706347.53,87.35
MPLADS-2161,Rajasthan,RAJYA_SABHA,Roads,9080577.46,7594477.47,222,313,92.12,CTR-091,6,33,1.2329,0.662,PLAIN,2025,11299883.22,58.78
MPLADS-2162,Maharashtra,RAJYA_SABHA,Bridges,30580526.88,24630872.24,144,123,100.0,CTR-050,12,74,1.1043,0.7788,PLAIN,2024,31928315.75,113.54
MPLADS-2163,Telangana,LOK_SABHA,Healthcare,25614798.43,24794521.05,276,398,100.0,CTR-188,6,53,1.3189,0.3486,HILLY,2025,42060112.61,62.97
MPLADS-2164,Mizoram,LOK_SABHA,Sanitation,27017658.36,27432484.22,160,174,100.0,CTR-178,2,0,1.295,0.5763,HILLY,2024,46332929.96,48.03
MPLADS-2165,Mizoram,LOK_SABHA,Sanitation,48578844.91,44747547.36,90,90,92.37,CTR-120,1,14,1.0482,0.335,HILLY,2025,58266337.61,50.42
MPLADS-2166,Maharashtra,LOK_SABHA,Bridges,47847961.15,38583961.6,538,183,46.02,CTR-071,12,86,1.235,0.1191,PLAIN,2024,56207667.78,123.48
MPLADS-2167,Jammu and Kashmir,LOK_SABHA,Sports Infrastructure,6467915.6,5290802.23,243,297,100.0,CTR-184,11,40,1.0248,1.0,HILLY,2023,7133297.38,116.32
MPLADS-2168,Meghalaya,LOK_SABHA,Roads,21924034.66,20657238.81,191,73,24.04,CTR-120,1,22,1.3286,0.7715,HILLY,2024,36756445.68,97.13
MPLADS-2169,Uttar Pradesh,LOK_SABHA,Drinking Water,32850900.45,32714876.01,473,383,87.13,CTR-162,10,58,1.0947,0.1322,PLAIN,2025,39384289.31,95.09
MPLADS-2170,Bihar,LOK_SABHA,Healthcare,40230269.95,37296787.35,534,302,64.75,CTR-085,10,71,1.1615,0.4409,PLAIN,2025,47520417.28,73.91
MPLADS-2171,Telangana,LOK_SABHA,Roads,8325726.03,8312068.15,380,84,32.05,CTR-012,15,49,1.0201,0.3375,HILLY,2024,11605836.16,89.85
MPLADS-2172,Jammu and Kashmir,LOK_SABHA,Sanitation,17653264.54,16462002.53,363,314,100.0,CTR-198,1,39,1.2792,1.0,HILLY,2025,27895126.65,84.3
MPLADS-2173,Bihar,LOK_SABHA,Sports Infrastructure,17886918.63,18280187.4,279,42,47.87,CTR-122,10,47,1.1167,0.4539,COASTAL,2024,25119603.04,80.95
MPLADS-2174,Goa,RAJYA_SABHA,Other Public Assets,7305536.99,6992819.36,429,272,61.18,CTR-075,10,85,0.9785,0.6999,COASTAL,2024,8151534.27,126.64
MPLADS-2175,Chandigarh,LOK_SABHA,Bridges,1871312.55,1732013.19,252,45,32.31,CTR-058,2,12,1.2434,0.9836,HILLY,2023,2761349.27,59.17
MPLADS-2176,Delhi,LOK_SABHA,Roads,42371765.6,36428431.56,287,118,27.88,CTR-061,14,29,1.0223,0.3376,PLAIN,2025,41813708.45,83.96
MPLADS-2177,Uttar Pradesh,LOK_SABHA,Electrification,36317242.41,34221045.0,326,396,100.0,CTR-037,13,46,1.0359,0.3548,DESERT,2025,42740206.45,99.42
MPLADS-2178,Punjab,LOK_SABHA,Bridges,40935707.19,35661799.35,540,570,96.39,CTR-094,6,41,1.1828,0.5515,PLAIN,2024,48285007.21,58.95
MPLADS-2179,Chhattisgarh,LOK_SABHA,Community Halls,33650598.98,32020439.58,173,240,85.63,CTR-138,0,47,1.1216,0.9476,PLAIN,2024,42168906.11,80.2
MPLADS-2180,Andaman and Nicobar Islands,LOK_SABHA,Drinking Water,42759888.91,43490447.35,300,169,41.84,CTR-165,6,44,1.135,0.9846,HILLY,2025,66000977.03,101.06
MPLADS-2181,Mizoram,LOK_SABHA,Education,43382825.2,40427463.34,320,463,100.0,CTR-118,2,53,1.1624,1.0,HILLY,2025,61726898.96,99.02
MPLADS-2182,Punjab,LOK_SABHA,Electrification,9496279.73,8684232.35,230,26,15.73,CTR-196,1,23,1.1038,0.9312,PLAIN,2024,10949376.71,42.01
MPLADS-2183,West Bengal,RAJYA_SABHA,Bridges,17572354.86,15816586.0,288,32,2.96,CTR-143,4,54,1.1545,0.9157,PLAIN,2023,21764204.64,56.31
MPLADS-2184,Jammu and Kashmir,LOK_SABHA,Community Halls,31499323.95,32486042.14,389,548,98.07,CTR-170,0,38,1.0241,0.8468,HILLY,2024,42695736.47,60.74
MPLADS-2185,Andhra Pradesh,RAJYA_SABHA,Drinking Water,21961859.8,20792757.8,517,394,64.0,CTR-122,10,62,1.062,0.3671,PLAIN,2023,24059788.58,74.18
MPLADS-2186,Himachal Pradesh,LOK_SABHA,Healthcare,5065993.19,5110555.33,526,572,100.0,CTR-002,12,58,1.2182,0.642,PLAIN,2023,7397805.53,71.64
MPLADS-2187,Mizoram,RAJYA_SABHA,Healthcare,13366975.76,10807740.15,378,55,0.25,CTR-113,8,48,1.3383,0.3714,HILLY,2025,19206442.46,91.87
MPLADS-2188,Chhattisgarh,LOK_SABHA,Community Halls,714583.82,671543.78,126,68,48.39,CTR-128,12,14,1.2558,0.2252,COASTAL,2024,1047153.07,72.48
MPLADS-2189,Chandigarh,RAJYA_SABHA,Electrification,15564199.32,14178885.46,193,199,94.0,CTR-107,12,51,0.9842,0.8996,PLAIN,2025,15594651.0,122.64
MPLADS-2190,Haryana,LOK_SABHA,Roads,18233312.55,14923674.43,98,51,39.1,CTR-105,12,30,1.3402,0.3137,PLAIN,2025,24097567.65,68.32
MPLADS-2191,Kerala,LOK_SABHA,Bridges,7658953.85,6598216.87,306,383,67.63,CTR-170,0,89,0.9697,0.1559,COASTAL,2024,7225102.12,57.17
MPLADS-2192,Rajasthan,LOK_SABHA,Electrification,49134931.45,49526876.68,411,380,79.88,CTR-188,6,35,1.1937,0.4038,PLAIN,2024,68451664.99,68.54
MPLADS-2193,Puducherry,RAJYA_SABHA,Healthcare,21791585.29,21734730.53,284,40,32.53,CTR-155,6,22,1.2194,0.3756,HILLY,2024,35095217.25,61.7
MPLADS-2194,Andhra Pradesh,RAJYA_SABHA,Sanitation,46272373.61,45462195.96,486,704,100.0,CTR-163,6,69,1.0176,0.8401,DESERT,2024,57456024.83,117.39
MPLADS-2195,Himachal Pradesh,LOK_SABHA,Education,46043889.86,40805358.68,247,106,45.94,CTR-013,11,29,1.1366,1.0,DESERT,2024,60554191.17,84.44
MPLADS-2196,Tamil Nadu,LOK_SABHA,Other Public Assets,44167560.16,35495687.02,207,145,61.97,CTR-087,1,11,0.9602,0.6317,COASTAL,2024,38306119.18,41.19
MPLADS-2197,Andaman and Nicobar Islands,RAJYA_SABHA,Sanitation,21618176.35,18171459.15,309,325,92.71,CTR-050,12,54,1.2001,0.3602,COASTAL,2024,26968019.33,110.86
MPLADS-2198,Rajasthan,LOK_SABHA,Healthcare,18013569.19,17756510.76,303,252,64.85,CTR-114,7,27,1.0294,0.673,DESERT,2023,22238759.04,87.92
MPLADS-2199,West Bengal,LOK_SABHA,Community Halls,37387442.23,36459969.05,433,648,100.0,CTR-134,8,67,1.1529,0.4695,PLAIN,2024,49251384.39,61.73
MPLADS-2200,West Bengal,LOK_SABHA,Sanitation,7001032.38,5769448.53,318,145,46.66,CTR-037,13,51,1.094,0.9786,PLAIN,2023,7554436.72,100.17
MPLADS-2201,Goa,RAJYA_SABHA,Electrification,47347116.76,46191397.32,123,78,64.91,CTR-131,9,0,1.1636,0.7796,COASTAL,2024,66652743.44,60.17
MPLADS-2202,Andaman and Nicobar Islands,LOK_SABHA,Sanitation,4364917.82,4473401.53,385,296,89.86,CTR-010,1,49,1.192,0.8407,COASTAL,2024,6377957.14,65.0
MPLADS-2203,Haryana,LOK_SABHA,Community Halls,38814520.18,33059409.13,263,146,39.16,CTR-191,10,29,0.9979,0.0316,PLAIN,2025,34357067.16,54.85
MPLADS-2204,Kerala,RAJYA_SABHA,Drinking Water,31381194.22,26770649.62,190,82,37.66,CTR-160,12,23,1.1279,0.5673,PLAIN,2024,34278192.75,86.43
MPLADS-2205,Mizoram,LOK_SABHA,Drinking Water,13618413.79,14082857.89,397,558,85.46,CTR-093,13,45,1.2927,0.2905,HILLY,2023,24145305.75,105.46
MPLADS-2206,Chhattisgarh,LOK_SABHA,Sanitation,49059924.26,48284743.42,296,91,4.46,CTR-054,7,32,1.2551,0.7292,PLAIN,2024,73072533.08,88.52
MPLADS-2207,Chandigarh,LOK_SABHA,Other Public Assets,5718752.2,5265393.26,472,353,27.41,CTR-177,11,47,1.224,0.5099,PLAIN,2023,7702829.58,104.62
MPLADS-2208,Assam,RAJYA_SABHA,Education,32651911.94,33608937.19,431,142,52.8,CTR-049,10,95,1.1562,0.804,HILLY,2024,52613946.29,129.35
MPLADS-2209,Rajasthan,LOK_SABHA,Electrification,23890748.62,23258890.16,156,35,0.0,CTR-083,2,38,1.2033,0.6294,DESERT,2024,35002194.22,66.98
MPLADS-2210,Bihar,LOK_SABHA,Electrification,6695584.48,5670548.45,114,95,100.0,CTR-032,3,38,1.0793,0.4027,HILLY,2025,7545586.48,74.94
MPLADS-2211,Uttar Pradesh,RAJYA_SABHA,Healthcare,47668376.44,48441738.81,120,13,0.0,CTR-066,5,0,0.9945,0.2722,HILLY,2024,62257228.06,59.68
MPLADS-2212,Jharkhand,RAJYA_SABHA,Sanitation,31489023.44,28579413.75,370,152,71.56,CTR-032,3,64,1.1217,0.6278,COASTAL,2024,40162695.7,70.58
MPLADS-2213,West Bengal,RAJYA_SABHA,Electrification,5518241.34,4591393.31,167,56,27.91,CTR-184,11,50,1.1586,0.2724,PLAIN,2025,5739456.15,58.81
MPLADS-2214,Jammu and Kashmir,LOK_SABHA,Bridges,47585110.07,39897327.05,177,265,90.65,CTR-111,4,9,0.9829,0.2249,HILLY,2023,48085278.76,50.0
MPLADS-2215,West Bengal,RAJYA_SABHA,Sports Infrastructure,12875272.18,11729615.67,487,589,89.99,CTR-004,7,72,1.2805,0.1164,PLAIN,2025,17362257.38,81.96
MPLADS-2216,Jharkhand,LOK_SABHA,Roads,15865533.95,13334803.74,330,109,37.42,CTR-100,2,65,1.3196,0.3642,HILLY,2025,23051460.13,70.61
MPLADS-2217,Maharashtra,RAJYA_SABHA,Sanitation,23081687.92,24156117.67,156,128,74.91,CTR-104,0,82,0.9906,0.9638,DESERT,2023,29203564.6,119.5
MPLADS-2218,Delhi,LOK_SABHA,Roads,22629418.62,23402401.11,467,146,36.43,CTR-122,10,39,1.2756,0.3734,COASTAL,2023,38046389.03,84.4
MPLADS-2219,Uttarakhand,LOK_SABHA,Community Halls,2653543.6,2456812.41,271,56,31.72,CTR-054,7,65,1.2828,0.4617,HILLY,2025,4203730.09,113.57
MPLADS-2220,Manipur,RAJYA_SABHA,Sanitation,38502471.1,38252029.02,188,166,88.81,CTR-130,10,0,1.2824,0.927,HILLY,2025,66068291.19,58.46
MPLADS-2221,Tamil Nadu,LOK_SABHA,Sanitation,13438402.63,11292117.51,432,292,49.37,CTR-013,11,48,1.2667,0.2959,PLAIN,2024,16838120.21,101.01
MPLADS-2222,Mizoram,LOK_SABHA,Education,39091720.78,34737676.54,275,197,65.32,CTR-035,14,48,1.2603,0.394,HILLY,2024,58183074.85,121.65
MPLADS-2223,Uttarakhand,RAJYA_SABHA,Sports Infrastructure,21098640.01,19777066.84,493,93,13.58,CTR-134,8,64,1.0345,0.7243,HILLY,2023,26034285.77,113.65
MPLADS-2224,Uttar Pradesh,LOK_SABHA,Roads,21227953.6,19501615.64,168,79,23.92,CTR-147,0,33,1.0433,0.6343,HILLY,2024,25581160.36,77.43
MPLADS-2225,Odisha,LOK_SABHA,Other Public Assets,43095072.7,36330924.92,380,229,64.84,CTR-151,13,76,1.1467,0.8564,HILLY,2023,58190291.88,137.97
MPLADS-2226,Arunachal Pradesh,LOK_SABHA,Roads,32002261.56,26470120.13,462,280,54.93,CTR-115,8,49,0.9541,0.5006,HILLY,2025,30535857.19,121.51
MPLADS-2227,Arunachal Pradesh,LOK_SABHA,Sanitation,35318438.56,29248348.8,410,588,97.9,CTR-135,12,47,1.0011,0.7899,HILLY,2025,38087774.49,136.8
MPLADS-2228,Rajasthan,LOK_SABHA,Education,20656094.63,21357666.16,206,36,13.31,CTR-044,5,0,0.959,0.6509,PLAIN,2024,21240967.16,40.84
MPLADS-2229,Kerala,LOK_SABHA,Bridges,5520899.83,5738047.82,166,238,100.0,CTR-043,11,65,1.2253,0.6702,HILLY,2025,9583989.54,117.9
MPLADS-2230,Odisha,LOK_SABHA,Electrification,19564646.55,17819757.9,143,161,96.07,CTR-004,7,71,1.2374,0.3661,COASTAL,2024,26981932.39,83.45
MPLADS-2231,Ladakh,LOK_SABHA,Sports Infrastructure,40526718.58,35038094.36,436,398,100.0,CTR-074,2,14,1.1574,0.4851,DESERT,2023,50411896.47,43.95
MPLADS-2232,Delhi,RAJYA_SABHA,Bridges,14166281.17,14339395.54,182,239,100.0,CTR-196,1,36,1.1226,0.5343,PLAIN,2024,17261879.26,36.43
MPLADS-2233,West Bengal,RAJYA_SABHA,Roads,21310321.01,21958783.09,489,527,90.95,CTR-021,8,74,1.1925,0.9151,PLAIN,2023,32161466.88,70.01
MPLADS-2234,Mizoram,LOK_SABHA,Sanitation,27051142.83,24323885.62,419,623,100.0,CTR-133,1,50,1.0903,0.3815,HILLY,2023,32473326.3,84.48
MPLADS-2235,Uttarakhand,LOK_SABHA,Community Halls,27566340.48,25580049.34,489,133,25.5,CTR-175,11,67,1.093,0.6745,HILLY,2023,37782994.18,135.01
MPLADS-2236,Haryana,RAJYA_SABHA,Bridges,4079556.45,3602828.92,256,202,78.1,CTR-039,4,28,1.2015,0.4191,HILLY,2024,5444563.1,46.82
MPLADS-2237,Mizoram,LOK_SABHA,Bridges,1603924.26,1460213.01,212,16,16.47,CTR-074,2,36,1.0469,0.4162,PLAIN,2025,1711873.43,34.51
MPLADS-2238,Lakshadweep,LOK_SABHA,Education,15532917.67,13085792.41,220,127,61.78,CTR-026,10,0,1.0942,0.9742,COASTAL,2024,17657734.67,90.18
MPLADS-2239,Maharashtra,LOK_SABHA,Drinking Water,25219664.82,23775968.56,168,229,99.44,CTR-133,1,0,1.0181,0.6167,COASTAL,2024,27832722.75,31.86
MPLADS-2240,Manipur,RAJYA_SABHA,Education,40350924.43,38063089.43,482,685,94.64,CTR-003,10,50,1.1538,1.0,HILLY,2025,58007789.46,116.52
MPLADS-2241,Manipur,LOK_SABHA,Other Public Assets,28256766.1,26746277.84,513,535,100.0,CTR-142,3,45,1.2593,0.3183,HILLY,2023,43675013.25,56.42
MPLADS-2242,Nagaland,LOK_SABHA,Electrification,13068000.37,12475997.68,126,141,98.4,CTR-077,5,0,1.2665,0.489,HILLY,2025,20338256.31,67.8
MPLADS-2243,Telangana,RAJYA_SABHA,Sanitation,36252152.18,35852976.9,258,161,50.92,CTR-185,7,20,1.1383,0.7585,HILLY,2024,54608719.76,91.4
MPLADS-2244,Uttarakhand,LOK_SABHA,Electrification,35420960.55,32138502.57,303,57,26.31,CTR-174,11,61,1.1088,0.217,HILLY,2023,47465752.81,112.45
MPLADS-2245,Kerala,LOK_SABHA,Roads,9430331.86,8343932.57,93,64,58.41,CTR-035,14,24,0.9663,0.7453,COASTAL,2024,9727990.21,107.25
MPLADS-2246,Chhattisgarh,LOK_SABHA,Healthcare,33121282.08,31303347.23,442,407,92.81,CTR-181,15,60,1.1819,0.6383,PLAIN,2023,43130937.81,126.54
MPLADS-2247,Madhya Pradesh,RAJYA_SABHA,Education,11850807.05,10906906.41,190,258,92.17,CTR-080,10,60,1.2187,0.736,PLAIN,2024,15086328.61,79.85
MPLADS-2248,Himachal Pradesh,RAJYA_SABHA,Bridges,35153768.46,28385981.71,232,153,71.51,CTR-164,6,60,1.0173,0.0169,PLAIN,2024,31861345.4,45.66
MPLADS-2249,Madhya Pradesh,LOK_SABHA,Healthcare,25062128.44,22156783.14,229,242,100.0,CTR-079,9,55,1.1578,0.6912,PLAIN,2025,30548687.54,81.17
MPLADS-2250,Tamil Nadu,LOK_SABHA,Healthcare,41988540.77,34192924.73,405,80,26.94,CTR-051,12,47,1.2256,0.1899,COASTAL,2023,51601044.41,77.54
MPLADS-2251,Lakshadweep,RAJYA_SABHA,Electrification,10208247.73,10093594.42,455,432,74.83,CTR-069,1,45,1.211,0.2151,COASTAL,2025,13742417.01,43.24
MPLADS-2252,Uttar Pradesh,RAJYA_SABHA,Roads,42307693.53,41028136.05,454,67,0.0,CTR-045,1,57,1.3207,0.5497,COASTAL,2023,66812939.1,83.93
MPLADS-2253,Tamil Nadu,LOK_SABHA,Sanitation,3031474.58,3059307.09,370,418,100.0,CTR-180,8,46,1.0223,0.5506,PLAIN,2025,3545707.82,69.85
MPLADS-2254,Sikkim,LOK_SABHA,Roads,4560241.89,4617163.36,96,30,44.59,CTR-007,1,0,1.2851,0.7149,HILLY,2025,7942155.71,33.61
MPLADS-2255,Madhya Pradesh,LOK_SABHA,Bridges,43664336.04,42117872.92,348,38,0.0,CTR-104,0,56,1.1025,0.9162,PLAIN,2025,52041884.2,56.16
MPLADS-2256,Andaman and Nicobar Islands,LOK_SABHA,Drinking Water,4032619.45,3616243.81,108,66,83.46,CTR-183,7,42,1.1575,0.3022,PLAIN,2025,4598993.85,55.05
MPLADS-2257,Lakshadweep,RAJYA_SABHA,Sports Infrastructure,17156442.39,17935048.09,525,372,56.3,CTR-176,7,53,1.2252,0.4023,COASTAL,2024,27742926.7,79.0
MPLADS-2258,Tripura,LOK_SABHA,Education,29109260.96,27655861.32,538,743,100.0,CTR-074,2,54,1.2659,0.0805,PLAIN,2024,38366201.93,49.79
MPLADS-2259,Jharkhand,RAJYA_SABHA,Drinking Water,30037858.77,24652292.83,408,410,100.0,CTR-149,13,64,1.2464,0.2627,PLAIN,2023,35728048.25,113.66
MPLADS-2260,Telangana,LOK_SABHA,Healthcare,30059258.64,30409442.23,247,95,61.58,CTR-009,3,11,1.35,0.6601,PLAIN,2025,48331678.79,29.63
MPLADS-2261,Tamil Nadu,LOK_SABHA,Bridges,40391592.07,34859486.17,383,479,100.0,CTR-161,15,51,1.1209,0.6165,COASTAL,2025,47763827.78,115.85
MPLADS-2262,West Bengal,LOK_SABHA,Bridges,3013359.03,2887804.18,341,242,75.39,CTR-126,9,75,1.2575,0.0649,PLAIN,2025,4216027.9,66.91
MPLADS-2263,Telangana,RAJYA_SABHA,Sanitation,5747901.03,4916119.75,122,137,100.0,CTR-077,5,24,1.2121,0.4222,DESERT,2024,7454818.68,62.1
MPLADS-2264,Mizoram,RAJYA_SABHA,Healthcare,9599715.54,7886491.36,450,584,100.0,CTR-184,11,52,1.094,1.0,HILLY,2025,11645825.46,117.24
MPLADS-2265,Meghalaya,RAJYA_SABHA,Drinking Water,40324396.43,32828172.08,485,36,16.32,CTR-051,12,95,1.2822,0.7817,HILLY,2024,56839730.04,121.22
MPLADS-2266,Assam,RAJYA_SABHA,Education,48679938.5,42028584.43,440,526,100.0,CTR-144,6,91,1.265,0.8101,PLAIN,2023,64028985.84,99.83
MPLADS-2267,Nagaland,RAJYA_SABHA,Electrification,47250308.53,44951710.82,414,514,91.24,CTR-148,3,48,0.9511,0.4403,HILLY,2025,54842935.59,78.61
MPLADS-2268,Madhya Pradesh,LOK_SABHA,Education,3262977.26,2990943.34,488,703,100.0,CTR-154,4,49,1.2203,0.2706,HILLY,2024,4772972.87,98.4
MPLADS-2269,Goa,LOK_SABHA,Electrification,22154016.28,21182399.56,289,114,48.74,CTR-169,5,43,1.27,0.9392,PLAIN,2024,32444806.37,71.44
MPLADS-2270,Maharashtra,LOK_SABHA,Electrification,18822888.92,19487632.92,251,230,100.0,CTR-166,13,18,1.3193,0.1665,COASTAL,2024,31079912.94,62.71
MPLADS-2271,Dadra and Nagar Haveli and Daman and Diu,RAJYA_SABHA,Sanitation,37616530.07,37573268.4,538,239,67.9,CTR-045,1,51,1.3456,0.443,PLAIN,2025,59355844.9,51.15
MPLADS-2272,Assam,LOK_SABHA,Community Halls,5141019.35,5188209.02,457,221,45.83,CTR-030,7,97,1.2834,0.8859,COASTAL,2023,8414661.16,154.74
MPLADS-2273,Madhya Pradesh,LOK_SABHA,Roads,46893751.24,44157704.03,252,22,0.0,CTR-125,13,58,1.2824,0.8302,PLAIN,2025,69962172.21,77.94
MPLADS-2274,West Bengal,LOK_SABHA,Bridges,5408904.89,4651358.72,479,173,23.7,CTR-177,11,61,1.2495,0.6993,COASTAL,2024,7432138.38,89.34
MPLADS-2275,Himachal Pradesh,RAJYA_SABHA,Electrification,38207896.35,39591992.69,409,3,4.55,CTR-014,12,59,1.1606,0.2498,HILLY,2025,61156374.65,102.79
MPLADS-2276,Himachal Pradesh,LOK_SABHA,Sanitation,34894628.8,30695690.19,385,230,74.86,CTR-172,1,60,1.0072,0.8989,PLAIN,2024,33774872.58,43.23
MPLADS-2277,Puducherry,LOK_SABHA,Drinking Water,41731090.37,40291557.69,204,249,94.72,CTR-050,12,13,1.1892,0.9057,PLAIN,2025,58149514.71,130.34
MPLADS-2278,Gujarat,LOK_SABHA,Electrification,10996777.68,9708585.16,170,102,58.4,CTR-139,5,33,1.3223,0.456,HILLY,2023,16572949.57,77.47
MPLADS-2279,Delhi,LOK_SABHA,Bridges,39762226.0,37102487.77,424,407,95.1,CTR-024,14,39,0.9973,0.6438,PLAIN,2024,41563799.68,104.34
MPLADS-2280,Uttarakhand,LOK_SABHA,Education,26036060.63,23706685.53,416,366,66.83,CTR-013,11,70,1.0404,0.7628,HILLY,2024,32692881.57,156.59
MPLADS-2281,Rajasthan,LOK_SABHA,Drinking Water,32547896.06,27209901.38,180,38,27.09,CTR-017,8,16,1.3082,1.0,DESERT,2025,45581061.56,107.79
MPLADS-2282,Tripura,LOK_SABHA,Sports Infrastructure,1137397.57,1169884.81,262,142,54.07,CTR-045,1,49,1.0605,0.5619,HILLY,2024,1551010.75,53.71
MPLADS-2283,Rajasthan,LOK_SABHA,Electrification,5196607.16,4767648.7,130,188,100.0,CTR-037,13,8,1.1692,1.0,DESERT,2024,7505810.62,100.84
MPLADS-2284,Tripura,LOK_SABHA,Sanitation,4074091.0,4182422.3,150,215,74.93,CTR-042,12,47,1.2582,0.5678,DESERT,2024,6683585.61,123.23
MPLADS-2285,Ladakh,RAJYA_SABHA,Healthcare,16410202.22,14503148.76,399,107,51.34,CTR-087,1,14,1.2714,0.2166,HILLY,2025,23870873.23,40.14
MPLADS-2286,Gujarat,LOK_SABHA,Sports Infrastructure,11833041.61,10163356.64,427,496,100.0,CTR-188,6,48,1.1521,0.6932,PLAIN,2024,13534014.76,58.73
MPLADS-2287,Chhattisgarh,LOK_SABHA,Drinking Water,47975746.28,48895679.68,244,349,100.0,CTR-084,13,44,1.1429,0.2137,PLAIN,2024,63719405.77,101.71
MPLADS-2288,Lakshadweep,LOK_SABHA,Bridges,22085764.89,22062295.36,227,276,100.0,CTR-022,5,25,1.0875,0.9542,COASTAL,2025,28857873.28,83.97
MPLADS-2289,Ladakh,RAJYA_SABHA,Electrification,9646065.47,8653673.9,254,125,49.6,CTR-114,7,3,1.1417,1.0,DESERT,2025,12472642.51,73.29
MPLADS-2290,Mizoram,LOK_SABHA,Community Halls,41349227.94,33324638.53,258,162,53.91,CTR-074,2,24,1.244,0.3713,HILLY,2024,52149388.63,48.08
MPLADS-2291,Jammu and Kashmir,LOK_SABHA,Other Public Assets,8689381.24,8064350.18,457,389,78.27,CTR-107,12,36,1.1687,0.4944,HILLY,2025,12399690.15,108.41
MPLADS-2292,Himachal Pradesh,LOK_SABHA,Healthcare,19789253.71,20560333.21,462,632,93.0,CTR-110,11,59,1.1048,0.7861,HILLY,2024,30523654.0,140.97
MPLADS-2293,Chhattisgarh,LOK_SABHA,Sports Infrastructure,2326274.84,2103780.49,475,295,73.43,CTR-137,9,62,1.2497,0.7781,PLAIN,2025,3115161.35,65.16
MPLADS-2294,Sikkim,RAJYA_SABHA,Other Public Assets,20213202.95,16301309.74,498,107,43.35,CTR-185,7,45,1.3076,0.4454,HILLY,2023,26911598.93,57.92
MPLADS-2295,Odisha,RAJYA_SABHA,Other Public Assets,35583765.17,32160893.46,278,306,100.0,CTR-126,9,43,1.2687,0.8959,PLAIN,2025,48165360.79,91.81
MPLADS-2296,Maharashtra,LOK_SABHA,Drinking Water,10258436.02,10245345.98,353,89,35.94,CTR-017,8,87,1.0191,0.3847,COASTAL,2025,12206930.22,83.7
MPLADS-2297,Kerala,LOK_SABHA,Sanitation,24124516.37,23557906.27,164,45,0.0,CTR-188,6,62,1.3106,0.2853,COASTAL,2024,38270961.15,100.3
MPLADS-2298,Bihar,LOK_SABHA,Roads,14559063.62,14721125.93,423,432,100.0,CTR-105,12,75,1.1431,0.9785,HILLY,2023,22882407.3,132.78
MPLADS-2299,Haryana,LOK_SABHA,Education,35054663.49,33421225.16,357,389,100.0,CTR-194,5,41,1.1778,0.7749,PLAIN,2024,47740156.71,57.62
MPLADS-2300,West Bengal,LOK_SABHA,Roads,27113727.44,22268468.52,430,591,100.0,CTR-104,0,68,1.1632,0.9465,COASTAL,2025,32488482.79,57.01
MPLADS-2301,Nagaland,LOK_SABHA,Roads,45527183.94,37956231.75,134,29,27.41,CTR-159,8,0,1.3209,1.0,HILLY,2024,67658994.1,81.07
MPLADS-2302,Himachal Pradesh,LOK_SABHA,Sports Infrastructure,7351813.88,6173231.34,421,441,100.0,CTR-150,0,56,1.2644,0.2714,HILLY,2024,9731507.63,56.39
MPLADS-2303,West Bengal,LOK_SABHA,Bridges,27543168.39,27603592.06,497,519,100.0,CTR-113,8,73,1.3108,0.5874,COASTAL,2024,44043887.93,75.76
MPLADS-2304,Andaman and Nicobar Islands,LOK_SABHA,Healthcare,30130898.37,27320530.31,279,391,100.0,CTR-154,4,25,1.2439,0.9909,COASTAL,2023,42069239.84,89.98
MPLADS-2305,Lakshadweep,RAJYA_SABHA,Community Halls,22333974.99,22358152.79,184,135,89.66,CTR-155,6,46,1.2211,0.2007,COASTAL,2025,32654442.98,36.79
MPLADS-2306,Ladakh,RAJYA_SABHA,Bridges,41409331.71,38654528.23,90,2,30.02,CTR-092,12,15,0.9734,0.8623,HILLY,2025,49718021.21,106.36
MPLADS-2307,Tripura,LOK_SABHA,Drinking Water,6219941.4,5050779.58,185,247,81.53,CTR-036,1,48,1.0005,0.3043,HILLY,2024,6120164.83,86.58
MPLADS-2308,Manipur,LOK_SABHA,Drinking Water,34202745.03,35529574.52,336,292,89.99,CTR-199,5,49,1.1115,0.7676,HILLY,2025,50679216.85,99.91
MPLADS-2309,Chhattisgarh,LOK_SABHA,Sanitation,2913264.93,2959442.11,470,476,100.0,CTR-077,5,61,1.168,0.3337,PLAIN,2024,3873050.89,50.59
MPLADS-2310,Telangana,RAJYA_SABHA,Other Public Assets,9720350.55,8291709.68,401,539,71.59,CTR-164,6,49,1.0302,0.4077,PLAIN,2024,9062808.16,84.32
MPLADS-2311,Punjab,LOK_SABHA,Education,46562298.88,41310032.95,381,433,100.0,CTR-071,12,43,1.0744,0.0441,PLAIN,2023,48538170.82,83.69
MPLADS-2312,Punjab,LOK_SABHA,Electrification,19338171.47,16247626.82,491,271,68.01,CTR-068,5,48,1.3242,0.8864,HILLY,2025,28923795.47,123.25
MPLADS-2313,Gujarat,LOK_SABHA,Sports Infrastructure,2353197.1,2262843.36,180,131,34.0,CTR-096,4,14,0.9509,0.4378,PLAIN,2024,2228399.21,52.94
MPLADS-2314,West Bengal,LOK_SABHA,Bridges,3245240.56,2677096.87,128,102,70.07,CTR-086,11,52,1.2207,0.4183,DESERT,2024,4188026.1,99.12
MPLADS-2315,Bihar,LOK_SABHA,Sports Infrastructure,8535198.01,7986469.13,190,99,27.5,CTR-072,3,0,1.1325,0.4935,PLAIN,2025,9951506.77,50.46
MPLADS-2316,Punjab,LOK_SABHA,Sanitation,10819282.07,8759962.39,475,284,75.55,CTR-028,13,49,1.0166,0.7681,PLAIN,2024,10135828.45,111.82
MPLADS-2317,Maharashtra,LOK_SABHA,Bridges,864476.61,783454.02,507,368,42.81,CTR-103,12,81,1.3177,0.9846,PLAIN,2023,1291060.17,124.07
MPLADS-2318,Odisha,LOK_SABHA,Education,44501112.5,43676870.45,110,60,60.77,CTR-087,1,19,1.0529,0.7764,PLAIN,2024,49611267.79,27.84
MPLADS-2319,Dadra and Nagar Haveli and Daman and Diu,LOK_SABHA,Bridges,16341490.24,16384347.97,114,16,8.56,CTR-043,11,0,1.0157,0.5549,PLAIN,2025,18439281.09,63.96
MPLADS-2320,Uttarakhand,RAJYA_SABHA,Drinking Water,1768121.25,1524248.94,409,541,100.0,CTR-128,12,62,1.0692,0.4995,HILLY,2023,2107160.92,108.08
MPLADS-2321,Nagaland,RAJYA_SABHA,Sports Infrastructure,37001492.62,34832875.32,418,606,85.42,CTR-125,13,53,0.964,0.783,HILLY,2023,44006953.73,162.2
MPLADS-2322,Meghalaya,LOK_SABHA,Drinking Water,29754833.88,24321073.8,165,230,76.93,CTR-143,4,96,1.027,0.1776,PLAIN,2023,26948902.66,77.76
MPLADS-2323,Assam,LOK_SABHA,Healthcare,31917690.98,27817843.58,274,168,66.52,CTR-120,1,47,1.076,0.7413,HILLY,2023,38482264.73,80.5
MPLADS-2324,Madhya Pradesh,RAJYA_SABHA,Sports Infrastructure,6681501.91,6475124.67,479,236,62.64,CTR-003,10,54,1.0987,0.25,DESERT,2025,8568050.84,95.15
MPLADS-2325,Tamil Nadu,LOK_SABHA,Roads,11840412.04,10552315.69,437,297,58.11,CTR-028,13,46,1.1178,0.5891,PLAIN,2024,14070995.51,55.91
MPLADS-2326,Dadra and Nagar Haveli and Daman and Diu,LOK_SABHA,Healthcare,10898519.14,8760933.24,423,434,92.62,CTR-160,12,46,1.2184,0.546,PLAIN,2024,12210485.68,90.33
MPLADS-2327,Uttarakhand,LOK_SABHA,Electrification,48106278.4,48745992.04,262,100,52.99,CTR-058,2,62,1.2971,1.0,HILLY,2024,87557356.32,75.57
MPLADS-2328,Lakshadweep,LOK_SABHA,Community Halls,48778069.26,42689577.35,485,383,80.9,CTR-037,13,46,1.2635,0.8058,COASTAL,2024,68549142.6,98.36
MPLADS-2329,Uttar Pradesh,LOK_SABHA,Other Public Assets,25280424.28,26285244.98,328,347,100.0,CTR-042,12,59,1.0376,0.7511,PLAIN,2024,31310595.82,101.42
MPLADS-2330,Haryana,LOK_SABHA,Healthcare,15912067.55,12770951.7,251,73,27.96,CTR-155,6,10,1.0606,0.9291,COASTAL,2024,16034006.42,76.06
MPLADS-2331,Jammu and Kashmir,LOK_SABHA,Education,44767460.98,37956990.23,97,124,96.66,CTR-002,12,28,1.2346,1.0,HILLY,2024,63964098.34,100.81
MPLADS-2332,Gujarat,LOK_SABHA,Community Halls,28815061.05,24273090.26,322,163,38.19,CTR-051,12,47,1.1009,0.6076,PLAIN,2024,29843227.76,86.44
MPLADS-2333,Haryana,RAJYA_SABHA,Healthcare,3037662.14,2543664.52,323,399,96.83,CTR-033,1,39,1.0813,0.294,HILLY,2023,3369964.38,69.68
MPLADS-2334,Lakshadweep,LOK_SABHA,Community Halls,48693913.45,49374528.78,360,221,48.6,CTR-046,15,50,1.1349,0.1832,COASTAL,2025,67913135.59,84.44
MPLADS-2335,Tripura,RAJYA_SABHA,Sanitation,20320589.23,20270348.81,328,277,85.36,CTR-101,13,36,1.2342,0.6149,PLAIN,2025,30149619.08,74.78
MPLADS-2336,Tamil Nadu,RAJYA_SABHA,Education,12319895.94,9909628.57,117,50,36.38,CTR-131,9,34,1.3162,0.2914,PLAIN,2024,15543832.16,63.56
MPLADS-2337,Chhattisgarh,LOK_SABHA,Healthcare,12740306.56,13141851.25,263,324,91.7,CTR-037,13,62,1.1477,0.1774,PLAIN,2023,17176429.89,69.38
MPLADS-2338,Manipur,LOK_SABHA,Bridges,2179832.94,2174897.35,455,667,89.42,CTR-069,1,47,1.2791,0.2237,PLAIN,2024,3241894.74,47.43
MPLADS-2339,West Bengal,RAJYA_SABHA,Drinking Water,13154229.76,12763584.13,533,91,13.26,CTR-124,7,67,1.0166,0.1333,PLAIN,2025,13810094.72,42.65
MPLADS-2340,Arunachal Pradesh,RAJYA_SABHA,Education,34792922.71,35574350.52,472,688,90.5,CTR-126,9,49,1.3151,0.3128,DESERT,2023,59025836.56,83.59
MPLADS-2341,Tripura,LOK_SABHA,Bridges,22850332.24,21911611.33,145,15,23.92,CTR-122,10,14,0.9743,0.0832,PLAIN,2025,23680986.5,53.71
MPLADS-2342,Goa,LOK_SABHA,Drinking Water,16814169.27,16847973.68,520,754,100.0,CTR-012,15,88,1.0369,0.3134,COASTAL,2025,19498367.15,103.15
MPLADS-2343,Arunachal Pradesh,LOK_SABHA,Sports Infrastructure,45708221.87,46360935.01,164,142,89.85,CTR-105,12,0,0.9764,0.0971,PLAIN,2023,50653194.91,76.85
MPLADS-2344,Jharkhand,RAJYA_SABHA,Other Public Assets,45109844.29,37268228.53,375,318,88.19,CTR-003,10,65,1.025,0.6381,PLAIN,2024,43053270.12,105.04
MPLADS-2345,Bihar,LOK_SABHA,Bridges,37667967.91,36153069.62,156,127,82.2,CTR-179,14,0,1.1409,0.4198,PLAIN,2024,47838609.7,69.25
MPLADS-2346,Maharashtra,LOK_SABHA,Education,27652115.22,25015094.73,508,303,67.19,CTR-091,6,76,1.1981,0.9585,COASTAL,2024,38376891.94,84.84
MPLADS-2347,Chandigarh,LOK_SABHA,Community Halls,20024309.56,19545981.84,281,239,91.65,CTR-117,0,51,0.9894,0.5134,PLAIN,2023,20505322.23,49.39
MPLADS-2348,West Bengal,RAJYA_SABHA,Sanitation,38883163.37,34387528.07,298,100,29.32,CTR-089,12,68,0.9576,0.1863,COASTAL,2023,38087479.1,98.33
MPLADS-2349,Assam,LOK_SABHA,Drinking Water,28346454.1,22962140.14,183,3,0.0,CTR-153,14,0,1.209,0.2055,DESERT,2025,34803923.78,49.41
MPLADS-2350,Jammu and Kashmir,LOK_SABHA,Sanitation,29311655.95,28903006.3,471,469,100.0,CTR-068,5,38,1.3277,0.3402,HILLY,2024,49581996.66,66.07
MPLADS-2351,Odisha,LOK_SABHA,Other Public Assets,1427897.11,1335776.01,330,354,100.0,CTR-181,15,73,1.1139,0.3123,PLAIN,2024,1775827.08,93.18
MPLADS-2352,Uttarakhand,RAJYA_SABHA,Education,29815402.65,25785958.8,464,581,95.35,CTR-019,13,59,1.2168,1.0,DESERT,2025,42307543.67,99.72
MPLADS-2353,Rajasthan,LOK_SABHA,Sanitation,18715091.47,19168873.28,181,162,99.5,CTR-052,3,16,1.1309,0.2572,DESERT,2025,26418558.55,51.86
MPLADS-2354,Jammu and Kashmir,LOK_SABHA,Other Public Assets,12177326.44,10224484.92,370,541,100.0,CTR-106,12,42,1.1845,1.0,HILLY,2024,16103629.29,117.83
MPLADS-2355,Puducherry,LOK_SABHA,Roads,1856790.09,1554213.03,411,597,81.71,CTR-130,10,50,1.2299,0.9022,PLAIN,2024,2334140.61,99.26
MPLADS-2356,Meghalaya,LOK_SABHA,Bridges,10810080.92,9721733.55,536,95,24.19,CTR-125,13,97,1.113,0.2825,HILLY,2023,14463649.85,125.03
MPLADS-2357,Delhi,LOK_SABHA,Roads,8088787.57,7573094.6,482,140,17.67,CTR-140,6,39,1.1149,0.6237,PLAIN,2024,9387298.32,56.34
MPLADS-2358,Madhya Pradesh,RAJYA_SABHA,Bridges,27806739.42,24520665.83,346,439,86.59,CTR-177,11,52,1.0585,0.6089,PLAIN,2023,28981745.63,72.39
MPLADS-2359,Karnataka,RAJYA_SABHA,Education,3243517.85,3124333.47,469,206,22.16,CTR-140,6,72,1.3066,1.0,HILLY,2024,5459814.87,144.9
MPLADS-2360,Chandigarh,LOK_SABHA,Community Halls,18642021.49,17701456.18,184,244,100.0,CTR-119,3,51,1.0145,0.8051,PLAIN,2024,19093465.14,82.82
MPLADS-2361,Karnataka,RAJYA_SABHA,Sanitation,18699796.1,16405945.94,279,273,84.2,CTR-059,11,37,1.0795,0.7495,HILLY,2023,23571607.0,103.34
MPLADS-2362,Arunachal Pradesh,LOK_SABHA,Drinking Water,45582460.12,41838020.84,276,121,41.59,CTR-012,15,46,1.0321,0.8715,HILLY,2025,55756458.3,115.79
MPLADS-2363,Ladakh,LOK_SABHA,Bridges,19029184.55,19813287.72,373,499,97.03,CTR-179,14,14,1.0677,0.9721,HILLY,2023,28336112.32,158.25
MPLADS-2364,Bihar,RAJYA_SABHA,Bridges,19174730.03,17817510.63,307,113,23.83,CTR-091,6,75,1.1498,0.1993,PLAIN,2023,22977745.67,75.96
MPLADS-2365,Puducherry,RAJYA_SABHA,Sports Infrastructure,28079850.67,22961746.65,171,38,53.38,CTR-200,15,10,0.9529,0.1818,PLAIN,2024,22738661.42,91.89
MPLADS-2366,Tamil Nadu,LOK_SABHA,Healthcare,12324998.1,11771042.8,432,439,92.99,CTR-115,8,53,1.1836,0.5789,HILLY,2023,18167582.53,90.89
MPLADS-2367,Telangana,LOK_SABHA,Education,29432220.95,23879706.33,214,100,30.78,CTR-054,7,46,1.1096,0.221,PLAIN,2024,29184134.86,79.49
MPLADS-2368,Dadra and Nagar Haveli and Daman and Diu,LOK_SABHA,Sports Infrastructure,39658333.23,35696948.9,448,630,90.99,CTR-089,12,53,1.0865,0.5168,PLAIN,2025,42934448.14,130.88
MPLADS-2369,Andaman and Nicobar Islands,LOK_SABHA,Drinking Water,40583145.77,36670384.61,363,355,100.0,CTR-075,10,46,1.0983,0.6091,COASTAL,2023,48995550.27,88.33
MPLADS-2370,Jammu and Kashmir,LOK_SABHA,Healthcare,46160402.04,47202854.53,134,49,50.59,CTR-171,1,41,1.041,0.9394,DESERT,2024,61921026.54,65.14
MPLADS-2371,Maharashtra,LOK_SABHA,Sanitation,10981740.89,9295271.05,283,369,100.0,CTR-174,11,78,1.0584,0.4107,PLAIN,2024,10948572.81,90.53
MPLADS-2372,Kerala,LOK_SABHA,Sanitation,25615899.41,24620438.59,539,45,0.0,CTR-038,13,84,1.1225,0.045,PLAIN,2025,32382283.82,94.13
MPLADS-2373,Ladakh,LOK_SABHA,Community Halls,33938979.65,30128854.27,501,19,2.82,CTR-161,15,14,1.2075,0.4395,HILLY,2025,49129475.41,86.86
MPLADS-2374,Meghalaya,LOK_SABHA,Sanitation,2587526.11,2203781.27,236,343,83.41,CTR-112,12,98,1.2048,0.7037,HILLY,2024,3662268.13,173.26
MPLADS-2375,West Bengal,RAJYA_SABHA,Sports Infrastructure,30240812.61,26387106.73,108,137,78.27,CTR-195,15,0,1.192,0.9087,DESERT,2024,39681253.82,94.31
MPLADS-2376,Andaman and Nicobar Islands,LOK_SABHA,Electrification,4202714.07,3670178.53,204,103,61.75,CTR-065,6,0,1.2196,0.6703,COASTAL,2025,5368306.55,49.43
MPLADS-2377,Goa,LOK_SABHA,Education,17758036.49,17351414.13,205,156,85.81,CTR-175,11,44,1.0821,0.7692,PLAIN,2025,21122988.39,97.37
MPLADS-2378,Tamil Nadu,RAJYA_SABHA,Education,10952283.52,9944483.09,273,146,28.29,CTR-175,11,34,1.3207,0.3442,PLAIN,2024,15671808.6,93.06
MPLADS-2379,Nagaland,RAJYA_SABHA,Drinking Water,11477013.95,11238028.69,455,547,100.0,CTR-179,14,50,1.3391,0.449,PLAIN,2025,18550856.33,92.36
MPLADS-2380,Punjab,LOK_SABHA,Community Halls,7264202.07,7079428.32,389,483,100.0,CTR-097,3,45,1.2338,0.6288,PLAIN,2024,10431085.4,60.18
MPLADS-2381,Puducherry,LOK_SABHA,Sports Infrastructure,2946287.63,2653387.95,320,244,72.49,CTR-049,10,36,1.1741,0.9683,PLAIN,2025,3761662.91,66.32
MPLADS-2382,Odisha,LOK_SABHA,Other Public Assets,12803922.29,13201814.01,282,283,73.43,CTR-193,9,75,1.3289,0.2982,HILLY,2024,22701513.26,143.19
MPLADS-2383,Uttarakhand,RAJYA_SABHA,Sports Infrastructure,11062506.2,11521920.68,163,141,100.0,CTR-132,8,19,1.1378,1.0,HILLY,2024,17493713.32,79.33
MPLADS-2384,Himachal Pradesh,RAJYA_SABHA,Electrification,42659559.05,40647402.91,163,64,51.5,CTR-196,1,48,1.1244,1.0,HILLY,2024,56643634.19,55.98
MPLADS-2385,Punjab,LOK_SABHA,Drinking Water,12008462.65,11662489.0,303,17,2.96,CTR-004,7,41,0.9527,0.3551,PLAIN,2025,12158676.78,71.69
MPLADS-2386,Tamil Nadu,RAJYA_SABHA,Drinking Water,26462944.49,27642472.81,315,140,62.43,CTR-166,13,47,1.0924,0.4918,COASTAL,2025,37694600.56,114.26
MPLADS-2387,Haryana,RAJYA_SABHA,Electrification,43513012.29,42017764.96,277,66,39.18,CTR-148,3,40,1.3405,0.6088,HILLY,2024,74740906.98,60.55
MPLADS-2388,Andaman and Nicobar Islands,LOK_SABHA,Roads,21163926.52,17545645.66,133,48,38.68,CTR-135,12,48,1.0641,0.4539,COASTAL,2025,23411586.58,77.83
MPLADS-2389,Odisha,RAJYA_SABHA,Bridges,42047784.24,40092508.71,240,304,79.93,CTR-027,6,49,1.2608,0.4345,COASTAL,2025,60100635.92,92.89
MPLADS-2390,Punjab,LOK_SABHA,Electrification,27363075.68,27291712.28,207,17,14.25,CTR-082,6,12,1.1109,0.3607,PLAIN,2023,34028783.76,32.25
MPLADS-2391,Jharkhand,LOK_SABHA,Sanitation,38670017.19,34933393.65,278,28,13.5,CTR-174,11,65,1.1955,0.6173,HILLY,2024,57269615.16,132.16
MPLADS-2392,West Bengal,LOK_SABHA,Education,49412628.73,45674830.37,171,31,20.07,CTR-189,3,19,1.1213,0.6258,DESERT,2025,61487209.55,61.18
MPLADS-2393,Andaman and Nicobar Islands,RAJYA_SABHA,Other Public Assets,31796164.61,32794004.71,94,20,46.97,CTR-088,4,0,1.0936,0.7083,COASTAL,2024,42252032.6,43.16
MPLADS-2394,Rajasthan,RAJYA_SABHA,Education,40841168.34,40809962.0,257,258,100.0,CTR-064,15,25,1.2861,0.8719,HILLY,2025,72080602.63,92.28
MPLADS-2395,Odisha,LOK_SABHA,Sports Infrastructure,39388938.27,39517922.31,201,119,76.98,CTR-161,15,54,1.2182,0.4495,PLAIN,2025,56988031.21,81.29
MPLADS-2396,West Bengal,LOK_SABHA,Community Halls,24116072.2,24382396.03,292,0,4.76,CTR-142,3,33,1.1557,0.9707,COASTAL,2025,34024304.4,73.61
MPLADS-2397,Meghalaya,RAJYA_SABHA,Community Halls,8042868.35,8232185.02,520,238,58.51,CTR-079,9,89,1.0197,0.5273,DESERT,2025,10096145.9,115.86
MPLADS-2398,Mizoram,RAJYA_SABHA,Healthcare,13393201.31,13460453.26,251,344,100.0,CTR-121,7,44,1.0085,0.6222,HILLY,2025,17558724.44,82.34
MPLADS-2399,Andaman and Nicobar Islands,LOK_SABHA,Sanitation,26441906.35,25269031.75,352,481,87.81,CTR-168,2,48,1.265,0.1966,COASTAL,2024,37333076.29,73.87
MPLADS-2400,Sikkim,LOK_SABHA,Drinking Water,3911754.14,3441378.86,224,311,100.0,CTR-104,0,51,1.0528,0.3871,HILLY,2025,4391954.56,73.8
MPLADS-2401,Maharashtra,LOK_SABHA,Sports Infrastructure,47153276.19,40250733.94,480,172,21.46,CTR-060,10,79,0.9953,0.4472,PLAIN,2025,45272465.56,124.43
MPLADS-2402,Manipur,LOK_SABHA,Healthcare,3300262.26,3149996.47,339,160,27.36,CTR-170,0,48,0.9833,0.2044,PLAIN,2025,3052676.14,44.81
MPLADS-2403,West Bengal,RAJYA_SABHA,Electrification,26199239.57,24493626.68,114,162,100.0,CTR-121,7,52,1.2876,0.7236,DESERT,2025,40026006.42,78.37
MPLADS-2404,Telangana,RAJYA_SABHA,Bridges,30581985.81,30965794.26,413,71,0.0,CTR-146,13,51,0.9812,0.3987,PLAIN,2025,34404402.64,122.19
MPLADS-2405,Gujarat,LOK_SABHA,Sports Infrastructure,13534833.45,13111627.24,245,171,53.33,CTR-098,10,11,1.2608,0.0647,COASTAL,2023,19438231.2,60.29
MPLADS-2406,Gujarat,LOK_SABHA,Other Public Assets,36901888.75,34425016.01,110,21,0.0,CTR-114,7,0,1.2561,0.7557,PLAIN,2025,50842617.49,39.98
MPLADS-2407,Ladakh,LOK_SABHA,Electrification,46454136.76,44804582.87,483,312,70.14,CTR-196,1,15,1.0571,0.373,HILLY,2023,61013045.04,57.8
MPLADS-2408,Maharashtra,RAJYA_SABHA,Community Halls,11481650.48,10075964.47,479,440,100.0,CTR-198,1,74,1.2154,0.427,PLAIN,2023,13792280.36,49.73
MPLADS-2409,Dadra and Nagar Haveli and Daman and Diu,RAJYA_SABHA,Sports Infrastructure,43370551.73,41550802.69,293,378,94.04,CTR-021,8,52,1.1458,0.8728,COASTAL,2024,58766023.88,105.69
MPLADS-2410,Andaman and Nicobar Islands,LOK_SABHA,Drinking Water,3611847.61,3627030.06,377,39,3.75,CTR-141,15,49,1.2206,0.3424,COASTAL,2025,5402973.72,69.87
MPLADS-2411,Lakshadweep,LOK_SABHA,Healthcare,32698137.68,29591718.29,193,189,84.49,CTR-135,12,0,1.3391,0.2612,COASTAL,2023,49673921.16,64.28
MPLADS-2412,Nagaland,RAJYA_SABHA,Drinking Water,18857086.92,17321940.73,503,482,100.0,CTR-035,14,54,1.3097,0.5376,PLAIN,2023,26898119.95,94.97
MPLADS-2413,Himachal Pradesh,LOK_SABHA,Community Halls,13651261.38,11096755.39,326,17,2.58,CTR-126,9,61,1.2148,1.0,HILLY,2023,18731703.44,99.26
MPLADS-2414,Ladakh,RAJYA_SABHA,Healthcare,35956125.86,33363088.7,362,366,100.0,CTR-066,5,13,0.9521,0.2486,HILLY,2025,40319571.46,57.31
MPLADS-2415,Tamil Nadu,LOK_SABHA,Community Halls,583170.03,566087.52,219,8,0.0,CTR-160,12,51,1.0149,0.9808,COASTAL,2023,700070.34,89.13
MPLADS-2416,Maharashtra,LOK_SABHA,Community Halls,41471595.99,38863285.5,300,225,38.92,CTR-082,6,75,1.0045,0.0568,PLAIN,2024,42123182.34,63.52
MPLADS-2417,Nagaland,LOK_SABHA,Roads,6767270.54,5569314.94,298,83,49.46,CTR-180,8,50,1.2095,0.6493,HILLY,2024,8734995.79,100.74
MPLADS-2418,Telangana,LOK_SABHA,Sanitation,36993091.93,34742715.68,324,173,51.26,CTR-096,4,34,1.018,0.3216,PLAIN,2024,37084931.59,49.19
MPLADS-2419,Assam,RAJYA_SABHA,Electrification,32331809.5,27021107.56,475,39,31.86,CTR-127,1,96,1.2714,0.2392,PLAIN,2023,40216522.97,68.75
MPLADS-2420,Tripura,LOK_SABHA,Healthcare,39479404.02,33503471.97,392,368,66.75,CTR-018,2,50,1.1201,0.518,HILLY,2025,47885891.88,95.81
MPLADS-2421,Odisha,RAJYA_SABHA,Bridges,6574088.4,6837696.14,202,99,43.51,CTR-035,14,41,1.2712,0.559,COASTAL,2024,11042757.78,120.27
MPLADS-2422,Andhra Pradesh,LOK_SABHA,Sports Infrastructure,6376473.75,6628613.82,110,120,100.0,CTR-198,1,43,1.1324,0.9013,DESERT,2025,9042847.5,70.22
MPLADS-2423,Andaman and Nicobar Islands,LOK_SABHA,Education,39356723.12,40052010.77,99,112,100.0,CTR-175,11,23,0.9898,0.1439,COASTAL,2025,45557190.32,61.09
MPLADS-2424,Andhra Pradesh,LOK_SABHA,Other Public Assets,39453070.47,37395948.52,359,162,50.71,CTR-077,5,63,1.1072,0.9893,COASTAL,2025,52293020.97,68.76
MPLADS-2425,West Bengal,LOK_SABHA,Community Halls,36657297.15,35455312.82,489,502,100.0,CTR-163,6,65,1.0455,0.027,PLAIN,2024,43186388.71,52.09
MPLADS-2426,Tripura,LOK_SABHA,Education,2749194.39,2421278.33,314,315,88.52,CTR-186,7,45,1.2499,0.5438,HILLY,2025,3967233.46,86.73
MPLADS-2427,Madhya Pradesh,LOK_SABHA,Healthcare,34757417.92,29852387.16,335,90,44.37,CTR-047,7,57,0.9806,0.7224,DESERT,2025,35073263.24,73.15
MPLADS-2428,Ladakh,RAJYA_SABHA,Drinking Water,11664358.47,9575752.09,509,323,46.33,CTR-047,7,13,1.01,0.6049,HILLY,2024,12215743.12,96.83
MPLADS-2429,Arunachal Pradesh,LOK_SABHA,Drinking Water,12407495.39,11258993.1,139,94,51.45,CTR-129,9,0,1.068,0.8323,HILLY,2023,16672690.98,81.42
MPLADS-2430,Dadra and Nagar Haveli and Daman and Diu,RAJYA_SABHA,Drinking Water,37297100.18,34363887.79,146,208,87.85,CTR-117,0,0,1.0291,0.3542,PLAIN,2025,35381914.46,5.27
MPLADS-2431,Goa,RAJYA_SABHA,Sanitation,33962648.63,28046026.25,504,161,62.44,CTR-097,3,81,1.2269,0.9121,COASTAL,2025,42248980.12,111.12
MPLADS-2432,Jammu and Kashmir,RAJYA_SABHA,Education,35156919.87,30601604.35,387,469,100.0,CTR-014,12,39,1.2564,0.4555,HILLY,2024,50667859.07,126.49
MPLADS-2433,Telangana,RAJYA_SABHA,Electrification,34920700.2,34884164.61,234,228,100.0,CTR-008,11,0,1.041,0.6313,DESERT,2025,44124870.68,83.54
MPLADS-2434,Nagaland,LOK_SABHA,Sports Infrastructure,48597019.78,39608718.14,199,277,88.86,CTR-162,10,38,1.1853,0.3662,HILLY,2024,62076312.53,78.98
MPLADS-2435,Puducherry,LOK_SABHA,Healthcare,7689676.16,6802110.89,262,372,89.78,CTR-178,2,47,1.3464,0.9675,PLAIN,2025,11026546.56,88.4
MPLADS-2436,Chhattisgarh,LOK_SABHA,Other Public Assets,11415742.83,11768609.36,327,88,56.98,CTR-116,9,62,1.2987,0.6619,HILLY,2025,21041377.93,107.33
MPLADS-2437,Odisha,RAJYA_SABHA,Roads,17232321.57,16972542.34,333,203,41.7,CTR-104,0,69,1.2306,0.6134,HILLY,2024,27376926.14,117.03
MPLADS-2438,Manipur,LOK_SABHA,Education,11641383.73,10673296.42,243,296,100.0,CTR-103,12,48,0.9616,0.4861,PLAIN,2024,11166393.93,99.23
MPLADS-2439,Arunachal Pradesh,LOK_SABHA,Other Public Assets,45902681.49,43121022.18,207,144,90.32,CTR-098,10,10,1.0487,0.4357,HILLY,2024,57130569.14,91.78
MPLADS-2440,Kerala,LOK_SABHA,Drinking Water,49865938.56,40236892.64,531,607,100.0,CTR-189,3,88,1.0412,0.6472,COASTAL,2025,50499207.03,88.28
MPLADS-2441,Goa,LOK_SABHA,Other Public Assets,23486292.98,24194845.11,192,226,81.12,CTR-006,13,65,1.0444,0.7839,COASTAL,2025,31017730.88,96.65
MPLADS-2442,Haryana,RAJYA_SABHA,Bridges,22335156.73,19811773.43,402,16,0.0,CTR-047,7,39,1.21,0.1967,COASTAL,2024,28356584.09,61.25
MPLADS-2443,Uttarakhand,LOK_SABHA,Other Public Assets,13855076.74,12790145.23,432,229,59.87,CTR-080,10,68,0.9936,0.6006,HILLY,2025,16146352.55,97.74
MPLADS-2444,Mizoram,LOK_SABHA,Healthcare,49809120.74,49602732.32,314,309,100.0,CTR-051,12,39,1.049,0.7633,HILLY,2024,65830413.49,110.42
MPLADS-2445,Rajasthan,LOK_SABHA,Sanitation,43186795.21,35993652.29,119,124,100.0,CTR-108,10,0,1.3377,0.683,HILLY,2024,64332906.49,108.27
MPLADS-2446,Arunachal Pradesh,LOK_SABHA,Healthcare,29536770.26,28676620.84,168,29,20.62,CTR-193,9,14,1.1774,0.3681,DESERT,2024,41846708.5,53.77
MPLADS-2447,Karnataka,LOK_SABHA,Sanitation,40883618.13,34055611.45,387,410,99.7,CTR-019,13,74,0.9618,0.8091,HILLY,2025,41939904.26,144.69
MPLADS-2448,Chandigarh,LOK_SABHA,Roads,37781848.93,39111438.26,193,145,93.47,CTR-073,7,22,1.2856,0.0671,PLAIN,2025,56737908.58,25.15
MPLADS-2449,Ladakh,LOK_SABHA,Sports Infrastructure,28490723.7,29848185.5,180,209,100.0,CTR-108,10,0,1.3464,1.0,DESERT,2024,51984769.85,102.51
MPLADS-2450,Jammu and Kashmir,LOK_SABHA,Sports Infrastructure,19280602.73,18010505.04,452,611,100.0,CTR-165,6,38,1.1984,0.7269,HILLY,2025,27663170.22,105.38
MPLADS-2451,Telangana,LOK_SABHA,Electrification,15076013.07,13401622.73,477,29,10.1,CTR-111,4,49,1.1922,0.442,PLAIN,2024,18216707.63,41.94
MPLADS-2452,Delhi,RAJYA_SABHA,Bridges,10716463.79,9965670.92,303,163,67.29,CTR-188,6,28,1.0039,0.2054,PLAIN,2024,10654514.88,56.74
MPLADS-2453,Arunachal Pradesh,RAJYA_SABHA,Electrification,30263657.42,24374199.89,205,160,77.87,CTR-195,15,13,1.0768,0.5982,HILLY,2023,33638851.6,80.63
MPLADS-2454,Jharkhand,RAJYA_SABHA,Roads,8981264.83,7613990.37,350,214,83.06,CTR-002,12,67,1.1219,0.609,HILLY,2024,11087881.17,107.91
MPLADS-2455,Uttar Pradesh,LOK_SABHA,Roads,6383500.86,6081155.19,507,442,68.54,CTR-199,5,61,1.3094,0.6052,PLAIN,2024,9439539.99,75.4
MPLADS-2456,Puducherry,LOK_SABHA,Drinking Water,19584511.7,16651993.13,194,162,89.33,CTR-093,13,53,0.9849,1.0,DESERT,2025,20737587.89,118.29
MPLADS-2457,Sikkim,LOK_SABHA,Sports Infrastructure,38639201.71,32146397.49,423,330,51.59,CTR-149,13,47,1.3241,0.644,HILLY,2023,57644013.52,111.77
MPLADS-2458,Karnataka,LOK_SABHA,Sports Infrastructure,4349280.11,4409813.05,509,748,95.58,CTR-177,11,84,1.1772,0.5271,PLAIN,2023,6178078.96,106.73
MPLADS-2459,Uttarakhand,LOK_SABHA,Healthcare,39688606.78,32557212.25,297,145,61.24,CTR-046,15,62,1.0829,0.9582,PLAIN,2025,40898078.96,118.62
MPLADS-2460,West Bengal,RAJYA_SABHA,Sports Infrastructure,6436706.45,5217444.54,275,263,88.66,CTR-195,15,68,1.0566,0.9353,PLAIN,2025,6466200.35,132.26
MPLADS-2461,Himachal Pradesh,LOK_SABHA,Roads,14303860.47,14476704.65,437,58,0.0,CTR-126,9,59,1.3037,0.3939,HILLY,2025,24961646.45,111.28
MPLADS-2462,West Bengal,LOK_SABHA,Bridges,13515212.08,12247352.75,351,193,70.81,CTR-036,1,73,1.1798,0.9372,PLAIN,2023,16815555.26,63.88
MPLADS-2463,Goa,LOK_SABHA,Drinking Water,39169430.38,40580741.82,305,48,22.51,CTR-079,9,70,1.3372,0.3313,COASTAL,2023,66090833.12,94.62
MPLADS-2464,Maharashtra,RAJYA_SABHA,Education,36722268.37,33373714.11,424,67,31.7,CTR-015,11,77,1.0839,0.4875,COASTAL,2024,43384807.88,84.85
MPLADS-2465,West Bengal,LOK_SABHA,Community Halls,14857412.0,13105457.41,446,559,99.98,CTR-106,12,73,0.9904,0.0562,COASTAL,2024,14913422.98,94.66
MPLADS-2466,Uttarakhand,LOK_SABHA,Roads,29536913.28,26236269.61,95,11,0.04,CTR-024,14,44,1.2342,0.6648,PLAIN,2024,38559682.16,115.05
MPLADS-2467,Madhya Pradesh,LOK_SABHA,Electrification,46757831.93,43849267.09,170,167,100.0,CTR-034,8,54,1.1745,0.3609,PLAIN,2024,60333695.98,51.23
MPLADS-2468,Arunachal Pradesh,LOK_SABHA,Electrification,47949810.63,41425239.73,490,671,79.6,CTR-168,2,49,1.1015,0.9407,PLAIN,2025,53182869.59,107.57
MPLADS-2469,Punjab,LOK_SABHA,Sanitation,37256183.84,32089099.82,486,583,95.29,CTR-086,11,44,1.2912,0.786,PLAIN,2025,51728201.03,110.3
MPLADS-2470,Arunachal Pradesh,RAJYA_SABHA,Drinking Water,34852302.23,29391722.58,164,229,90.26,CTR-200,15,37,1.1632,0.579,HILLY,2024,46019504.45,93.7
MPLADS-2471,Gujarat,LOK_SABHA,Drinking Water,24964334.75,20794443.05,156,217,100.0,CTR-054,7,21,0.9892,0.3581,DESERT,2023,24827006.04,55.68
MPLADS-2472,Chhattisgarh,LOK_SABHA,Electrification,16419577.49,13636481.59,185,172,87.65,CTR-040,10,47,1.0879,0.1687,PLAIN,2025,16440423.67,76.41
MPLADS-2473,Dadra and Nagar Haveli and Daman and Diu,RAJYA_SABHA,Education,31200447.88,29522870.85,426,498,75.88,CTR-067,14,50,1.0732,0.2195,PLAIN,2025,35760880.74,103.23
MPLADS-2474,Nagaland,RAJYA_SABHA,Education,14840758.39,15037692.97,464,388,58.89,CTR-145,15,51,1.221,1.0,HILLY,2023,24801442.93,149.81
MPLADS-2475,Lakshadweep,LOK_SABHA,Education,10864839.55,10366685.85,523,665,100.0,CTR-183,7,49,1.3265,0.8611,COASTAL,2025,17493738.32,85.8
MPLADS-2476,Chandigarh,LOK_SABHA,Bridges,6613967.33,5415225.08,288,409,100.0,CTR-031,7,48,1.0114,0.1664,PLAIN,2024,5959423.09,78.51
MPLADS-2477,Andhra Pradesh,RAJYA_SABHA,Community Halls,5044818.11,4642791.39,173,100,62.19,CTR-006,13,61,1.2977,0.9941,PLAIN,2023,7365330.22,100.71
MPLADS-2478,Uttarakhand,LOK_SABHA,Other Public Assets,31958324.72,31578491.89,311,46,20.09,CTR-148,3,48,1.0189,0.3113,HILLY,2024,39294673.44,56.91
MPLADS-2479,Madhya Pradesh,RAJYA_SABHA,Electrification,18867756.69,18387911.44,506,306,50.33,CTR-009,3,49,1.1868,0.6803,PLAIN,2025,25136091.69,51.18
MPLADS-2480,Meghalaya,RAJYA_SABHA,Sports Infrastructure,7529644.73,6300278.9,289,266,100.0,CTR-006,13,71,1.0838,0.2573,PLAIN,2024,7724517.65,110.0
MPLADS-2481,Tamil Nadu,RAJYA_SABHA,Bridges,40942812.11,41705235.39,377,516,100.0,CTR-151,13,48,1.1981,0.9982,PLAIN,2023,60196321.87,76.83
MPLADS-2482,Jharkhand,RAJYA_SABHA,Education,34402200.41,35040000.76,526,179,50.37,CTR-010,1,68,1.1202,0.3063,PLAIN,2024,44254062.0,13.29
MPLADS-2483,Odisha,LOK_SABHA,Electrification,3252107.19,3044661.35,385,6,14.91,CTR-080,10,73,1.2883,1.0,HILLY,2024,5243412.67,137.0
MPLADS-2484,Gujarat,LOK_SABHA,Healthcare,10211259.19,8531114.57,397,411,100.0,CTR-128,12,48,1.0793,0.2737,PLAIN,2024,9949324.22,66.16
MPLADS-2485,Assam,LOK_SABHA,Electrification,30631315.38,25126041.89,441,372,87.79,CTR-182,2,89,1.1868,0.9495,COASTAL,2023,37214961.3,89.45
MPLADS-2486,Arunachal Pradesh,LOK_SABHA,Sanitation,43092782.71,44049636.62,413,499,100.0,CTR-181,15,47,1.3245,0.9059,HILLY,2024,83802143.67,155.9
MPLADS-2487,Karnataka,RAJYA_SABHA,Bridges,26493349.81,27369556.1,516,721,74.4,CTR-033,1,70,0.9503,0.7914,PLAIN,2025,27313897.65,36.2
MPLADS-2488,Chhattisgarh,RAJYA_SABHA,Drinking Water,41873417.78,38354070.21,370,33,5.55,CTR-130,10,61,1.2582,0.4715,PLAIN,2023,58197007.02,75.98
MPLADS-2489,Manipur,LOK_SABHA,Drinking Water,24114313.33,19576482.64,383,152,28.11,CTR-156,10,48,1.2371,0.8703,HILLY,2024,32775803.61,110.93
MPLADS-2490,Mizoram,LOK_SABHA,Roads,10790430.69,10815156.02,367,196,65.5,CTR-061,14,50,1.1527,0.9874,PLAIN,2024,15020516.06,90.32
MPLADS-2491,Arunachal Pradesh,LOK_SABHA,Sanitation,24642316.77,24072995.98,133,26,6.72,CTR-039,4,0,1.0412,0.8279,PLAIN,2023,26888139.8,28.93
MPLADS-2492,Lakshadweep,LOK_SABHA,Sanitation,10543747.28,10337577.03,297,118,32.72,CTR-177,11,44,1.3198,0.6358,COASTAL,2025,17204738.14,94.02
MPLADS-2493,Ladakh,LOK_SABHA,Drinking Water,14879131.69,14878348.21,514,126,16.77,CTR-111,4,12,1.291,1.0,HILLY,2025,26207654.18,89.52
MPLADS-2494,Kerala,RAJYA_SABHA,Bridges,5661556.62,5202461.89,403,119,38.38,CTR-117,0,88,1.0835,0.7404,HILLY,2025,7419490.35,108.34
MPLADS-2495,Bihar,LOK_SABHA,Other Public Assets,38719213.48,35993228.03,109,48,25.29,CTR-142,3,0,1.209,0.7539,DESERT,2024,55432059.6,37.85
MPLADS-2496,Himachal Pradesh,RAJYA_SABHA,Healthcare,13649686.99,13645835.46,265,72,40.21,CTR-135,12,47,1.1349,0.9691,DESERT,2024,19975269.12,128.07
MPLADS-2497,Assam,RAJYA_SABHA,Other Public Assets,30318156.93,28704042.86,127,68,39.5,CTR-081,15,49,1.058,0.7909,PLAIN,2025,35195327.29,110.47
MPLADS-2498,Uttarakhand,LOK_SABHA,Roads,28721088.23,26637200.03,474,297,43.25,CTR-078,3,69,1.2945,1.0,HILLY,2024,44844639.45,109.95
MPLADS-2499,Maharashtra,LOK_SABHA,Other Public Assets,14674044.44,11771541.8,263,288,89.3,CTR-133,1,75,1.3398,0.4439,HILLY,2024,20177229.07,76.73
MPLADS-2500,Haryana,RAJYA_SABHA,Education,32014387.85,30161828.49,398,277,82.12,CTR-108,10,38,1.089,0.8179,PLAIN,2025,37857183.74,79.72
MPLADS-2501,Gujarat,LOK_SABHA,Bridges,39301574.42,35596319.44,488,618,93.65,CTR-108,10,47,1.1938,0.3143,PLAIN,2024,50833146.88,79.53
MPLADS-2502,Odisha,LOK_SABHA,Education,34968020.26,33440758.45,332,1,0.0,CTR-093,13,81,1.0967,0.8254,PLAIN,2025,43416260.8,118.55
MPLADS-2503,Chhattisgarh,LOK_SABHA,Sanitation,19177777.79,15406989.05,170,159,100.0,CTR-080,10,49,1.1385,0.5333,PLAIN,2024,20173902.96,64.67
MPLADS-2504,Tamil Nadu,LOK_SABHA,Sanitation,28167891.23,28832402.95,461,473,96.7,CTR-134,8,50,0.9525,0.4456,PLAIN,2024,26988263.59,84.8
MPLADS-2505,Bihar,RAJYA_SABHA,Electrification,11447415.27,11897436.41,235,177,78.19,CTR-074,2,70,1.2521,0.894,HILLY,2025,19886040.56,95.43
MPLADS-2506,Chandigarh,RAJYA_SABHA,Sports Infrastructure,20915748.31,17090556.16,163,145,70.5,CTR-184,11,14,1.0167,0.5706,DESERT,2025,21043684.32,76.15
MPLADS-2507,Himachal Pradesh,LOK_SABHA,Other Public Assets,9362421.59,8077034.99,213,307,100.0,CTR-078,3,63,1.2143,0.3491,HILLY,2025,12440197.86,87.12
MPLADS-2508,Jammu and Kashmir,RAJYA_SABHA,Sanitation,45128193.0,43023935.58,400,295,99.36,CTR-120,1,38,1.0181,0.6185,HILLY,2024,53977224.03,68.35
MPLADS-2509,Rajasthan,LOK_SABHA,Roads,18067376.06,17558972.36,505,750,83.6,CTR-125,13,34,1.017,0.2576,DESERT,2025,22004602.29,81.89
MPLADS-2510,Tamil Nadu,RAJYA_SABHA,Electrification,29101756.61,23719575.01,496,82,17.6,CTR-140,6,51,1.3132,0.306,HILLY,2025,40030656.25,68.25
MPLADS-2511,Tamil Nadu,LOK_SABHA,Drinking Water,39650414.35,38626431.13,365,432,100.0,CTR-127,1,47,0.9759,0.9434,PLAIN,2024,42052063.54,55.06
MPLADS-2512,Andaman and Nicobar Islands,RAJYA_SABHA,Education,42779074.82,34500321.95,258,214,82.28,CTR-089,12,47,1.1135,0.8167,PLAIN,2024,44188528.63,118.12
MPLADS-2513,Assam,LOK_SABHA,Drinking Water,49421771.85,45650442.33,209,224,96.32,CTR-150,0,26,1.0114,0.6359,HILLY,2024,58010658.09,44.32
MPLADS-2514,Uttar Pradesh,LOK_SABHA,Roads,12326422.25,12227461.79,250,24,6.7,CTR-048,14,13,0.997,0.9829,PLAIN,2024,13908380.14,53.41
MPLADS-2515,Bihar,RAJYA_SABHA,Sanitation,32959119.66,33920790.2,396,204,48.09,CTR-018,2,66,0.9927,0.8965,HILLY,2025,43234762.47,121.53
MPLADS-2516,Odisha,RAJYA_SABHA,Community Halls,30189274.24,27755783.82,374,163,40.07,CTR-116,9,70,1.215,0.3285,PLAIN,2025,39186101.22,73.51
MPLADS-2517,Odisha,LOK_SABHA,Healthcare,45462692.9,40608851.38,256,104,61.0,CTR-050,12,18,1.2497,0.6385,PLAIN,2024,59222145.5,66.81
MPLADS-2518,Ladakh,RAJYA_SABHA,Sanitation,13030761.58,13075160.85,95,75,100.0,CTR-140,6,10,1.0633,1.0,HILLY,2024,17250513.24,96.56
MPLADS-2519,Sikkim,LOK_SABHA,Drinking Water,2308599.71,2336586.55,205,276,100.0,CTR-175,11,13,1.2892,1.0,HILLY,2024,4215016.53,122.98
MPLADS-2520,Arunachal Pradesh,LOK_SABHA,Healthcare,22400409.45,19558562.16,296,420,100.0,CTR-198,1,41,1.2481,0.9352,HILLY,2023,31894143.84,75.02
MPLADS-2521,Andhra Pradesh,LOK_SABHA,Other Public Assets,1541921.62,1550296.96,287,44,8.44,CTR-036,1,51,1.0264,0.1089,PLAIN,2024,1677677.18,31.22
MPLADS-2522,Telangana,RAJYA_SABHA,Other Public Assets,18342073.65,16504033.92,289,370,100.0,CTR-171,1,49,1.1006,0.6122,PLAIN,2024,20563379.37,35.41
MPLADS-2523,Rajasthan,RAJYA_SABHA,Sanitation,32153860.77,30126395.63,338,428,100.0,CTR-135,12,34,1.3056,0.6503,PLAIN,2025,47104846.71,85.51
MPLADS-2524,Gujarat,LOK_SABHA,Sanitation,45718596.6,41992577.89,218,218,100.0,CTR-064,15,27,1.0073,1.0,DESERT,2025,54565541.83,103.32
MPLADS-2525,Puducherry,LOK_SABHA,Other Public Assets,14051721.43,13086427.04,219,261,100.0,CTR-149,13,37,1.3155,0.3019,HILLY,2025,22735109.33,96.18
MPLADS-2526,Lakshadweep,LOK_SABHA,Community Halls,43803726.19,40772475.26,290,175,61.53,CTR-064,15,27,1.1687,0.8668,COASTAL,2024,60924901.81,105.54
MPLADS-2527,Meghalaya,LOK_SABHA,Roads,49000156.33,39550153.04,479,109,0.0,CTR-136,4,95,1.2017,1.0,DESERT,2025,60694100.99,133.96
MPLADS-2528,Karnataka,LOK_SABHA,Sports Infrastructure,2765322.13,2306461.91,431,561,100.0,CTR-067,14,74,1.3138,0.8534,HILLY,2023,4098254.26,135.74
MPLADS-2529,Odisha,LOK_SABHA,Bridges,9340903.31,9764151.8,247,275,100.0,CTR-161,15,56,1.1022,0.6251,DESERT,2024,13798801.11,110.5
MPLADS-2530,Goa,LOK_SABHA,Healthcare,27310571.85,24963680.42,532,105,15.78,CTR-122,10,80,0.9725,0.7386,PLAIN,2025,27598837.45,105.59
MPLADS-2531,Arunachal Pradesh,LOK_SABHA,Healthcare,15152176.05,15769942.44,194,79,50.85,CTR-090,13,38,1.166,0.6819,HILLY,2023,24444783.81,95.79
MPLADS-2532,Kerala,LOK_SABHA,Electrification,1086419.79,1072197.44,506,301,70.23,CTR-082,6,95,1.1092,0.5514,PLAIN,2023,1348065.24,60.64
MPLADS-2533,Uttar Pradesh,RAJYA_SABHA,Electrification,27124190.52,27910540.93,449,279,29.8,CTR-092,12,57,0.9686,1.0,HILLY,2025,35436355.19,152.23
MPLADS-2534,Lakshadweep,LOK_SABHA,Education,45839452.3,45872836.85,447,660,100.0,CTR-176,7,50,1.2007,0.6653,COASTAL,2024,69041433.69,74.74
MPLADS-2535,Haryana,LOK_SABHA,Sanitation,33471049.32,31750300.87,141,120,67.33,CTR-044,5,10,0.9629,0.1159,PLAIN,2023,31418958.55,30.51
MPLADS-2536,Chhattisgarh,LOK_SABHA,Bridges,31798498.03,30068009.47,108,46,49.24,CTR-019,13,0,1.2106,0.908,PLAIN,2024,44498985.19,58.68
MPLADS-2537,Lakshadweep,LOK_SABHA,Electrification,1631737.19,1485527.98,172,173,100.0,CTR-026,10,25,1.0554,0.0796,COASTAL,2023,1799135.22,46.91
MPLADS-2538,Assam,LOK_SABHA,Education,9967401.71,9699102.86,512,5,0.0,CTR-193,9,87,1.0649,0.3678,HILLY,2025,13190531.25,111.86
MPLADS-2539,Assam,LOK_SABHA,Education,18583124.06,17817398.78,435,305,61.55,CTR-156,10,92,0.9648,0.2136,PLAIN,2023,18156488.3,107.97
MPLADS-2540,Chhattisgarh,LOK_SABHA,Drinking Water,29474375.99,24782567.25,266,42,46.26,CTR-131,9,54,1.2906,0.0664,COASTAL,2023,39898060.31,76.3
MPLADS-2541,Himachal Pradesh,LOK_SABHA,Sports Infrastructure,16728987.96,15932222.0,453,442,100.0,CTR-171,1,61,1.3035,0.7257,HILLY,2023,28070137.03,51.97
MPLADS-2542,Madhya Pradesh,LOK_SABHA,Drinking Water,34654170.75,32804780.73,152,200,96.58,CTR-173,12,41,1.1554,0.4481,PLAIN,2024,44601309.38,98.05
MPLADS-2543,West Bengal,LOK_SABHA,Drinking Water,22793356.91,20320124.4,370,22,16.57,CTR-134,8,74,1.2676,0.5455,PLAIN,2024,30715638.8,52.94
MPLADS-2544,Uttar Pradesh,LOK_SABHA,Community Halls,8518460.89,8842072.76,221,189,90.06,CTR-012,15,62,0.9641,0.531,DESERT,2025,10648555.26,104.84
MPLADS-2545,Arunachal Pradesh,RAJYA_SABHA,Electrification,5431566.46,5180979.66,506,172,41.3,CTR-071,12,52,1.2134,0.3254,DESERT,2023,8135307.34,104.92
MPLADS-2546,Uttarakhand,RAJYA_SABHA,Roads,7196658.34,5800236.44,241,93,38.25,CTR-158,8,47,1.348,0.8205,HILLY,2024,10553874.99,74.1
MPLADS-2547,Chandigarh,RAJYA_SABHA,Education,14818418.0,15504596.92,179,66,51.68,CTR-189,3,27,1.0037,0.3044,HILLY,2024,19056270.63,59.1
MPLADS-2548,Goa,LOK_SABHA,Education,26026383.76,20993992.1,414,378,74.9,CTR-045,1,78,1.1155,0.4093,COASTAL,2024,27600439.34,61.48
MPLADS-2549,Puducherry,LOK_SABHA,Roads,17652257.5,18408263.92,166,41,25.7,CTR-179,14,0,1.0202,0.7586,PLAIN,2024,20162667.66,87.05
MPLADS-2550,Karnataka,LOK_SABHA,Healthcare,32480198.99,29828345.55,529,364,67.7,CTR-071,12,78,1.0922,0.7989,HILLY,2024,43138739.97,160.76
MPLADS-2551,Himachal Pradesh,RAJYA_SABHA,Electrification,12996198.71,12823660.61,213,204,91.02,CTR-033,1,27,1.2857,0.3851,HILLY,2025,22467500.81,61.95
MPLADS-2552,Sikkim,RAJYA_SABHA,Roads,20601917.28,17228565.26,143,22,38.9,CTR-090,13,0,1.1585,0.3704,HILLY,2025,27455395.99,91.72
MPLADS-2553,Chandigarh,LOK_SABHA,Healthcare,16683571.68,14697907.25,109,135,93.24,CTR-075,10,50,0.9864,0.213,PLAIN,2024,16018184.85,80.46
MPLADS-2554,Haryana,LOK_SABHA,Sanitation,13162160.53,12747790.54,176,206,100.0,CTR-111,4,41,1.2021,0.8589,HILLY,2024,20510073.5,107.94
MPLADS-2555,Chhattisgarh,LOK_SABHA,Healthcare,24853596.26,20519483.73,176,135,68.31,CTR-144,6,57,1.186,0.9654,PLAIN,2023,28771616.18,88.76
MPLADS-2556,Tripura,LOK_SABHA,Drinking Water,45363365.59,42928725.81,190,85,41.78,CTR-184,11,47,1.1276,1.0,DESERT,2024,62208357.33,134.02
MPLADS-2557,Uttarakhand,RAJYA_SABHA,Bridges,3644622.18,3792185.2,418,589,98.22,CTR-026,10,70,1.033,1.0,HILLY,2025,5345335.4,129.32
MPLADS-2558,Nagaland,RAJYA_SABHA,Healthcare,8497127.45,7181216.49,326,373,100.0,CTR-085,10,38,1.2576,0.2854,HILLY,2023,11635106.49,99.86
MPLADS-2559,West Bengal,LOK_SABHA,Drinking Water,7109033.2,6572067.76,260,185,51.91,CTR-033,1,34,1.1483,0.4959,COASTAL,2023,8573783.65,64.74
MPLADS-2560,Karnataka,LOK_SABHA,Other Public Assets,48727857.25,50279873.16,511,337,50.43,CTR-022,5,75,1.1015,0.7967,COASTAL,2024,70097963.65,123.68
MPLADS-2561,Madhya Pradesh,LOK_SABHA,Healthcare,11853359.01,10476004.79,143,136,100.0,CTR-068,5,59,1.1652,0.4488,PLAIN,2025,13834852.47,63.66
MPLADS-2562,Puducherry,LOK_SABHA,Community Halls,33498441.88,32326377.88,146,160,100.0,CTR-054,7,0,0.9659,1.0,DESERT,2024,37257203.4,71.65
MPLADS-2563,Uttarakhand,LOK_SABHA,Sanitation,5371267.92,5164706.44,193,198,79.89,CTR-034,8,65,1.0233,0.4393,PLAIN,2025,5795763.99,72.52
MPLADS-2564,Ladakh,LOK_SABHA,Electrification,18905051.23,17778645.01,352,522,100.0,CTR-011,8,14,1.1867,0.7901,DESERT,2025,26938408.74,72.43
MPLADS-2565,Ladakh,LOK_SABHA,Drinking Water,3724921.11,3820473.47,353,277,79.39,CTR-036,1,12,1.0676,0.4122,HILLY,2025,4892996.43,40.82
MPLADS-2566,Jharkhand,RAJYA_SABHA,Bridges,7906569.92,7010847.48,451,563,100.0,CTR-067,14,66,0.9667,0.3485,HILLY,2025,8773927.93,123.61
MPLADS-2567,Maharashtra,RAJYA_SABHA,Education,28067182.25,22743885.16,242,0,0.0,CTR-046,15,89,1.256,0.5537,DESERT,2024,37436957.98,95.54
MPLADS-2568,Karnataka,LOK_SABHA,Healthcare,6169280.59,5771816.3,144,187,100.0,CTR-042,12,0,1.239,0.943,PLAIN,2024,8580379.05,60.97
MPLADS-2569,Bihar,RAJYA_SABHA,Electrification,21315304.95,18947135.16,534,538,100.0,CTR-179,14,63,1.3069,0.7767,HILLY,2023,34121858.09,120.58
MPLADS-2570,Tamil Nadu,RAJYA_SABHA,Sanitation,18588124.9,16041063.22,485,527,75.03,CTR-080,10,48,1.0869,0.9567,COASTAL,2024,21694091.67,101.46
MPLADS-2571,Tripura,LOK_SABHA,Sports Infrastructure,31275579.35,31863265.89,246,227,100.0,CTR-094,6,23,1.2383,0.5718,DESERT,2024,49291782.65,53.21
MPLADS-2572,Uttar Pradesh,LOK_SABHA,Community Halls,12889037.45,13244801.38,504,648,78.98,CTR-076,7,60,1.1051,0.6148,PLAIN,2024,16839050.92,103.03
MPLADS-2573,Jammu and Kashmir,LOK_SABHA,Bridges,15717128.08,15556369.44,342,455,100.0,CTR-096,4,38,1.114,1.0,HILLY,2024,22314649.17,83.64
MPLADS-2574,Delhi,LOK_SABHA,Other Public Assets,17981092.63,14457554.45,398,19,0.0,CTR-197,5,40,0.9659,1.0,HILLY,2025,18524410.93,108.62
MPLADS-2575,Mizoram,LOK_SABHA,Bridges,27639505.77,22753679.95,128,83,67.29,CTR-163,6,35,1.059,0.0675,PLAIN,2024,26002926.3,41.22
MPLADS-2576,Madhya Pradesh,LOK_SABHA,Healthcare,21893923.43,17597507.93,381,312,96.28,CTR-176,7,50,1.1436,0.2511,PLAIN,2025,22399538.45,86.68
MPLADS-2577,Sikkim,LOK_SABHA,Bridges,14710671.98,12992452.62,309,85,26.85,CTR-017,8,37,1.227,0.7143,HILLY,2025,21679481.36,110.33
MPLADS-2578,Lakshadweep,RAJYA_SABHA,Other Public Assets,45069670.58,40016399.1,130,157,100.0,CTR-148,3,24,1.1942,0.9627,COASTAL,2025,57856296.31,71.21
MPLADS-2579,Chandigarh,LOK_SABHA,Education,32804894.77,33240687.36,499,118,36.98,CTR-105,12,48,1.1179,0.1086,PLAIN,2023,42384926.27,78.38
MPLADS-2580,Bihar,RAJYA_SABHA,Drinking Water,20716526.36,18037718.4,428,578,85.47,CTR-150,0,71,0.9574,0.7301,COASTAL,2023,20389828.79,100.81
MPLADS-2581,Puducherry,RAJYA_SABHA,Electrification,27844887.45,25994856.24,272,36,33.62,CTR-040,10,51,0.9959,0.0099,PLAIN,2024,27370457.56,75.7
MPLADS-2582,Jharkhand,LOK_SABHA,Sanitation,22312983.93,18901637.71,238,250,100.0,CTR-116,9,29,1.2939,0.4087,HILLY,2024,31844784.19,84.42
MPLADS-2583,Ladakh,RAJYA_SABHA,Community Halls,14303263.78,14185079.9,274,350,100.0,CTR-105,12,6,1.2415,0.6436,DESERT,2025,23355528.2,86.89
MPLADS-2584,Ladakh,LOK_SABHA,Other Public Assets,31858925.99,32353652.44,246,251,100.0,CTR-170,0,3,1.1288,0.8915,HILLY,2025,46999227.16,92.88
MPLADS-2585,Arunachal Pradesh,LOK_SABHA,Sanitation,4674981.87,4028586.53,317,165,40.33,CTR-126,9,47,1.2774,0.4673,HILLY,2024,6802161.63,101.0
MPLADS-2586,Dadra and Nagar Haveli and Daman and Diu,LOK_SABHA,Drinking Water,37990337.09,35783606.04,439,89,25.63,CTR-171,1,54,1.0334,0.6423,COASTAL,2024,43788628.18,50.67
MPLADS-2587,Bihar,LOK_SABHA,Electrification,6848336.75,5635288.95,200,246,100.0,CTR-096,4,75,1.218,0.2725,PLAIN,2024,7615434.29,53.3
MPLADS-2588,Tripura,LOK_SABHA,Education,49290142.75,42878067.74,406,451,83.25,CTR-127,1,50,1.0712,0.0432,PLAIN,2023,46989961.99,40.12
MPLADS-2589,Haryana,RAJYA_SABHA,Sports Infrastructure,22887262.67,22088446.85,113,136,100.0,CTR-082,6,28,1.2271,0.6324,PLAIN,2023,31906924.7,51.42
MPLADS-2590,Ladakh,RAJYA_SABHA,Electrification,9420200.75,7639253.19,520,314,66.29,CTR-135,12,14,0.9573,0.8045,HILLY,2024,9544765.41,84.07
MPLADS-2591,Puducherry,RAJYA_SABHA,Sanitation,45893171.62,46715892.68,338,180,55.45,CTR-146,13,50,1.1815,0.7482,PLAIN,2023,67237904.46,82.76
MPLADS-2592,Uttar Pradesh,LOK_SABHA,Sanitation,5833331.75,5287844.62,478,472,93.88,CTR-167,5,64,1.0955,0.8133,PLAIN,2025,6596453.0,103.36
MPLADS-2593,Goa,RAJYA_SABHA,Roads,42232498.72,38829118.38,125,124,66.75,CTR-049,10,69,1.2381,0.4672,PLAIN,2024,58833774.5,115.49
MPLADS-2594,Telangana,LOK_SABHA,Education,34293959.05,29617767.41,322,128,17.72,CTR-082,6,40,1.1011,0.3957,PLAIN,2025,35612057.45,51.66
MPLADS-2595,Delhi,LOK_SABHA,Other Public Assets,19192510.3,16130348.28,269,99,31.15,CTR-134,8,44,1.0015,0.7309,COASTAL,2025,18984014.42,74.83
MPLADS-2596,Chhattisgarh,RAJYA_SABHA,Community Halls,23701577.99,21631133.2,535,736,75.63,CTR-185,7,55,1.2652,0.5503,PLAIN,2023,32530816.08,66.67
MPLADS-2597,Meghalaya,RAJYA_SABHA,Bridges,15122933.69,15522378.46,497,156,51.71,CTR-031,7,92,1.0246,1.0,HILLY,2023,20772072.38,136.3
MPLADS-2598,Puducherry,RAJYA_SABHA,Community Halls,16431567.76,15214824.02,267,369,100.0,CTR-115,8,49,1.2747,0.9707,HILLY,2024,25750625.77,100.47
MPLADS-2599,Maharashtra,RAJYA_SABHA,Drinking Water,35506889.34,37021878.48,482,528,98.8,CTR-061,14,80,1.2423,0.7458,PLAIN,2025,56548753.11,115.61
MPLADS-2600,Arunachal Pradesh,RAJYA_SABHA,Other Public Assets,44383234.5,37712983.13,230,192,88.85,CTR-097,3,49,0.9916,0.7067,PLAIN,2025,41816211.1,56.68
MPLADS-2601,Tamil Nadu,RAJYA_SABHA,Other Public Assets,39575778.08,39962018.29,369,396,86.65,CTR-131,9,49,1.1115,0.8117,PLAIN,2023,51884675.24,80.77
MPLADS-2602,Rajasthan,RAJYA_SABHA,Drinking Water,2929923.12,2665395.17,350,220,72.05,CTR-136,4,34,1.0693,0.3668,DESERT,2025,3377357.87,36.89
MPLADS-2603,Mizoram,RAJYA_SABHA,Drinking Water,30667610.48,25846886.86,529,19,9.16,CTR-197,5,52,1.21,0.7682,HILLY,2023,41679338.68,97.14
MPLADS-2604,Lakshadweep,LOK_SABHA,Other Public Assets,1274963.27,1093942.88,376,367,100.0,CTR-027,6,50,1.1756,0.079,COASTAL,2025,1503481.23,52.66
MPLADS-2605,Andhra Pradesh,LOK_SABHA,Bridges,32962072.45,28823392.18,348,169,24.75,CTR-117,0,67,1.0533,0.2266,PLAIN,2024,31844588.1,72.31
MPLADS-2606,Delhi,RAJYA_SABHA,Sports Infrastructure,10767937.61,9431416.05,481,668,100.0,CTR-079,9,38,0.9835,0.9209,PLAIN,2025,10350595.79,88.74
MPLADS-2607,Meghalaya,LOK_SABHA,Bridges,49210187.31,40557752.29,279,152,40.55,CTR-196,1,46,1.0846,0.3706,HILLY,2023,52881768.43,92.72
MPLADS-2608,Tripura,LOK_SABHA,Roads,27562541.58,22349360.45,468,171,24.7,CTR-082,6,44,1.2802,0.3637,PLAIN,2023,32845125.41,74.32
MPLADS-2609,Sikkim,LOK_SABHA,Healthcare,7119792.2,7312103.95,129,1,16.03,CTR-129,9,14,1.1395,0.7886,HILLY,2024,11009622.77,86.84
MPLADS-2610,Himachal Pradesh,LOK_SABHA,Drinking Water,18888645.08,18301853.74,105,106,75.5,CTR-042,12,32,1.1419,0.8475,HILLY,2025,28620849.61,98.08
MPLADS-2611,Mizoram,LOK_SABHA,Healthcare,20370613.53,18404174.79,438,539,96.66,CTR-198,1,49,1.164,0.5223,HILLY,2023,27308144.96,93.71
MPLADS-2612,Himachal Pradesh,RAJYA_SABHA,Drinking Water,3666312.53,3531729.58,296,197,61.55,CTR-002,12,53,1.2799,1.0,HILLY,2023,6551537.95,128.03
MPLADS-2613,Andhra Pradesh,RAJYA_SABHA,Sports Infrastructure,5885447.56,5677494.06,450,405,82.01,CTR-092,12,65,0.9933,0.1735,PLAIN,2024,6031630.24,74.99
MPLADS-2614,Andhra Pradesh,LOK_SABHA,Other Public Assets,42212340.99,37603685.75,374,39,8.41,CTR-099,10,63,1.1842,0.0433,PLAIN,2025,50285366.47,65.66
MPLADS-2615,Karnataka,LOK_SABHA,Other Public Assets,31669137.15,27089522.01,357,371,100.0,CTR-115,8,74,1.0239,0.6409,HILLY,2025,36231949.72,141.44
MPLADS-2616,Dadra and Nagar Haveli and Daman and Diu,LOK_SABHA,Community Halls,40143121.71,39599841.58,520,152,54.23,CTR-195,15,48,1.2382,0.048,PLAIN,2024,55387650.4,78.07
MPLADS-2617,Lakshadweep,RAJYA_SABHA,Community Halls,24011960.23,21458789.16,112,100,85.59,CTR-072,3,47,1.2547,0.784,COASTAL,2024,33787110.35,112.54
MPLADS-2618,Odisha,LOK_SABHA,Electrification,5910657.08,4957852.18,211,127,82.75,CTR-195,15,19,1.0367,1.0,HILLY,2025,6971160.96,105.39
MPLADS-2619,Himachal Pradesh,LOK_SABHA,Electrification,12662326.57,11533355.93,99,98,81.8,CTR-195,15,0,1.1997,0.5838,DESERT,2024,17945949.01,96.02
MPLADS-2620,Telangana,LOK_SABHA,Education,41248222.94,38361485.74,172,202,100.0,CTR-200,15,51,1.0007,1.0,DESERT,2023,48995907.68,105.11
MPLADS-2621,Maharashtra,LOK_SABHA,Sports Infrastructure,1792265.64,1638358.03,134,100,64.17,CTR-075,10,23,1.2528,0.9788,PLAIN,2023,2434842.59,75.02
MPLADS-2622,Sikkim,LOK_SABHA,Other Public Assets,8215398.83,8185645.28,540,518,80.98,CTR-157,2,51,1.0543,0.505,HILLY,2025,10803342.25,68.91
MPLADS-2623,Chhattisgarh,RAJYA_SABHA,Bridges,8211448.2,6930592.54,476,610,95.78,CTR-166,13,62,1.1286,0.2767,PLAIN,2024,8955378.57,82.74
MPLADS-2624,Tamil Nadu,LOK_SABHA,Community Halls,14490089.88,14069360.69,483,79,14.86,CTR-041,2,45,1.2016,0.0192,PLAIN,2023,18362014.35,31.52
MPLADS-2625,Kerala,LOK_SABHA,Drinking Water,7111891.27,6220575.26,425,209,51.49,CTR-166,13,89,1.1164,0.081,PLAIN,2025,7870090.96,101.0
MPLADS-2626,Punjab,RAJYA_SABHA,Other Public Assets,2993848.85,2708898.99,455,500,100.0,CTR-009,3,43,1.2555,0.9093,PLAIN,2025,4066688.25,70.12
MPLADS-2627,Assam,LOK_SABHA,Bridges,27531731.78,23108220.12,461,342,89.2,CTR-103,12,81,1.2289,0.9043,HILLY,2023,38637101.04,139.84
MPLADS-2628,West Bengal,LOK_SABHA,Drinking Water,8497949.38,8082635.69,471,272,47.29,CTR-155,6,68,1.2845,0.8247,PLAIN,2025,12723133.07,57.41
MPLADS-2629,Chandigarh,LOK_SABHA,Bridges,40800438.96,32931414.23,380,72,0.0,CTR-089,12,50,0.9812,0.8972,PLAIN,2024,36656959.04,82.83
MPLADS-2630,Jharkhand,LOK_SABHA,Education,44771597.37,36595813.15,93,0,0.0,CTR-186,7,0,1.3241,0.8012,PLAIN,2024,57577113.4,57.48
MPLADS-2631,Chandigarh,RAJYA_SABHA,Bridges,45130012.21,38295910.7,369,304,78.25,CTR-053,5,46,0.9814,0.8227,HILLY,2025,47503246.37,91.46
MPLADS-2632,Dadra and Nagar Haveli and Daman and Diu,LOK_SABHA,Bridges,36047449.67,31094541.61,391,438,94.9,CTR-077,5,47,1.0736,0.2625,HILLY,2024,43054027.36,70.0
MPLADS-2633,Madhya Pradesh,LOK_SABHA,Roads,49198563.58,42416307.67,92,21,14.53,CTR-184,11,12,1.0596,0.3104,HILLY,2024,58453621.25,73.13
MPLADS-2634,West Bengal,RAJYA_SABHA,Other Public Assets,20541305.72,17615346.39,126,178,93.54,CTR-058,2,54,1.1795,0.9653,DESERT,2023,26764538.99,75.52
MPLADS-2635,Gujarat,LOK_SABHA,Community Halls,35885935.3,36995239.21,230,198,77.18,CTR-140,6,46,1.3455,0.0857,PLAIN,2025,55832405.9,67.45
MPLADS-2636,Tripura,LOK_SABHA,Education,35391163.28,31638948.19,444,492,100.0,CTR-071,12,49,0.9534,0.2789,COASTAL,2024,35796258.46,71.62
MPLADS-2637,Tripura,RAJYA_SABHA,Sports Infrastructure,49208857.43,49635191.53,477,670,100.0,CTR-109,7,49,1.1171,0.6024,PLAIN,2023,66164903.91,104.05
MPLADS-2638,Tamil Nadu,LOK_SABHA,Electrification,34647567.65,33326814.35,111,145,77.76,CTR-005,6,0,1.0267,0.6426,COASTAL,2023,40075372.66,71.09
MPLADS-2639,Mizoram,RAJYA_SABHA,Healthcare,25132710.08,23207570.85,333,17,0.0,CTR-117,0,48,1.184,0.9353,HILLY,2025,37002449.17,68.6
MPLADS-2640,Jharkhand,RAJYA_SABHA,Electrification,24748906.25,22377725.57,540,664,100.0,CTR-108,10,60,1.0002,0.4202,COASTAL,2025,26691469.6,60.25
MPLADS-2641,Gujarat,RAJYA_SABHA,Sports Infrastructure,30643977.76,28699903.78,521,677,100.0,CTR-070,7,50,1.2054,0.1877,COASTAL,2025,41859958.73,71.84
MPLADS-2642,Puducherry,LOK_SABHA,Education,22127079.63,22451542.42,415,288,85.54,CTR-024,14,48,0.9579,0.418,DESERT,2024,27542680.76,133.31
MPLADS-2643,Maharashtra,LOK_SABHA,Education,29583949.3,23718639.93,227,116,41.08,CTR-195,15,0,1.0438,0.2465,PLAIN,2024,28372236.5,67.76
MPLADS-2644,Jammu and Kashmir,RAJYA_SABHA,Bridges,48734113.67,40062160.38,196,280,100.0,CTR-071,12,9,1.0928,0.4233,HILLY,2024,57989788.21,82.74
MPLADS-2645,Assam,LOK_SABHA,Bridges,37006453.05,29746131.86,372,0,0.0,CTR-191,10,87,1.1252,0.3881,HILLY,2024,44780673.65,106.79
MPLADS-2646,Jharkhand,LOK_SABHA,Sanitation,41062927.91,36162716.48,463,210,46.05,CTR-008,11,67,1.3026,1.0,HILLY,2023,65167807.48,130.63
MPLADS-2647,Chhattisgarh,LOK_SABHA,Community Halls,6454626.44,5232238.4,467,438,84.43,CTR-179,14,58,1.1998,0.3878,DESERT,2023,8015482.62,142.66
MPLADS-2648,Maharashtra,RAJYA_SABHA,Electrification,13018665.56,12862950.5,470,0,7.31,CTR-099,10,82,1.264,0.5381,HILLY,2023,21967834.5,87.18
MPLADS-2649,Tamil Nadu,LOK_SABHA,Bridges,16604011.51,16413306.53,490,641,63.9,CTR-024,14,50,1.0747,0.233,DESERT,2023,21863401.27,89.61
MPLADS-2650,Jharkhand,RAJYA_SABHA,Sports Infrastructure,10775128.11,9567560.53,365,307,80.08,CTR-090,13,67,1.2735,1.0,DESERT,2025,16311886.41,119.66
MPLADS-2651,Puducherry,RAJYA_SABHA,Healthcare,4770293.95,4399051.11,247,219,100.0,CTR-039,4,52,1.3172,0.2301,HILLY,2024,7549780.35,106.84
MPLADS-2652,Madhya Pradesh,RAJYA_SABHA,Bridges,25633015.38,25179772.05,508,202,44.43,CTR-018,2,53,1.3475,0.3961,PLAIN,2023,38274590.86,69.04
MPLADS-2653,Mizoram,RAJYA_SABHA,Sanitation,19657640.69,16734995.86,309,26,26.87,CTR-134,8,55,1.2586,0.2407,HILLY,2023,27281714.02,118.66
MPLADS-2654,Karnataka,RAJYA_SABHA,Sports Infrastructure,7029119.08,7343866.6,156,188,100.0,CTR-142,3,0,0.9819,1.0,DESERT,2025,8595534.39,56.99
MPLADS-2655,Tamil Nadu,RAJYA_SABHA,Community Halls,36893333.2,30550130.83,440,9,0.0,CTR-200,15,48,1.0454,0.1874,PLAIN,2024,36966838.4,90.8
MPLADS-2656,Goa,LOK_SABHA,Roads,11339584.39,9272857.16,223,205,91.73,CTR-004,7,24,1.268,0.3286,HILLY,2025,15168637.54,71.94
MPLADS-2657,Lakshadweep,LOK_SABHA,Bridges,28700712.57,27802683.28,534,170,33.38,CTR-114,7,53,1.0065,0.0489,COASTAL,2023,31298004.3,53.27
MPLADS-2658,Jharkhand,RAJYA_SABHA,Roads,47782149.09,47293049.48,375,226,64.7,CTR-051,12,65,1.0627,0.9746,PLAIN,2023,58881413.91,135.28
MPLADS-2659,Madhya Pradesh,LOK_SABHA,Other Public Assets,22438307.68,21360620.41,279,137,58.14,CTR-081,15,51,0.9708,0.5673,PLAIN,2025,23706821.63,82.14
MPLADS-2660,Arunachal Pradesh,RAJYA_SABHA,Sports Infrastructure,28152506.62,26207254.54,257,346,100.0,CTR-174,11,47,1.005,0.9142,HILLY,2024,34278185.33,112.06
MPLADS-2661,Lakshadweep,LOK_SABHA,Sanitation,45627505.54,43703430.42,437,330,74.72,CTR-187,2,52,1.0142,0.8277,COASTAL,2024,52555731.11,89.49
MPLADS-2662,Maharashtra,LOK_SABHA,Community Halls,41343830.33,33143624.68,135,180,96.24,CTR-043,11,35,0.9855,0.1845,PLAIN,2023,35628564.95,43.55
MPLADS-2663,Meghalaya,LOK_SABHA,Electrification,35406847.35,29391551.07,371,372,98.61,CTR-147,0,91,1.224,0.7973,HILLY,2023,46203785.54,110.06
MPLADS-2664,Tamil Nadu,RAJYA_SABHA,Electrification,44833532.9,36577944.48,216,123,50.45,CTR-147,0,49,1.2808,0.4411,DESERT,2023,59322185.66,63.81
MPLADS-2665,Punjab,LOK_SABHA,Sanitation,32801597.84,26381655.01,344,379,69.01,CTR-094,6,40,1.0752,0.4036,HILLY,2025,35365357.83,101.29
MPLADS-2666,Assam,LOK_SABHA,Drinking Water,6727261.24,5704130.58,505,129,28.92,CTR-016,12,93,1.0965,1.0,HILLY,2024,8435245.88,151.61
MPLADS-2667,Bihar,LOK_SABHA,Roads,37317426.57,30301149.64,376,323,99.54,CTR-182,2,69,1.2382,0.2117,PLAIN,2024,43171092.48,62.53
MPLADS-2668,Puducherry,RAJYA_SABHA,Roads,3403498.35,2849749.8,529,81,0.0,CTR-089,12,47,1.0101,0.2234,PLAIN,2024,3184827.11,66.53
MPLADS-2669,Meghalaya,LOK_SABHA,Sports Infrastructure,38191070.82,33731358.56,285,234,63.01,CTR-113,8,48,1.3077,0.3948,HILLY,2025,59522143.12,84.55
MPLADS-2670,Puducherry,RAJYA_SABHA,Community Halls,20602657.49,19283988.42,290,100,14.87,CTR-124,7,22,1.0939,0.3506,PLAIN,2024,24886387.2,44.96
MPLADS-2671,Himachal Pradesh,LOK_SABHA,Roads,11911365.96,12449516.12,196,193,100.0,CTR-030,7,59,0.9668,0.394,HILLY,2023,14865840.98,99.42
MPLADS-2672,Bihar,LOK_SABHA,Roads,48151968.66,45734088.25,199,244,99.28,CTR-046,15,0,1.0514,0.4098,PLAIN,2025,53847578.2,67.01
MPLADS-2673,Andhra Pradesh,LOK_SABHA,Community Halls,8558200.64,7456741.1,233,153,75.63,CTR-135,12,69,1.0273,0.8098,COASTAL,2024,9405103.57,88.89
MPLADS-2674,Bihar,LOK_SABHA,Drinking Water,28827910.5,26486563.19,339,393,96.77,CTR-168,2,75,1.031,0.7469,HILLY,2025,34915361.45,97.31
MPLADS-2675,Uttarakhand,RAJYA_SABHA,Electrification,6535161.92,6318125.85,151,208,98.47,CTR-155,6,18,1.1139,0.7018,DESERT,2024,8605729.19,61.84
MPLADS-2676,Nagaland,RAJYA_SABHA,Community Halls,16925320.21,14730069.5,482,218,15.09,CTR-090,13,47,1.3122,0.4568,DESERT,2024,24571277.22,90.41
MPLADS-2677,Lakshadweep,LOK_SABHA,Community Halls,29834876.91,28789836.03,420,317,77.03,CTR-061,14,51,1.3291,0.8672,COASTAL,2024,50181966.29,94.28
MPLADS-2678,Assam,LOK_SABHA,Drinking Water,11525929.03,10746255.42,443,105,49.77,CTR-156,10,86,1.09,0.9209,PLAIN,2023,14079617.94,133.72
MPLADS-2679,Kerala,LOK_SABHA,Bridges,39381617.28,40690695.52,317,118,37.57,CTR-041,2,60,1.0114,0.6494,PLAIN,2025,45707909.34,102.22
MPLADS-2680,Manipur,RAJYA_SABHA,Electrification,36922663.39,32945432.29,458,482,100.0,CTR-132,8,49,1.2826,1.0,DESERT,2024,55698178.56,90.76
MPLADS-2681,Assam,LOK_SABHA,Sanitation,48732961.23,39255646.73,220,42,30.47,CTR-022,5,0,1.1373,0.3853,PLAIN,2023,50222054.9,23.77
MPLADS-2682,Lakshadweep,LOK_SABHA,Electrification,25425684.66,23522675.81,392,298,57.78,CTR-182,2,51,1.1291,0.2556,COASTAL,2025,30670295.11,59.31
MPLADS-2683,Ladakh,RAJYA_SABHA,Other Public Assets,3720889.83,2987504.76,258,153,51.91,CTR-176,7,4,1.2634,0.5682,HILLY,2025,4981618.05,72.34
MPLADS-2684,Haryana,LOK_SABHA,Bridges,21155468.94,21795028.55,372,533,91.24,CTR-184,11,38,1.3201,0.7192,DESERT,2025,38831229.16,91.01
MPLADS-2685,Andhra Pradesh,RAJYA_SABHA,Electrification,1371471.29,1369420.62,274,189,66.75,CTR-121,7,50,1.3298,0.6704,PLAIN,2025,2168342.57,44.05
MPLADS-2686,Himachal Pradesh,LOK_SABHA,Bridges,38355370.37,39424698.87,274,56,0.0,CTR-009,3,59,1.1981,0.3128,DESERT,2025,56186159.97,91.05
MPLADS-2687,Chandigarh,LOK_SABHA,Sports Infrastructure,48806814.8,41968895.4,236,55,27.84,CTR-166,13,26,1.0089,0.2281,PLAIN,2025,46003941.7,67.85
MPLADS-2688,Arunachal Pradesh,LOK_SABHA,Community Halls,21229075.2,21528836.31,255,297,100.0,CTR-161,15,24,1.2384,1.0,HILLY,2025,36923452.32,112.67
MPLADS-2689,Assam,LOK_SABHA,Other Public Assets,48718157.96,40944781.67,518,274,60.98,CTR-083,2,88,1.2472,0.3151,DESERT,2025,62384129.55,58.03
MPLADS-2690,Himachal Pradesh,RAJYA_SABHA,Community Halls,24697564.11,20724709.85,493,258,27.19,CTR-025,12,56,1.251,0.8299,DESERT,2024,34182214.19,143.44
MPLADS-2691,Goa,LOK_SABHA,Electrification,35153092.49,31070156.52,214,162,84.31,CTR-091,6,40,1.1125,0.3129,PLAIN,2023,39505156.69,67.48
MPLADS-2692,Meghalaya,LOK_SABHA,Sports Infrastructure,12376009.71,12443353.12,410,411,83.53,CTR-189,3,88,1.0495,0.6063,HILLY,2023,17360430.0,127.31
MPLADS-2693,Himachal Pradesh,RAJYA_SABHA,Sanitation,33542695.53,35026509.47,435,281,54.93,CTR-071,12,57,1.3189,1.0,HILLY,2023,63093381.73,128.59
MPLADS-2694,Karnataka,LOK_SABHA,Other Public Assets,45913639.81,40831253.97,480,270,61.08,CTR-084,13,79,1.125,0.6315,DESERT,2025,58747786.32,118.0
MPLADS-2695,Manipur,RAJYA_SABHA,Healthcare,25693798.52,26534833.3,415,234,60.4,CTR-052,3,49,0.9769,0.2863,DESERT,2025,30869180.61,67.32
MPLADS-2696,Manipur,LOK_SABHA,Roads,15727796.69,13614414.63,198,28,0.0,CTR-062,11,14,1.0406,0.3629,HILLY,2024,17708759.86,105.58
MPLADS-2697,Kerala,LOK_SABHA,Drinking Water,30661785.31,24663155.14,238,98,53.39,CTR-035,14,88,1.3463,0.1786,PLAIN,2023,39095690.9,93.21
MPLADS-2698,Haryana,LOK_SABHA,Bridges,20876277.89,20458261.27,367,412,100.0,CTR-129,9,36,1.0129,0.363,DESERT,2024,25752450.86,73.83
MPLADS-2699,Odisha,RAJYA_SABHA,Community Halls,39117073.59,32852614.71,166,231,100.0,CTR-063,5,78,1.0171,0.6904,HILLY,2024,42582396.93,83.14
MPLADS-2700,Odisha,LOK_SABHA,Education,10927334.16,9825268.32,429,167,45.04,CTR-131,9,80,1.311,0.6694,HILLY,2024,17442347.92,134.74
MPLADS-2701,West Bengal,LOK_SABHA,Electrification,24367816.98,23386795.12,416,361,83.71,CTR-063,5,66,0.9676,0.7675,COASTAL,2024,26671316.95,65.19
MPLADS-2702,Andhra Pradesh,LOK_SABHA,Sports Infrastructure,47785390.48,42367377.11,199,45,0.0,CTR-160,12,66,1.1117,0.7554,HILLY,2024,63466710.91,120.6
MPLADS-2703,Chandigarh,LOK_SABHA,Sanitation,45375826.11,36386496.48,137,167,92.76,CTR-137,9,49,1.2992,0.439,PLAIN,2025,56768102.18,52.54
MPLADS-2704,Sikkim,LOK_SABHA,Drinking Water,13148256.63,13077332.52,280,185,61.27,CTR-072,3,34,1.3298,0.8015,PLAIN,2023,20091694.9,82.06
MPLADS-2705,Nagaland,LOK_SABHA,Drinking Water,23866127.24,24859835.89,534,373,77.45,CTR-028,13,52,1.1505,0.7584,HILLY,2023,38216594.39,123.03
MPLADS-2706,Uttarakhand,LOK_SABHA,Drinking Water,31631941.83,28907629.2,473,577,96.39,CTR-111,4,63,1.1223,0.9498,HILLY,2024,44096111.66,110.99
MPLADS-2707,Rajasthan,RAJYA_SABHA,Other Public Assets,11486914.88,10791954.97,272,111,12.7,CTR-017,8,31,1.1678,0.9328,DESERT,2025,16175782.65,91.5
MPLADS-2708,Andaman and Nicobar Islands,LOK_SABHA,Healthcare,36715379.72,37239029.62,540,492,100.0,CTR-035,14,51,1.1902,0.9746,COASTAL,2024,58358398.94,143.96
MPLADS-2709,Mizoram,LOK_SABHA,Bridges,28457298.56,24404117.87,385,149,43.67,CTR-070,7,52,1.3349,0.2591,PLAIN,2023,39115048.81,64.55
MPLADS-2710,Andaman and Nicobar Islands,RAJYA_SABHA,Healthcare,33820567.54,31110458.89,244,74,35.45,CTR-167,5,26,0.9826,0.6667,COASTAL,2023,35383596.71,65.96
MPLADS-2711,Dadra and Nagar Haveli and Daman and Diu,RAJYA_SABHA,Roads,14497959.34,14244405.22,283,79,18.87,CTR-098,10,46,1.1422,0.4757,PLAIN,2024,19486326.68,74.66
MPLADS-2712,Rajasthan,LOK_SABHA,Sanitation,42921116.7,37374808.81,359,347,91.33,CTR-074,2,30,1.1017,0.2351,DESERT,2023,49702479.75,52.01
MPLADS-2713,Arunachal Pradesh,RAJYA_SABHA,Healthcare,49946823.88,48053376.83,100,100,100.0,CTR-103,12,0,1.3213,0.282,HILLY,2023,83561042.74,55.66
MPLADS-2714,Chhattisgarh,LOK_SABHA,Drinking Water,25967254.45,25558474.29,526,573,100.0,CTR-025,12,66,1.0837,0.133,PLAIN,2024,30316545.44,70.77
MPLADS-2715,Punjab,LOK_SABHA,Other Public Assets,38510506.17,30809443.02,454,596,93.49,CTR-060,10,43,1.3285,0.5958,PLAIN,2023,49481265.06,85.32
MPLADS-2716,Goa,LOK_SABHA,Community Halls,13938635.47,11823779.18,101,59,47.41,CTR-061,14,45,0.9591,0.1756,PLAIN,2024,12145346.54,68.72
MPLADS-2717,Manipur,LOK_SABHA,Bridges,7909694.38,7446300.29,293,45,0.76,CTR-057,8,53,1.043,0.8469,HILLY,2025,9890633.56,104.45
MPLADS-2718,Rajasthan,LOK_SABHA,Bridges,7002118.62,5606242.91,200,39,22.58,CTR-187,2,8,1.3174,0.7423,PLAIN,2024,8308370.95,35.28
MPLADS-2719,Uttarakhand,LOK_SABHA,Sports Infrastructure,33588709.4,29480710.85,189,59,19.22,CTR-113,8,17,1.0907,0.7184,HILLY,2024,42306723.64,91.87
MPLADS-2720,Nagaland,LOK_SABHA,Bridges,38732488.43,40413354.27,160,46,27.31,CTR-076,7,21,1.0427,0.4345,HILLY,2024,52915153.05,51.85
MPLADS-2721,Meghalaya,RAJYA_SABHA,Drinking Water,46460462.1,39196203.51,125,58,51.52,CTR-033,1,52,1.3394,0.7349,DESERT,2024,64567822.6,55.67
MPLADS-2722,Andhra Pradesh,LOK_SABHA,Bridges,4548084.2,4593069.82,409,337,71.66,CTR-043,11,63,1.1576,0.3715,COASTAL,2024,6562779.83,95.13
MPLADS-2723,Telangana,LOK_SABHA,Sanitation,45572519.69,43874610.83,341,35,6.62,CTR-042,12,49,1.071,0.0278,PLAIN,2024,52644285.17,70.79
MPLADS-2724,Goa,RAJYA_SABHA,Bridges,11967919.79,11732209.02,265,169,64.34,CTR-021,8,42,1.1002,0.4799,COASTAL,2025,14513324.99,75.27
MPLADS-2725,Uttarakhand,RAJYA_SABHA,Sports Infrastructure,16128676.63,14808513.35,226,241,100.0,CTR-046,15,15,1.2492,0.9947,PLAIN,2023,23133618.4,96.75
MPLADS-2726,Kerala,RAJYA_SABHA,Healthcare,1276928.6,1080138.45,350,190,40.99,CTR-183,7,88,1.3068,1.0,HILLY,2024,1886556.34,118.36
MPLADS-2727,Arunachal Pradesh,LOK_SABHA,Sports Infrastructure,11730964.78,11654475.89,127,89,68.57,CTR-022,5,23,1.2803,0.4712,PLAIN,2024,16793169.27,54.12
MPLADS-2728,Haryana,RAJYA_SABHA,Healthcare,30222355.84,25411661.45,212,294,97.31,CTR-081,15,36,1.2134,0.5141,HILLY,2024,41527939.26,138.44
MPLADS-2729,Nagaland,RAJYA_SABHA,Roads,3539332.97,3706110.83,114,97,96.59,CTR-011,8,0,1.1352,1.0,HILLY,2023,5778015.56,87.6
MPLADS-2730,Uttar Pradesh,LOK_SABHA,Bridges,31663133.01,29481513.59,529,535,87.29,CTR-105,12,58,1.0971,0.9059,PLAIN,2025,38624006.55,106.83
MPLADS-2731,Telangana,LOK_SABHA,Sports Infrastructure,15988742.92,16251028.79,494,576,100.0,CTR-020,7,48,1.1054,0.7501,COASTAL,2024,22491656.77,70.59
MPLADS-2732,Assam,LOK_SABHA,Community Halls,34858324.73,35572560.56,408,536,100.0,CTR-138,0,93,1.0884,0.6248,DESERT,2025,47563127.34,107.67
MPLADS-2733,Punjab,LOK_SABHA,Sanitation,27030794.26,21645750.7,265,391,91.02,CTR-135,12,12,1.3485,0.8501,HILLY,2023,39913529.48,113.73
MPLADS-2734,Kerala,LOK_SABHA,Other Public Assets,22064467.48,21657093.74,387,220,82.88,CTR-063,5,88,1.1031,0.8217,COASTAL,2023,29186578.58,92.4
MPLADS-2735,Tamil Nadu,LOK_SABHA,Roads,37888280.18,35669291.21,537,705,98.02,CTR-034,8,48,1.2509,0.6275,HILLY,2025,57575617.5,97.25
MPLADS-2736,Delhi,LOK_SABHA,Bridges,43024302.81,34757659.97,367,417,76.55,CTR-004,7,40,1.0841,0.6232,COASTAL,2024,47087278.05,97.81
MPLADS-2737,Lakshadweep,RAJYA_SABHA,Healthcare,4035887.63,4027859.37,358,226,38.57,CTR-177,11,50,1.1389,0.5925,COASTAL,2024,5659147.4,106.73
MPLADS-2738,Gujarat,LOK_SABHA,Community Halls,17690825.79,15124740.07,464,685,92.03,CTR-195,15,46,1.1636,0.8361,DESERT,2023,23353789.42,154.21
MPLADS-2739,Bihar,RAJYA_SABHA,Healthcare,22697146.82,18265054.3,250,370,100.0,CTR-007,1,49,1.179,0.01,COASTAL,2024,25287820.69,37.81
MPLADS-2740,Gujarat,LOK_SABHA,Community Halls,7604432.75,7042830.6,248,71,34.79,CTR-117,0,13,1.2302,0.2151,PLAIN,2025,9664178.89,11.46
MPLADS-2741,Delhi,RAJYA_SABHA,Drinking Water,43408934.72,40094644.4,536,642,100.0,CTR-022,5,39,1.0602,0.6421,DESERT,2023,54216928.7,68.93
MPLADS-2742,Assam,LOK_SABHA,Healthcare,13756698.15,12695451.66,537,792,94.87,CTR-081,15,92,1.0666,0.4271,PLAIN,2023,15843623.09,125.45
MPLADS-2743,Karnataka,RAJYA_SABHA,Education,8389959.87,8030195.82,150,139,96.77,CTR-107,12,0,1.3066,0.735,PLAIN,2024,12852297.98,44.67
MPLADS-2744,Maharashtra,LOK_SABHA,Healthcare,35480843.64,30574963.23,289,207,89.77,CTR-137,9,82,1.1652,0.7522,PLAIN,2023,42560797.4,93.87
MPLADS-2745,Haryana,LOK_SABHA,Community Halls,10243878.75,9762883.26,185,54,23.9,CTR-094,6,40,1.3105,0.5401,HILLY,2025,17382929.7,74.96
MPLADS-2746,Goa,LOK_SABHA,Sports Infrastructure,15137286.81,12901154.03,469,367,66.32,CTR-184,11,86,1.126,0.1772,PLAIN,2025,16187271.66,91.71
MPLADS-2747,Uttarakhand,LOK_SABHA,Sanitation,6351562.61,5129409.09,426,493,100.0,CTR-098,10,69,0.9509,0.8281,HILLY,2024,6218975.73,129.75
MPLADS-2748,Nagaland,LOK_SABHA,Electrification,48521446.65,39351953.96,256,243,88.2,CTR-053,5,43,1.3148,0.2414,HILLY,2023,65558609.9,92.35
MPLADS-2749,Chhattisgarh,LOK_SABHA,Sanitation,40320762.02,40751986.9,176,42,4.41,CTR-176,7,17,1.1601,0.6415,PLAIN,2025,50376944.41,70.1
MPLADS-2750,Andhra Pradesh,LOK_SABHA,Healthcare,22308913.65,18304497.1,147,173,100.0,CTR-009,3,0,1.2082,0.9546,PLAIN,2023,26103762.68,38.31
MPLADS-2751,Haryana,LOK_SABHA,Healthcare,16247879.84,13256105.85,133,149,100.0,CTR-110,11,0,1.0261,0.7451,DESERT,2023,17908357.22,79.33
MPLADS-2752,Gujarat,RAJYA_SABHA,Bridges,45949319.38,42999416.03,458,631,100.0,CTR-079,9,49,1.1309,0.5621,DESERT,2024,63499531.12,98.28
MPLADS-2753,Delhi,LOK_SABHA,Healthcare,39267285.87,33755115.25,451,383,92.06,CTR-038,13,41,1.2378,0.6092,PLAIN,2025,50660136.87,71.81
MPLADS-2754,Mizoram,LOK_SABHA,Sanitation,27603245.01,23744973.55,252,252,99.51,CTR-065,6,52,1.0813,0.9184,HILLY,2023,33513295.41,80.86
MPLADS-2755,Madhya Pradesh,LOK_SABHA,Bridges,38303853.6,32015997.68,169,163,75.8,CTR-147,0,43,1.3215,0.8702,PLAIN,2023,48655348.58,78.56
MPLADS-2756,Uttarakhand,RAJYA_SABHA,Community Halls,5571571.21,4879063.38,446,582,94.92,CTR-022,5,69,1.1705,0.9097,HILLY,2023,7636087.27,119.33
MPLADS-2757,Meghalaya,LOK_SABHA,Electrification,12978512.68,10497795.37,234,32,12.7,CTR-096,4,48,1.0895,0.7187,DESERT,2023,14068894.19,59.6
MPLADS-2758,Dadra and Nagar Haveli and Daman and Diu,RAJYA_SABHA,Roads,22954236.33,20560770.91,393,185,76.06,CTR-091,6,49,1.1614,0.5239,PLAIN,2025,27336108.39,58.92
MPLADS-2759,Nagaland,LOK_SABHA,Community Halls,8778914.28,8306774.64,536,590,83.81,CTR-183,7,46,1.0021,0.6357,HILLY,2025,10561791.86,109.7
MPLADS-2760,Maharashtra,LOK_SABHA,Sports Infrastructure,35123098.73,29507914.5,193,237,98.99,CTR-105,12,22,1.0406,0.3118,COASTAL,2025,38296043.01,91.75
MPLADS-2761,Assam,RAJYA_SABHA,Sports Infrastructure,10741336.27,10338177.92,320,70,26.63,CTR-014,12,90,0.9955,0.6161,DESERT,2024,13235082.2,104.42
MPLADS-2762,Delhi,RAJYA_SABHA,Community Halls,2542817.76,2483270.64,107,1,6.62,CTR-009,3,0,1.1336,0.4497,COASTAL,2023,3445371.71,24.79
MPLADS-2763,Delhi,LOK_SABHA,Bridges,5988541.48,5673472.88,137,153,100.0,CTR-119,3,0,1.2897,0.7245,HILLY,2023,9611194.16,60.16
MPLADS-2764,Maharashtra,LOK_SABHA,Electrification,8282928.04,8139996.81,126,6,0.0,CTR-158,8,19,1.1588,0.9322,PLAIN,2023,11245985.56,67.19
MPLADS-2765,Manipur,RAJYA_SABHA,Healthcare,46431072.07,40024476.54,207,267,100.0,CTR-060,10,0,1.1694,0.4473,HILLY,2024,61142825.81,71.38
MPLADS-2766,Uttarakhand,LOK_SABHA,Community Halls,688817.35,695642.78,211,61,42.46,CTR-153,14,64,1.1616,0.9467,HILLY,2023,1078512.12,147.31
MPLADS-2767,Odisha,LOK_SABHA,Healthcare,21409792.32,18439048.71,386,9,0.0,CTR-192,10,69,1.2986,0.3532,HILLY,2024,32710042.26,114.65
MPLADS-2768,Ladakh,LOK_SABHA,Electrification,26963545.65,24876770.3,433,350,91.7,CTR-163,6,14,0.9691,0.2535,HILLY,2024,30356480.01,48.39
MPLADS-2769,Lakshadweep,LOK_SABHA,Electrification,22771695.32,22553773.14,440,556,100.0,CTR-190,4,48,0.9828,0.9609,COASTAL,2023,26889113.77,56.97
MPLADS-2770,Uttarakhand,RAJYA_SABHA,Healthcare,40545405.74,36324405.33,322,381,100.0,CTR-123,10,52,1.2673,0.9063,PLAIN,2025,56705061.57,93.1
MPLADS-2771,Madhya Pradesh,LOK_SABHA,Electrification,43716201.98,37805157.98,455,662,100.0,CTR-150,0,50,1.0666,0.5446,PLAIN,2024,42552783.31,27.67
MPLADS-2772,Arunachal Pradesh,RAJYA_SABHA,Other Public Assets,25813572.63,22874688.36,400,291,87.96,CTR-145,15,47,1.0971,0.7377,HILLY,2024,33257295.75,133.09
MPLADS-2773,Odisha,LOK_SABHA,Community Halls,22747247.7,19406507.0,168,182,97.81,CTR-156,10,80,1.0944,0.6336,PLAIN,2025,25885478.6,85.9
MPLADS-2774,Madhya Pradesh,LOK_SABHA,Other Public Assets,2056061.99,2106944.79,408,308,69.12,CTR-143,4,58,1.0788,0.2258,DESERT,2023,2691604.26,51.19
MPLADS-2775,Chhattisgarh,RAJYA_SABHA,Community Halls,11482745.54,10467875.23,124,145,92.77,CTR-047,7,30,1.0136,0.068,PLAIN,2023,10935100.16,40.05
MPLADS-2776,Uttar Pradesh,LOK_SABHA,Education,24058806.12,23244089.58,401,227,32.76,CTR-148,3,57,1.1427,0.7989,PLAIN,2025,31077573.98,83.74
MPLADS-2777,Bihar,RAJYA_SABHA,Drinking Water,30617343.86,30097094.42,540,678,100.0,CTR-127,1,70,1.2715,0.9434,HILLY,2024,49964140.97,94.11
MPLADS-2778,Andhra Pradesh,LOK_SABHA,Sanitation,33163579.18,33689554.52,445,245,70.69,CTR-165,6,62,0.9504,0.4481,COASTAL,2023,36881028.17,79.74
MPLADS-2779,Delhi,RAJYA_SABHA,Education,20067618.83,17778788.9,254,96,50.38,CTR-185,7,40,1.0549,0.4827,PLAIN,2024,21419454.66,39.36
MPLADS-2780,Uttar Pradesh,RAJYA_SABHA,Sanitation,1111035.2,1133641.76,230,99,16.36,CTR-101,13,61,1.0289,0.9465,HILLY,2023,1581595.91,142.65
MPLADS-2781,Telangana,LOK_SABHA,Education,46974533.99,48093955.98,471,460,74.1,CTR-141,15,52,1.3033,0.4999,PLAIN,2023,76199929.03,97.01
MPLADS-2782,Bihar,LOK_SABHA,Roads,24533887.45,21985519.9,254,56,20.92,CTR-057,8,73,1.3401,0.3782,PLAIN,2025,35178914.46,55.74
MPLADS-2783,Bihar,LOK_SABHA,Drinking Water,3215387.55,2924918.52,97,14,10.0,CTR-198,1,0,1.2671,0.4295,COASTAL,2024,4445697.58,27.75
MPLADS-2784,Delhi,RAJYA_SABHA,Education,32634618.45,27665699.75,235,294,100.0,CTR-014,12,39,0.9839,0.76,HILLY,2025,34853905.55,120.94
MPLADS-2785,Madhya Pradesh,LOK_SABHA,Roads,11148484.4,10177906.17,222,292,82.21,CTR-069,1,53,1.2074,0.4076,PLAIN,2025,13951996.92,57.87
MPLADS-2786,Maharashtra,LOK_SABHA,Sanitation,47313851.32,39990168.76,203,68,61.39,CTR-086,11,79,1.077,0.1722,PLAIN,2024,47492657.26,86.34
MPLADS-2787,Tamil Nadu,LOK_SABHA,Healthcare,40001240.07,41689473.12,159,95,46.03,CTR-092,12,0,1.0165,0.0542,COASTAL,2024,52441407.38,96.86
MPLADS-2788,Nagaland,RAJYA_SABHA,Drinking Water,8153830.53,8308704.27,486,708,100.0,CTR-051,12,47,1.2648,0.5611,HILLY,2025,13742196.04,120.84
MPLADS-2789,Maharashtra,RAJYA_SABHA,Roads,6478489.26,6484334.25,184,85,39.74,CTR-138,0,23,1.2109,0.2658,COASTAL,2025,9278493.02,32.02
MPLADS-2790,Jharkhand,LOK_SABHA,Drinking Water,31648334.1,30597506.09,487,654,96.29,CTR-042,12,69,0.9855,0.7193,PLAIN,2023,33887917.13,88.9
MPLADS-2791,Punjab,LOK_SABHA,Bridges,9112237.84,8814872.93,441,247,53.87,CTR-195,15,42,1.2311,0.6922,HILLY,2024,14848987.13,139.22
MPLADS-2792,Karnataka,RAJYA_SABHA,Education,25910134.53,23563552.04,234,326,84.78,CTR-076,7,75,1.2846,0.606,PLAIN,2023,35351448.34,102.1
MPLADS-2793,Tamil Nadu,LOK_SABHA,Sanitation,43495096.83,35231977.51,316,312,97.57,CTR-161,15,52,1.2188,0.9303,COASTAL,2023,55435374.77,142.54
MPLADS-2794,Manipur,RAJYA_SABHA,Drinking Water,15744669.15,14897233.32,379,9,3.65,CTR-092,12,50,1.1635,1.0,HILLY,2023,23869988.84,120.75
MPLADS-2795,Dadra and Nagar Haveli and Daman and Diu,LOK_SABHA,Other Public Assets,43060273.47,38960016.51,435,527,97.84,CTR-190,4,50,1.0654,0.9716,PLAIN,2024,45659312.38,69.03
MPLADS-2796,Lakshadweep,LOK_SABHA,Electrification,49252504.27,49579740.01,103,141,100.0,CTR-087,1,27,1.1039,0.4644,COASTAL,2024,65901569.97,53.91
MPLADS-2797,Tamil Nadu,LOK_SABHA,Sanitation,11013335.72,11324299.81,223,209,100.0,CTR-193,9,49,0.9735,0.8641,COASTAL,2025,13473209.86,96.39
MPLADS-2798,Uttarakhand,RAJYA_SABHA,Community Halls,28733376.13,25903537.09,209,200,100.0,CTR-005,6,14,1.1322,0.7923,HILLY,2024,37637952.84,89.16
MPLADS-2799,Telangana,RAJYA_SABHA,Community Halls,47185725.6,43009672.26,527,170,60.32,CTR-159,8,53,0.9997,0.3568,PLAIN,2023,47348241.21,66.56
MPLADS-2800,Dadra and Nagar Haveli and Daman and Diu,LOK_SABHA,Sanitation,37402284.62,33868300.01,205,295,94.3,CTR-054,7,0,1.15,0.6662,PLAIN,2025,44464919.41,51.45
MPLADS-2801,Assam,LOK_SABHA,Drinking Water,6901557.86,6068810.35,169,14,0.0,CTR-046,15,0,1.2661,0.4567,COASTAL,2023,9516805.13,79.68
MPLADS-2802,Chhattisgarh,LOK_SABHA,Other Public Assets,36634919.8,37930856.48,394,276,65.05,CTR-018,2,63,1.0089,1.0,HILLY,2024,47169448.37,78.97
MPLADS-2803,Bihar,LOK_SABHA,Electrification,28935422.46,28200343.18,210,95,68.97,CTR-185,7,0,0.9758,0.5617,DESERT,2024,32212033.73,37.67
MPLADS-2804,Haryana,LOK_SABHA,Education,45055536.25,40450900.49,157,8,0.0,CTR-076,7,19,0.9596,0.0322,PLAIN,2025,39267382.75,24.49
MPLADS-2805,Gujarat,LOK_SABHA,Sports Infrastructure,36502521.14,33954096.58,496,406,69.33,CTR-023,2,52,1.1867,0.3816,COASTAL,2023,47502687.25,76.95
MPLADS-2806,Mizoram,LOK_SABHA,Drinking Water,28367654.59,27086547.86,457,86,2.66,CTR-012,15,50,1.0868,1.0,HILLY,2025,41019294.76,175.87
MPLADS-2807,Uttar Pradesh,RAJYA_SABHA,Bridges,42202175.67,43857702.85,377,265,57.32,CTR-106,12,54,1.2947,0.4871,DESERT,2024,73073990.53,103.18
MPLADS-2808,Meghalaya,RAJYA_SABHA,Sports Infrastructure,45583812.77,37903127.78,434,359,92.01,CTR-033,1,97,1.0857,0.5233,HILLY,2025,50690371.49,93.15
MPLADS-2809,Maharashtra,LOK_SABHA,Healthcare,10904170.09,9460513.77,163,74,52.81,CTR-124,7,0,1.2368,0.3004,PLAIN,2025,12923344.19,45.99
MPLADS-2810,Andaman and Nicobar Islands,RAJYA_SABHA,Drinking Water,31248605.14,29388658.9,278,228,90.43,CTR-061,14,50,1.1482,1.0,HILLY,2023,46666354.93,141.64
MPLADS-2811,Sikkim,RAJYA_SABHA,Roads,18331702.28,18902032.55,437,466,99.8,CTR-147,0,51,1.1747,1.0,HILLY,2023,29482208.16,84.62
MPLADS-2812,Haryana,LOK_SABHA,Sports Infrastructure,5602301.82,5117744.27,105,126,100.0,CTR-175,11,0,1.2333,0.2575,PLAIN,2024,7072855.19,55.38
MPLADS-2813,Telangana,LOK_SABHA,Education,49773060.21,51895848.12,388,40,14.32,CTR-094,6,51,1.2914,0.6721,PLAIN,2025,77829685.04,77.01
MPLADS-2814,Lakshadweep,LOK_SABHA,Community Halls,22790698.8,19274587.57,306,10,2.54,CTR-031,7,49,1.2015,0.0426,COASTAL,2023,27315492.5,72.47
MPLADS-2815,Assam,LOK_SABHA,Healthcare,7323075.21,5924362.82,263,104,18.59,CTR-132,8,41,0.9538,0.6634,HILLY,2023,7150152.6,126.87
MPLADS-2816,Madhya Pradesh,RAJYA_SABHA,Bridges,22957334.13,23737214.72,135,179,100.0,CTR-030,7,12,1.0984,0.7434,PLAIN,2025,28920197.64,40.45
MPLADS-2817,Telangana,LOK_SABHA,Healthcare,21971743.35,19506508.34,314,222,67.75,CTR-010,1,41,1.1058,1.0,HILLY,2024,27588985.07,100.03
MPLADS-2818,Lakshadweep,LOK_SABHA,Education,23812021.36,19300712.74,103,124,100.0,CTR-080,10,49,1.2728,0.4362,COASTAL,2023,29789488.15,95.24
MPLADS-2819,Karnataka,RAJYA_SABHA,Sports Infrastructure,28984349.23,28969715.58,104,73,51.65,CTR-049,10,56,1.1211,0.6606,PLAIN,2025,37146087.2,89.5
MPLADS-2820,Telangana,LOK_SABHA,Education,40939935.22,34413774.33,445,428,78.77,CTR-026,10,43,1.2521,0.3977,PLAIN,2023,51222434.6,94.43
MPLADS-2821,Manipur,LOK_SABHA,Other Public Assets,38253921.82,38687886.32,405,50,7.71,CTR-014,12,44,1.2353,0.4033,PLAIN,2023,56134486.47,73.83
MPLADS-2822,West Bengal,LOK_SABHA,Drinking Water,43599279.73,38784787.52,384,308,64.12,CTR-170,0,69,1.2912,0.7685,PLAIN,2024,59101132.16,72.52
MPLADS-2823,Nagaland,LOK_SABHA,Community Halls,3478554.33,3368365.95,271,200,97.04,CTR-114,7,48,1.3136,0.2254,HILLY,2024,5788110.11,73.6
MPLADS-2824,Kerala,LOK_SABHA,Other Public Assets,5496915.41,4457740.42,396,586,100.0,CTR-050,12,88,0.9692,0.1079,COASTAL,2025,5147954.68,122.82
MPLADS-2825,Andaman and Nicobar Islands,RAJYA_SABHA,Community Halls,36834140.3,31058086.54,373,167,45.78,CTR-113,8,50,1.3358,0.5095,COASTAL,2024,51055134.26,105.85
MPLADS-2826,West Bengal,RAJYA_SABHA,Roads,1058922.8,849735.96,165,242,95.68,CTR-175,11,77,1.2782,0.0376,COASTAL,2024,1357602.38,77.2
MPLADS-2827,Karnataka,RAJYA_SABHA,Drinking Water,40902749.78,41053175.92,283,138,32.26,CTR-036,1,58,1.2451,0.242,PLAIN,2024,58618335.52,37.36
MPLADS-2828,Kerala,LOK_SABHA,Other Public Assets,32601451.75,31265523.09,175,234,94.81,CTR-143,4,22,1.1763,0.766,PLAIN,2025,40557679.86,49.16
MPLADS-2829,Jammu and Kashmir,LOK_SABHA,Electrification,28614481.22,23563631.1,271,380,100.0,CTR-130,10,20,1.0628,0.9898,HILLY,2024,32879758.17,110.91
MPLADS-2830,Madhya Pradesh,LOK_SABHA,Electrification,18393197.07,16880520.19,143,178,80.94,CTR-068,5,37,1.0157,0.9664,PLAIN,2023,19392530.97,76.35
MPLADS-2831,Punjab,RAJYA_SABHA,Community Halls,26865577.09,26648712.36,329,178,57.07,CTR-133,1,42,1.1118,0.3306,PLAIN,2024,31544630.15,46.38
MPLADS-2832,West Bengal,LOK_SABHA,Sanitation,44318312.82,44111978.11,252,257,96.33,CTR-188,6,49,1.0378,1.0,DESERT,2025,56651739.07,108.23
MPLADS-2833,Andaman and Nicobar Islands,LOK_SABHA,Drinking Water,45374818.46,40826540.2,509,351,78.1,CTR-036,1,46,1.2143,0.8893,COASTAL,2023,61514115.26,83.28
MPLADS-2834,Haryana,RAJYA_SABHA,Drinking Water,41962796.84,41348527.99,486,458,88.21,CTR-012,15,40,0.9685,0.7178,PLAIN,2025,48511076.6,74.41
MPLADS-2835,Jammu and Kashmir,RAJYA_SABHA,Electrification,21943464.76,19619411.75,340,487,100.0,CTR-106,12,40,1.2568,0.2968,HILLY,2024,33164466.72,90.87
MPLADS-2836,Andaman and Nicobar Islands,RAJYA_SABHA,Sanitation,43483392.71,39109674.43,284,273,86.86,CTR-031,7,24,1.0951,0.7026,COASTAL,2024,53213377.21,75.51
MPLADS-2837,Maharashtra,LOK_SABHA,Electrification,49291554.68,50210610.58,451,604,100.0,CTR-033,1,81,1.1734,0.2829,COASTAL,2023,67888034.23,56.07
MPLADS-2838,Gujarat,LOK_SABHA,Education,6926463.82,6807756.42,488,725,100.0,CTR-192,10,46,1.1468,0.8446,COASTAL,2024,9479302.81,87.78
MPLADS-2839,Chandigarh,RAJYA_SABHA,Education,49152045.09,40262517.69,539,26,19.66,CTR-055,7,49,1.0562,0.8905,PLAIN,2023,46929270.24,69.48
MPLADS-2840,Meghalaya,RAJYA_SABHA,Education,19340350.7,17387017.43,486,54,20.28,CTR-008,11,98,1.0947,0.0053,PLAIN,2024,20755691.69,94.41
MPLADS-2841,Andaman and Nicobar Islands,LOK_SABHA,Electrification,35340848.84,34969109.68,169,104,42.15,CTR-168,2,48,1.2095,0.3999,COASTAL,2025,51405417.23,52.09
MPLADS-2842,Lakshadweep,RAJYA_SABHA,Sports Infrastructure,11627963.12,11855456.39,339,49,21.58,CTR-091,6,52,1.1894,0.2152,COASTAL,2025,17072458.7,47.07
MPLADS-2843,Puducherry,RAJYA_SABHA,Education,35093054.66,35077536.22,126,70,34.2,CTR-125,13,45,1.0216,0.3693,COASTAL,2024,40928219.07,77.97
MPLADS-2844,Goa,RAJYA_SABHA,Electrification,3521987.09,3647631.05,367,4,30.61,CTR-076,7,78,1.3025,0.6007,HILLY,2024,6535856.17,117.4
MPLADS-2845,Tamil Nadu,LOK_SABHA,Drinking Water,48560506.7,43869672.77,403,85,27.13,CTR-004,7,47,1.232,0.9752,COASTAL,2025,68813087.1,99.58
MPLADS-2846,Delhi,LOK_SABHA,Other Public Assets,14408323.85,12296974.67,249,286,100.0,CTR-009,3,20,1.1389,0.5776,PLAIN,2025,15787402.9,37.03
MPLADS-2847,Lakshadweep,LOK_SABHA,Roads,32241950.73,28901647.61,353,459,74.26,CTR-163,6,45,1.3336,0.4177,COASTAL,2024,47112925.37,80.42
MPLADS-2848,Andaman and Nicobar Islands,LOK_SABHA,Drinking Water,7102343.33,5854106.64,476,448,77.8,CTR-123,10,53,1.0429,0.0951,COASTAL,2024,7024142.99,77.42
MPLADS-2849,Bihar,LOK_SABHA,Education,21276977.67,19126996.78,503,107,16.94,CTR-090,13,75,1.2179,0.7691,COASTAL,2023,29464558.95,148.37
MPLADS-2850,Madhya Pradesh,RAJYA_SABHA,Healthcare,19545311.68,20058104.85,386,74,42.93,CTR-062,11,57,1.2288,0.2229,COASTAL,2023,30464668.88,106.87
MPLADS-2851,Meghalaya,LOK_SABHA,Roads,40331701.1,32395691.87,392,278,44.94,CTR-075,10,82,1.0762,1.0,DESERT,2024,44201786.67,145.8
MPLADS-2852,Maharashtra,LOK_SABHA,Drinking Water,12676439.26,10844170.34,399,283,70.68,CTR-090,13,83,1.3401,0.6471,DESERT,2024,19099897.02,150.65
MPLADS-2853,Maharashtra,RAJYA_SABHA,Sports Infrastructure,9291594.69,7956405.2,482,502,84.72,CTR-086,11,84,0.9642,0.2794,PLAIN,2025,8164468.87,117.43
MPLADS-2854,Bihar,LOK_SABHA,Roads,23138907.34,22430828.13,312,159,62.36,CTR-166,13,50,1.2658,0.7997,HILLY,2023,37409792.46,134.43
MPLADS-2855,Jharkhand,LOK_SABHA,Sports Infrastructure,1129220.45,939017.22,401,27,14.98,CTR-111,4,69,1.2941,0.8717,DESERT,2024,1577337.9,91.67
MPLADS-2856,Telangana,LOK_SABHA,Drinking Water,38167979.19,35219899.43,487,317,68.5,CTR-009,3,46,0.9509,0.4167,DESERT,2024,38509843.59,53.81
MPLADS-2857,Madhya Pradesh,RAJYA_SABHA,Sanitation,29630270.97,24813201.36,335,132,29.85,CTR-065,6,54,1.301,0.4896,HILLY,2024,41878616.2,93.85
MPLADS-2858,Gujarat,RAJYA_SABHA,Community Halls,5541874.3,5351148.95,285,39,27.06,CTR-100,2,45,1.1483,0.4263,DESERT,2024,7604804.99,50.15
MPLADS-2859,Uttar Pradesh,LOK_SABHA,Other Public Assets,21894918.14,21977708.28,313,197,85.63,CTR-043,11,62,0.9968,0.8854,COASTAL,2025,26351098.52,104.04
MPLADS-2860,Jharkhand,LOK_SABHA,Bridges,31841048.04,30357870.57,277,205,63.53,CTR-018,2,65,1.3355,0.3714,PLAIN,2024,49121087.48,68.06
MPLADS-2861,Bihar,LOK_SABHA,Community Halls,39670129.68,36608068.34,288,30,1.67,CTR-165,6,36,1.2466,0.6219,HILLY,2025,61812652.54,104.74
MPLADS-2862,Puducherry,LOK_SABHA,Drinking Water,4548757.8,4451881.94,470,187,58.85,CTR-104,0,52,1.0472,0.6289,COASTAL,2025,5410926.45,62.07
MPLADS-2863,Andaman and Nicobar Islands,LOK_SABHA,Community Halls,18720548.19,16886905.13,423,356,72.71,CTR-159,8,49,1.1037,0.0368,COASTAL,2024,22188226.47,93.68
MPLADS-2864,Jharkhand,RAJYA_SABHA,Drinking Water,38035308.69,31114855.84,443,507,100.0,CTR-194,5,61,0.9926,0.5755,HILLY,2025,39863319.5,75.74
MPLADS-2865,Jharkhand,RAJYA_SABHA,Healthcare,33398524.33,35014278.8,127,48,38.52,CTR-064,15,0,1.0615,0.4052,PLAIN,2023,41833722.67,94.46
MPLADS-2866,Jammu and Kashmir,LOK_SABHA,Education,31024309.33,32236695.75,445,154,27.42,CTR-167,5,39,1.2495,0.841,HILLY,2023,53860714.06,113.48
MPLADS-2867,Andhra Pradesh,LOK_SABHA,Bridges,11697824.69,11218672.32,264,362,100.0,CTR-018,2,34,1.274,0.6359,PLAIN,2023,16315828.47,73.54
MPLADS-2868,Telangana,RAJYA_SABHA,Healthcare,25354210.11,25124063.5,208,210,93.34,CTR-001,1,0,1.3113,0.3434,HILLY,2023,42252312.3,45.16
MPLADS-2869,Jharkhand,RAJYA_SABHA,Bridges,39029452.19,37950922.66,490,88,9.07,CTR-161,15,70,1.2042,0.5206,PLAIN,2023,53438237.42,104.7
MPLADS-2870,Odisha,LOK_SABHA,Bridges,47357587.6,47541998.47,513,594,100.0,CTR-193,9,83,1.1935,0.0131,COASTAL,2024,66656845.74,65.36
MPLADS-2871,Maharashtra,RAJYA_SABHA,Electrification,46535110.65,46228724.36,218,38,40.98,CTR-104,0,60,1.3008,0.8159,PLAIN,2025,71725197.03,57.19
MPLADS-2872,Kerala,LOK_SABHA,Sanitation,8497881.41,7816934.87,319,321,100.0,CTR-181,15,94,0.9727,0.7909,PLAIN,2024,8714591.49,155.16
MPLADS-2873,Sikkim,RAJYA_SABHA,Roads,6744687.2,5827975.98,498,475,73.69,CTR-006,13,51,0.9735,0.6914,DESERT,2024,7131992.96,134.88
MPLADS-2874,Rajasthan,LOK_SABHA,Education,47193583.52,48123947.56,433,495,100.0,CTR-071,12,33,1.0091,0.5486,DESERT,2025,59559171.8,84.01
MPLADS-2875,Uttar Pradesh,RAJYA_SABHA,Healthcare,10534697.68,10594668.41,294,110,24.46,CTR-150,0,59,1.213,0.2584,PLAIN,2023,14384442.85,50.06
MPLADS-2876,Andhra Pradesh,RAJYA_SABHA,Community Halls,8857021.41,9216898.98,160,190,90.28,CTR-031,7,0,1.232,0.4693,PLAIN,2023,13020192.47,35.95
MPLADS-2877,Jammu and Kashmir,LOK_SABHA,Bridges,26068439.8,21083066.07,192,5,0.0,CTR-173,12,40,1.1555,0.5673,HILLY,2024,31812102.85,93.66
MPLADS-2878,Arunachal Pradesh,LOK_SABHA,Sanitation,32576635.59,27847850.11,340,1,16.55,CTR-005,6,49,1.1509,0.7467,PLAIN,2024,37798272.25,59.5
MPLADS-2879,Uttarakhand,RAJYA_SABHA,Community Halls,1104263.65,988897.84,487,724,100.0,CTR-195,15,68,1.2396,0.224,HILLY,2023,1635621.62,145.31
MPLADS-2880,Uttar Pradesh,LOK_SABHA,Other Public Assets,3563483.15,3390929.7,303,435,100.0,CTR-080,10,60,1.3206,0.6408,PLAIN,2023,5280185.57,87.27
MPLADS-2881,Meghalaya,LOK_SABHA,Roads,28654585.57,29554135.32,414,286,69.0,CTR-063,5,96,1.1537,0.9813,PLAIN,2024,40045049.33,141.1
MPLADS-2882,Maharashtra,LOK_SABHA,Bridges,28141570.63,23107774.93,106,121,100.0,CTR-093,13,0,1.1307,0.5496,DESERT,2023,33505465.77,84.99
MPLADS-2883,West Bengal,LOK_SABHA,Sports Infrastructure,3443269.46,3389292.29,205,261,100.0,CTR-078,3,52,1.2732,0.9389,PLAIN,2023,5011133.75,90.85
MPLADS-2884,Madhya Pradesh,LOK_SABHA,Electrification,38637692.43,33554153.91,436,328,71.99,CTR-143,4,54,1.2718,0.1416,PLAIN,2024,49098195.73,29.59
MPLADS-2885,Delhi,LOK_SABHA,Other Public Assets,40668586.13,36802259.15,381,163,32.69,CTR-009,3,38,1.1281,0.8325,PLAIN,2025,49542717.33,70.16
MPLADS-2886,Delhi,LOK_SABHA,Drinking Water,22095355.62,22094033.57,419,539,100.0,CTR-055,7,36,1.2312,0.9469,PLAIN,2024,32885845.78,81.89
MPLADS-2887,Chandigarh,LOK_SABHA,Healthcare,40971744.94,42470434.87,444,274,61.05,CTR-153,14,52,1.2711,0.9659,HILLY,2024,73611977.78,113.45
MPLADS-2888,Gujarat,LOK_SABHA,Bridges,1390579.53,1138058.25,175,189,81.41,CTR-046,15,13,0.9795,0.9459,PLAIN,2024,1324504.45,110.14
MPLADS-2889,Bihar,RAJYA_SABHA,Education,10839963.7,10316235.14,111,68,50.82,CTR-017,8,0,1.0357,0.3003,PLAIN,2024,11814321.92,46.59
MPLADS-2890,Lakshadweep,LOK_SABHA,Sanitation,32685589.65,33891693.99,302,67,14.91,CTR-151,13,46,1.0899,0.713,COASTAL,2025,45803929.64,131.84
MPLADS-2891,Arunachal Pradesh,LOK_SABHA,Sanitation,41742081.82,39658089.84,520,489,84.65,CTR-161,15,48,1.0241,1.0,HILLY,2023,54981597.21,176.01
MPLADS-2892,Tamil Nadu,RAJYA_SABHA,Electrification,37132482.07,35086932.69,342,217,60.79,CTR-010,1,46,1.0525,0.7732,COASTAL,2023,44435344.19,39.9
MPLADS-2893,Haryana,LOK_SABHA,Community Halls,19364205.81,17047790.4,336,483,100.0,CTR-025,12,44,1.0447,0.1801,PLAIN,2024,19163473.29,81.82
MPLADS-2894,Chandigarh,LOK_SABHA,Sports Infrastructure,41641082.8,34834929.16,200,225,100.0,CTR-189,3,48,1.2347,0.331,PLAIN,2025,49794287.07,53.65
MPLADS-2895,Kerala,LOK_SABHA,Education,41150662.22,39907328.25,104,5,19.42,CTR-062,11,46,1.1765,0.6356,COASTAL,2025,57542550.28,99.75
MPLADS-2896,Sikkim,LOK_SABHA,Other Public Assets,29046000.11,28456134.34,166,152,100.0,CTR-146,13,10,1.1716,0.5997,HILLY,2024,43857465.05,112.04
MPLADS-2897,Odisha,RAJYA_SABHA,Sanitation,19547037.87,16609740.58,480,490,96.3,CTR-033,1,70,1.282,0.9,PLAIN,2023,25909147.92,78.28
MPLADS-2898,Uttarakhand,LOK_SABHA,Bridges,41991260.84,38231235.43,227,188,81.48,CTR-011,8,46,1.2789,0.2809,HILLY,2024,62243164.25,76.23
MPLADS-2899,Haryana,RAJYA_SABHA,Sanitation,49710419.56,51429268.14,214,33,28.68,CTR-144,6,31,1.1029,0.8306,HILLY,2025,69683511.32,84.75
MPLADS-2900,Ladakh,LOK_SABHA,Sports Infrastructure,34607775.68,32347763.67,465,370,100.0,CTR-034,8,12,1.2757,0.4752,DESERT,2025,52481505.13,66.65
MPLADS-2901,Madhya Pradesh,LOK_SABHA,Bridges,32684712.2,33269262.87,107,135,100.0,CTR-049,10,40,1.1855,0.5965,PLAIN,2024,46301128.17,98.19
MPLADS-2902,Himachal Pradesh,LOK_SABHA,Sanitation,36440154.04,34921011.3,487,90,21.6,CTR-125,13,56,1.1826,1.0,HILLY,2025,56780874.16,124.34
MPLADS-2903,Uttar Pradesh,LOK_SABHA,Sanitation,3290889.96,2918892.76,520,57,0.0,CTR-125,13,67,1.1639,0.9555,COASTAL,2024,4273303.77,152.01
MPLADS-2904,Jharkhand,LOK_SABHA,Healthcare,20324891.46,16800895.03,332,21,0.0,CTR-064,15,60,1.0763,1.0,HILLY,2025,23799240.73,181.0
MPLADS-2905,Madhya Pradesh,LOK_SABHA,Sports Infrastructure,39060239.78,35020616.38,330,335,99.6,CTR-164,6,52,1.0528,0.9108,COASTAL,2025,45090985.98,110.05
MPLADS-2906,Andaman and Nicobar Islands,LOK_SABHA,Healthcare,49807619.35,46998696.93,377,66,0.0,CTR-125,13,46,1.0603,0.0479,COASTAL,2023,60213456.54,66.32
MPLADS-2907,Nagaland,LOK_SABHA,Roads,2500406.14,2439140.37,234,176,79.45,CTR-171,1,10,1.1279,1.0,HILLY,2023,3512939.5,71.91
MPLADS-2908,Telangana,LOK_SABHA,Drinking Water,35840841.29,37486702.12,370,85,0.0,CTR-139,5,48,1.2303,0.8173,DESERT,2025,60356042.23,111.05
MPLADS-2909,Nagaland,RAJYA_SABHA,Other Public Assets,14282089.38,12448529.08,380,187,30.76,CTR-027,6,49,1.1017,1.0,DESERT,2025,17710823.33,112.76
MPLADS-2910,Nagaland,LOK_SABHA,Roads,21283809.67,17767652.65,322,359,100.0,CTR-129,9,42,1.0953,0.3486,PLAIN,2025,20937606.33,95.48
MPLADS-2911,Sikkim,LOK_SABHA,Electrification,14659181.58,15110069.51,251,180,65.69,CTR-112,12,48,1.0476,1.0,HILLY,2024,20729319.16,154.35
MPLADS-2912,Gujarat,RAJYA_SABHA,Community Halls,46091546.35,43320977.47,160,201,98.0,CTR-036,1,0,1.01,0.7751,COASTAL,2024,50815467.48,27.11
MPLADS-2913,Meghalaya,LOK_SABHA,Other Public Assets,48933313.96,42700256.39,314,129,43.71,CTR-001,1,99,1.331,1.0,HILLY,2025,74680183.53,110.58
MPLADS-2914,Tamil Nadu,LOK_SABHA,Drinking Water,49300766.18,49633001.03,377,273,73.12,CTR-052,3,49,1.0163,0.801,COASTAL,2023,62821176.54,78.49
MPLADS-2915,Haryana,RAJYA_SABHA,Education,8252977.18,7339246.37,390,514,95.11,CTR-148,3,41,1.0874,0.9959,PLAIN,2023,9111963.24,77.15
MPLADS-2916,Telangana,RAJYA_SABHA,Drinking Water,3396475.69,3495561.15,495,417,74.09,CTR-001,1,52,1.2337,0.9318,COASTAL,2023,5561674.61,71.76
MPLADS-2917,Lakshadweep,LOK_SABHA,Other Public Assets,16085136.62,15671986.83,267,239,100.0,CTR-186,7,55,0.9967,0.1879,COASTAL,2025,18768227.86,72.33
MPLADS-2918,Haryana,LOK_SABHA,Roads,25531611.54,20713828.57,271,365,92.44,CTR-096,4,19,1.0291,1.0,HILLY,2024,25933098.83,109.46
MPLADS-2919,Ladakh,LOK_SABHA,Other Public Assets,33630896.61,28424223.89,169,55,41.29,CTR-104,0,13,1.2448,0.363,DESERT,2024,42664391.64,26.17
MPLADS-2920,Meghalaya,LOK_SABHA,Bridges,7714253.48,7489114.99,374,155,31.62,CTR-106,12,90,1.1079,0.947,DESERT,2024,10665640.08,161.97
MPLADS-2921,Nagaland,LOK_SABHA,Healthcare,41558133.04,33293216.4,162,54,50.12,CTR-137,9,24,1.2514,0.4816,HILLY,2025,55942392.43,91.19
MPLADS-2922,Punjab,LOK_SABHA,Bridges,33903523.95,34044500.78,117,143,100.0,CTR-053,5,0,1.1652,0.4433,PLAIN,2024,43196959.23,5.28
MPLADS-2923,Chandigarh,RAJYA_SABHA,Bridges,635955.28,588676.68,136,24,23.69,CTR-097,3,27,0.9985,0.1069,PLAIN,2023,618955.44,35.83
MPLADS-2924,Telangana,LOK_SABHA,Roads,16453093.3,16556337.7,411,312,79.78,CTR-104,0,52,1.2592,0.213,COASTAL,2025,24247569.7,18.95
MPLADS-2925,Karnataka,LOK_SABHA,Other Public Assets,35000495.06,31358083.39,434,587,84.27,CTR-089,12,66,1.2138,0.8486,PLAIN,2024,47501703.53,112.48
MPLADS-2926,Delhi,LOK_SABHA,Sports Infrastructure,6088851.04,6379278.66,175,83,18.16,CTR-163,6,38,1.123,0.641,HILLY,2023,9233202.58,98.51
MPLADS-2927,Jammu and Kashmir,LOK_SABHA,Electrification,36408781.73,34213667.24,338,85,50.39,CTR-185,7,36,1.07,0.2821,HILLY,2023,45759418.5,67.08
MPLADS-2928,Madhya Pradesh,LOK_SABHA,Bridges,17351722.94,17754453.45,109,108,99.0,CTR-110,11,39,1.1649,0.5091,COASTAL,2025,24794457.39,80.61
MPLADS-2929,Karnataka,LOK_SABHA,Electrification,34547719.78,34833284.97,351,268,71.82,CTR-170,0,78,1.2445,0.3507,PLAIN,2023,49481660.39,42.68
MPLADS-2930,Haryana,LOK_SABHA,Sanitation,6139680.56,5609593.39,155,121,79.93,CTR-051,12,10,1.2423,0.8985,HILLY,2025,9507808.09,119.06
MPLADS-2931,Himachal Pradesh,RAJYA_SABHA,Drinking Water,12340780.38,11233414.85,265,160,68.43,CTR-066,5,63,1.1027,0.5341,HILLY,2023,16052074.48,120.79
MPLADS-2932,Manipur,RAJYA_SABHA,Electrification,47063745.02,42555730.58,212,318,95.0,CTR-122,10,48,1.0798,1.0,HILLY,2025,62235634.08,102.9
MPLADS-2933,Rajasthan,RAJYA_SABHA,Healthcare,21424316.7,21076576.19,461,250,59.3,CTR-021,8,33,0.9827,0.8154,DESERT,2024,25108381.54,86.35
MPLADS-2934,Ladakh,LOK_SABHA,Electrification,3106558.69,2576406.51,462,604,100.0,CTR-199,5,14,1.2597,0.2906,HILLY,2025,4288426.66,73.51
MPLADS-2935,Tamil Nadu,LOK_SABHA,Sanitation,11011921.33,10560270.93,451,43,12.7,CTR-103,12,50,1.2293,0.5144,COASTAL,2025,15874212.04,130.49
MPLADS-2936,Karnataka,LOK_SABHA,Other Public Assets,34907748.09,30088513.36,158,37,15.15,CTR-123,10,38,1.173,0.1062,PLAIN,2024,39250766.12,59.89
MPLADS-2937,Arunachal Pradesh,LOK_SABHA,Drinking Water,13937442.24,14081743.85,271,178,84.52,CTR-184,11,50,0.979,1.0,HILLY,2025,18554007.72,116.52
MPLADS-2938,Chhattisgarh,RAJYA_SABHA,Other Public Assets,9179704.21,7418445.98,150,153,100.0,CTR-042,12,60,1.1844,0.3755,PLAIN,2023,10289126.24,81.78
MPLADS-2939,Dadra and Nagar Haveli and Daman and Diu,LOK_SABHA,Sanitation,38115674.89,30689252.48,531,412,69.49,CTR-025,12,47,1.1543,0.7576,PLAIN,2025,42391141.6,108.14
MPLADS-2940,Telangana,RAJYA_SABHA,Sanitation,23410720.44,19237980.96,391,81,26.44,CTR-049,10,48,1.0989,0.9425,HILLY,2025,28988003.11,109.34
MPLADS-2941,Gujarat,LOK_SABHA,Education,503515.89,503960.65,154,204,100.0,CTR-183,7,0,0.952,0.4374,PLAIN,2024,490842.67,43.02
MPLADS-2942,Dadra and Nagar Haveli and Daman and Diu,RAJYA_SABHA,Education,28254324.26,27454382.8,114,13,0.0,CTR-146,13,35,1.3302,0.6376,COASTAL,2024,47259028.26,92.28
MPLADS-2943,Bihar,LOK_SABHA,Other Public Assets,30139222.34,26147623.31,535,439,100.0,CTR-114,7,67,1.1465,0.0859,PLAIN,2025,32883029.25,78.86
MPLADS-2944,Bihar,LOK_SABHA,Sports Infrastructure,35382320.49,29622616.78,216,153,50.49,CTR-145,15,68,1.2139,0.2119,DESERT,2024,47392685.98,140.28
MPLADS-2945,Manipur,LOK_SABHA,Sports Infrastructure,24453860.89,24831151.36,94,89,88.15,CTR-059,11,25,1.2832,0.7063,HILLY,2025,43426387.3,82.8
MPLADS-2946,Andaman and Nicobar Islands,RAJYA_SABHA,Drinking Water,19267629.3,17015365.45,144,109,77.64,CTR-052,3,0,1.185,0.7677,COASTAL,2025,24605407.61,28.46
MPLADS-2947,Chandigarh,LOK_SABHA,Community Halls,1104194.27,982428.89,353,249,71.58,CTR-156,10,44,1.1088,0.2783,HILLY,2024,1447430.08,107.17
MPLADS-2948,Chandigarh,RAJYA_SABHA,Sports Infrastructure,23074840.02,21540445.73,254,142,39.39,CTR-146,13,52,1.1532,0.6881,PLAIN,2023,31174568.53,91.05
MPLADS-2949,Puducherry,LOK_SABHA,Sports Infrastructure,49928146.14,44495951.34,174,57,6.78,CTR-020,7,12,1.2947,1.0,HILLY,2025,79262573.75,97.44
MPLADS-2950,Rajasthan,LOK_SABHA,Sanitation,27898922.35,27126338.22,354,34,19.76,CTR-098,10,34,1.0536,0.9267,DESERT,2023,37117504.74,106.36
MPLADS-2951,Telangana,RAJYA_SABHA,Education,35603515.28,29380141.1,314,70,28.15,CTR-023,2,35,1.3487,0.0146,COASTAL,2024,45608104.0,38.67
MPLADS-2952,Uttar Pradesh,RAJYA_SABHA,Roads,8060897.73,7117296.13,354,174,15.33,CTR-176,7,65,0.972,0.3757,PLAIN,2024,7269401.08,103.17
MPLADS-2953,Chandigarh,LOK_SABHA,Sanitation,40438241.96,35288696.11,221,309,97.64,CTR-001,1,51,1.1005,0.944,PLAIN,2024,42367832.36,73.34
MPLADS-2954,Chandigarh,RAJYA_SABHA,Roads,23780791.16,19169608.8,256,355,98.33,CTR-040,10,22,1.2632,0.0248,PLAIN,2024,27387573.07,54.33
MPLADS-2955,Goa,LOK_SABHA,Roads,15882871.76,13192865.29,383,95,9.87,CTR-033,1,84,1.2444,0.4461,COASTAL,2024,19935391.28,93.05
MPLADS-2956,Uttar Pradesh,LOK_SABHA,Roads,4914541.05,4949681.82,142,156,100.0,CTR-050,12,0,1.1757,0.7452,PLAIN,2024,6647051.31,64.6
MPLADS-2957,Andhra Pradesh,LOK_SABHA,Community Halls,31635881.02,30514847.6,95,95,91.58,CTR-076,7,67,1.0015,0.4656,COASTAL,2024,36412255.84,95.26
MPLADS-2958,Puducherry,LOK_SABHA,Other Public Assets,15461122.64,15182083.68,258,11,15.48,CTR-159,8,49,1.003,0.4778,PLAIN,2024,16293131.26,73.71
MPLADS-2959,Gujarat,LOK_SABHA,Electrification,17506026.0,15708311.13,98,71,59.61,CTR-144,6,0,1.2848,0.8418,DESERT,2023,26873242.81,62.48
MPLADS-2960,Arunachal Pradesh,LOK_SABHA,Community Halls,26983682.98,27403667.54,215,205,100.0,CTR-037,13,12,1.2574,0.6534,HILLY,2025,45946131.07,113.9
MPLADS-2961,West Bengal,LOK_SABHA,Drinking Water,46610267.3,45739003.28,459,397,63.49,CTR-095,14,72,1.1008,0.105,PLAIN,2023,56170462.33,80.78
MPLADS-2962,Sikkim,LOK_SABHA,Roads,5368186.62,4586981.81,301,31,6.12,CTR-080,10,47,1.0727,1.0,HILLY,2024,6637170.92,112.77
MPLADS-2963,Chandigarh,LOK_SABHA,Healthcare,20828460.34,21322825.85,398,513,100.0,CTR-101,13,42,1.3081,0.8399,PLAIN,2023,34744329.3,114.11
MPLADS-2964,Karnataka,LOK_SABHA,Sanitation,27546956.99,28147022.7,427,80,28.71,CTR-180,8,74,1.0423,0.4161,HILLY,2023,37087718.28,119.59
MPLADS-2965,Arunachal Pradesh,LOK_SABHA,Bridges,22268347.81,21334246.78,350,387,100.0,CTR-008,11,49,1.0802,1.0,HILLY,2024,30377098.59,114.74
MPLADS-2966,Chhattisgarh,RAJYA_SABHA,Sports Infrastructure,13051526.25,12771956.95,295,368,86.34,CTR-137,9,60,1.1481,0.7908,PLAIN,2024,16950331.31,102.97
MPLADS-2967,Uttar Pradesh,RAJYA_SABHA,Drinking Water,7293667.47,7103080.77,150,181,100.0,CTR-123,10,0,1.2866,0.1459,PLAIN,2025,10473724.32,52.11
MPLADS-2968,Madhya Pradesh,LOK_SABHA,Healthcare,44571024.95,35774857.06,135,79,78.14,CTR-100,2,0,1.2223,1.0,HILLY,2024,58215148.3,30.72
MPLADS-2969,Goa,LOK_SABHA,Bridges,48785922.26,46159366.54,425,28,0.0,CTR-031,7,82,1.3007,0.1172,COASTAL,2024,74075800.41,61.91
MPLADS-2970,Punjab,LOK_SABHA,Healthcare,37955066.01,33745669.27,478,122,19.89,CTR-096,4,43,1.1975,0.0781,PLAIN,2025,44635746.94,23.39
MPLADS-2971,Tripura,RAJYA_SABHA,Electrification,2640630.07,2611939.28,177,193,100.0,CTR-114,7,22,0.9736,0.8992,PLAIN,2025,2755471.41,53.33
MPLADS-2972,Uttar Pradesh,RAJYA_SABHA,Other Public Assets,35435717.05,35061319.63,173,39,3.82,CTR-187,2,42,1.14,0.3843,PLAIN,2023,42881303.85,40.19
MPLADS-2973,Andhra Pradesh,RAJYA_SABHA,Bridges,47180263.43,48068765.88,123,58,68.09,CTR-151,13,34,1.0323,1.0,DESERT,2024,65592410.41,103.28
MPLADS-2974,Manipur,RAJYA_SABHA,Community Halls,16595231.09,17390236.53,314,200,50.79,CTR-113,8,54,1.2163,0.7019,PLAIN,2024,24938088.53,78.43
MPLADS-2975,Lakshadweep,RAJYA_SABHA,Sports Infrastructure,14955748.95,12525464.91,284,239,78.86,CTR-120,1,37,0.9515,0.7888,COASTAL,2024,12811682.68,42.82
MPLADS-2976,Nagaland,RAJYA_SABHA,Other Public Assets,31003946.14,25759199.72,479,539,100.0,CTR-110,11,50,0.965,0.3845,PLAIN,2024,27582647.56,80.19
MPLADS-2977,Nagaland,RAJYA_SABHA,Sanitation,46374402.42,41804972.16,99,50,59.1,CTR-078,3,13,1.2215,0.4527,HILLY,2024,64889112.33,54.16
MPLADS-2978,Uttar Pradesh,RAJYA_SABHA,Education,49243844.65,49026465.61,404,260,47.47,CTR-125,13,60,1.2905,0.6423,HILLY,2023,86488307.17,137.89
MPLADS-2979,Telangana,LOK_SABHA,Community Halls,6095893.54,6393677.41,404,133,18.0,CTR-106,12,45,1.1107,0.992,DESERT,2024,9115819.16,91.98
MPLADS-2980,Manipur,LOK_SABHA,Education,44204179.03,44723652.72,216,56,21.28,CTR-090,13,13,1.3176,0.2832,HILLY,2024,79222594.27,82.97
MPLADS-2981,Jharkhand,LOK_SABHA,Education,43723063.5,37805732.83,427,544,100.0,CTR-173,12,64,1.1923,0.6361,COASTAL,2023,54534252.68,112.13
MPLADS-2982,Goa,LOK_SABHA,Community Halls,25985176.0,25440834.4,142,42,37.84,CTR-088,4,89,1.191,0.7142,COASTAL,2025,37345484.71,122.78
MPLADS-2983,Kerala,LOK_SABHA,Bridges,17007300.2,14528231.77,464,420,83.9,CTR-026,10,87,1.3175,0.3416,PLAIN,2025,22697860.72,99.88
MPLADS-2984,Delhi,LOK_SABHA,Sports Infrastructure,36816559.21,34389124.25,222,245,100.0,CTR-175,11,26,1.1911,0.6357,PLAIN,2025,49248572.03,60.09
MPLADS-2985,Punjab,LOK_SABHA,Other Public Assets,2695351.24,2777992.15,416,541,100.0,CTR-026,10,42,1.2372,0.6935,PLAIN,2023,4078144.15,109.32
MPLADS-2986,Kerala,RAJYA_SABHA,Electrification,4248719.06,4323272.17,204,146,73.31,CTR-116,9,42,1.3382,0.9901,PLAIN,2024,6948444.77,89.2
MPLADS-2987,Assam,RAJYA_SABHA,Other Public Assets,19149127.51,18450667.33,277,57,30.19,CTR-144,6,50,1.1942,0.2259,PLAIN,2023,24840148.13,66.01
MPLADS-2988,Telangana,RAJYA_SABHA,Electrification,47297176.08,43352893.67,146,0,34.97,CTR-059,11,23,1.1801,0.6111,PLAIN,2024,58636390.63,81.8
MPLADS-2989,Punjab,LOK_SABHA,Sports Infrastructure,18187343.84,18609542.88,165,35,6.79,CTR-058,2,19,0.9709,0.9721,HILLY,2023,22901445.61,101.37
MPLADS-2990,Ladakh,LOK_SABHA,Sanitation,40439322.59,35612563.14,322,199,56.94,CTR-029,8,13,1.0287,0.6518,HILLY,2025,46272170.06,75.5
MPLADS-2991,Himachal Pradesh,RAJYA_SABHA,Electrification,15695136.33,15607232.61,123,166,90.36,CTR-041,2,17,1.014,0.5926,DESERT,2023,18981819.24,52.13
MPLADS-2992,Bihar,RAJYA_SABHA,Electrification,39293097.04,33293340.77,465,515,90.82,CTR-188,6,63,1.2839,0.2914,HILLY,2025,56879157.25,105.78
MPLADS-2993,Rajasthan,LOK_SABHA,Healthcare,18774606.29,15306707.38,418,569,100.0,CTR-189,3,31,1.27,0.6753,PLAIN,2023,22791642.56,64.08
MPLADS-2994,Lakshadweep,LOK_SABHA,Community Halls,36194082.92,31305179.45,450,16,6.61,CTR-115,8,52,1.3198,0.4807,COASTAL,2024,49945385.91,92.5
MPLADS-2995,Manipur,LOK_SABHA,Sanitation,41257191.83,37516577.46,464,608,100.0,CTR-022,5,46,1.043,0.8006,HILLY,2024,51124603.04,100.85
MPLADS-2996,Bihar,LOK_SABHA,Other Public Assets,41380734.72,39613633.22,295,61,5.95,CTR-004,7,70,1.1719,0.5165,HILLY,2024,59481468.39,92.84
MPLADS-2997,Gujarat,RAJYA_SABHA,Electrification,18137171.79,15488591.98,317,330,100.0,CTR-139,5,44,1.3405,0.9436,COASTAL,2024,26354428.43,82.37
MPLADS-2998,Telangana,LOK_SABHA,Drinking Water,15168373.31,14062366.76,144,188,100.0,CTR-186,7,49,1.218,0.4773,PLAIN,2024,19937863.32,69.82
MPLADS-2999,Assam,LOK_SABHA,Community Halls,41616070.64,42002586.75,172,48,29.53,CTR-083,2,0,1.3211,0.0388,PLAIN,2025,62883273.72,10.79
MPLADS-3000,Uttar Pradesh,LOK_SABHA,Sports Infrastructure,26460533.77,27221572.47,359,2,0.0,CTR-075,10,58,1.2936,0.335,PLAIN,2025,42685983.38,96.65
MPLADS-3001,Andhra Pradesh,LOK_SABHA,Healthcare,35350556.23,31914326.01,385,286,68.65,CTR-195,15,67,0.9875,0.7639,COASTAL,2025,38448257.85,129.2
MPLADS-3002,Punjab,RAJYA_SABHA,Education,29814742.15,25946907.53,186,39,15.52,CTR-054,7,30,1.0843,0.8029,COASTAL,2024,34444594.93,62.45
MPLADS-3003,Kerala,LOK_SABHA,Education,38422509.39,34938614.3,279,126,49.13,CTR-130,10,93,0.9616,0.4294,COASTAL,2025,39020880.29,137.92
MPLADS-3004,Puducherry,LOK_SABHA,Sports Infrastructure,36819265.88,30462234.68,448,283,77.56,CTR-031,7,47,1.3065,0.7491,PLAIN,2025,46768469.44,59.74
MPLADS-3005,Odisha,LOK_SABHA,Sports Infrastructure,4942183.35,5066723.93,333,187,65.35,CTR-111,4,78,1.0032,0.2332,PLAIN,2025,5051423.04,51.42
MPLADS-3006,Rajasthan,LOK_SABHA,Other Public Assets,11290914.13,11435042.05,166,75,74.05,CTR-129,9,24,1.3151,0.5123,DESERT,2024,19733293.96,70.9
MPLADS-3007,Assam,RAJYA_SABHA,Other Public Assets,45736860.94,46709697.3,237,4,0.0,CTR-156,10,91,1.0864,0.1134,PLAIN,2024,56994580.71,121.06
MPLADS-3008,Arunachal Pradesh,LOK_SABHA,Healthcare,37607255.34,35065599.59,235,43,18.35,CTR-151,13,47,1.1881,0.3024,HILLY,2025,55193957.93,92.59
MPLADS-3009,Mizoram,LOK_SABHA,Electrification,17937487.67,17735036.46,248,119,35.65,CTR-161,15,47,1.1549,0.4768,HILLY,2025,27321242.5,151.73
MPLADS-3010,Meghalaya,LOK_SABHA,Education,20547666.75,18706391.0,385,122,41.94,CTR-063,5,99,1.2196,1.0,HILLY,2024,30711047.75,141.19
MPLADS-3011,Himachal Pradesh,LOK_SABHA,Other Public Assets,5118651.9,5366826.49,264,253,93.78,CTR-056,0,55,1.1182,0.425,HILLY,2023,7468457.69,84.18
MPLADS-3012,Ladakh,LOK_SABHA,Electrification,36286961.91,31830204.96,264,346,100.0,CTR-094,6,13,1.2515,0.5362,HILLY,2024,51830187.67,85.62
MPLADS-3013,Delhi,LOK_SABHA,Other Public Assets,9177719.72,8924966.26,194,195,100.0,CTR-183,7,40,1.0945,0.8026,COASTAL,2024,11923516.3,98.68
MPLADS-3014,Mizoram,LOK_SABHA,Drinking Water,19104873.17,15562202.92,114,37,29.43,CTR-055,7,0,1.2638,0.9959,DESERT,2024,25365426.73,64.96
MPLADS-3015,Tamil Nadu,RAJYA_SABHA,Electrification,22961793.68,20854199.82,307,121,9.0,CTR-099,10,40,1.2518,0.2895,PLAIN,2024,30320976.38,99.88
MPLADS-3016,Manipur,LOK_SABHA,Healthcare,3816396.49,3580139.84,253,16,19.02,CTR-176,7,35,1.1215,0.5598,HILLY,2024,5066795.05,92.13
MPLADS-3017,Nagaland,RAJYA_SABHA,Education,16596493.28,13597949.85,425,293,67.64,CTR-050,12,45,0.9516,0.5895,HILLY,2023,16309714.71,91.98
MPLADS-3018,Tripura,LOK_SABHA,Sports Infrastructure,33677784.38,33807029.67,273,210,60.07,CTR-102,3,50,1.3494,0.4304,PLAIN,2025,54371722.29,80.47
MPLADS-3019,Telangana,RAJYA_SABHA,Healthcare,16196232.6,15405817.92,429,233,48.58,CTR-003,10,46,1.1904,1.0,HILLY,2024,25150903.67,136.23
MPLADS-3020,Odisha,RAJYA_SABHA,Roads,29694216.6,29664404.44,225,281,93.44,CTR-137,9,63,1.2568,0.5101,HILLY,2025,48886386.11,104.96
MPLADS-3021,Delhi,RAJYA_SABHA,Drinking Water,42261877.37,33946298.35,475,249,77.55,CTR-163,6,38,1.1757,0.3994,PLAIN,2024,46939323.73,58.66
MPLADS-3022,Puducherry,LOK_SABHA,Sports Infrastructure,36192080.57,36026518.83,95,108,89.31,CTR-127,1,36,1.0999,0.0542,PLAIN,2025,42960181.68,40.51
MPLADS-3023,Manipur,RAJYA_SABHA,Roads,9113211.76,8066662.02,312,410,86.16,CTR-132,8,35,1.2876,0.6984,PLAIN,2023,12364223.08,60.27
MPLADS-3024,Haryana,RAJYA_SABHA,Roads,29272695.01,26857844.86,126,109,74.46,CTR-011,8,11,1.1005,0.9961,PLAIN,2023,35812172.84,72.18
MPLADS-3025,Chandigarh,LOK_SABHA,Other Public Assets,3080351.06,2815648.64,100,139,100.0,CTR-011,8,0,0.9564,0.6442,PLAIN,2024,2873002.1,49.82
MPLADS-3026,Jharkhand,RAJYA_SABHA,Community Halls,33141530.56,26514547.77,197,25,42.31,CTR-021,8,29,1.2813,0.5545,PLAIN,2024,41158164.43,62.88
MPLADS-3027,Andhra Pradesh,RAJYA_SABHA,Electrification,4617145.47,3813530.26,200,154,80.24,CTR-163,6,64,0.9825,0.5278,PLAIN,2023,3982231.51,75.04
MPLADS-3028,Arunachal Pradesh,LOK_SABHA,Roads,35665077.53,31132739.83,96,91,90.81,CTR-063,5,0,1.1237,0.8767,DESERT,2024,44462314.11,65.96
MPLADS-3029,Tripura,LOK_SABHA,Electrification,35690862.74,34616804.76,129,182,97.78,CTR-024,14,46,1.152,0.6522,HILLY,2025,52447179.59,126.88
MPLADS-3030,Andaman and Nicobar Islands,RAJYA_SABHA,Healthcare,5724334.13,5615296.83,142,68,56.43,CTR-161,15,36,1.2159,0.6166,COASTAL,2024,8752579.91,88.1
MPLADS-3031,Punjab,LOK_SABHA,Sports Infrastructure,38165525.69,31962675.26,379,502,100.0,CTR-034,8,49,1.2789,0.3507,PLAIN,2024,48618290.53,96.07
MPLADS-3032,Jharkhand,LOK_SABHA,Sports Infrastructure,28073782.75,26531999.42,268,266,100.0,CTR-171,1,56,1.2172,0.2687,PLAIN,2025,37267304.48,46.33
MPLADS-3033,Ladakh,LOK_SABHA,Healthcare,28418040.96,25923336.26,471,259,48.87,CTR-128,12,13,0.9662,0.6633,HILLY,2023,31531023.21,97.51
MPLADS-3034,Uttarakhand,LOK_SABHA,Healthcare,12880793.64,11471736.66,214,56,33.28,CTR-141,15,66,1.1494,1.0,HILLY,2025,18250205.66,132.93
MPLADS-3035,Rajasthan,LOK_SABHA,Drinking Water,12621146.55,12942191.24,507,504,100.0,CTR-040,10,32,1.036,0.2781,DESERT,2024,16664081.95,63.06
MPLADS-3036,Nagaland,LOK_SABHA,Community Halls,46622337.13,39896795.95,152,190,90.13,CTR-048,14,13,1.1351,0.5738,HILLY,2023,58107031.14,99.63
MPLADS-3037,Tamil Nadu,RAJYA_SABHA,Other Public Assets,3413749.62,3321632.3,271,261,74.54,CTR-042,12,44,1.1531,0.5147,PLAIN,2025,4418433.06,94.4
MPLADS-3038,Mizoram,RAJYA_SABHA,Sanitation,46604480.03,44113045.1,252,240,64.8,CTR-153,14,47,0.9857,0.5802,HILLY,2024,56192497.1,132.28
MPLADS-3039,Kerala,RAJYA_SABHA,Sports Infrastructure,39642737.98,32735549.93,282,395,84.03,CTR-094,6,44,1.2324,0.3295,COASTAL,2024,51233797.6,48.98
MPLADS-3040,Assam,LOK_SABHA,Sports Infrastructure,2212659.59,2198323.73,139,199,84.56,CTR-140,6,0,1.2986,0.3553,PLAIN,2024,3437961.95,26.52
MPLADS-3041,Tripura,LOK_SABHA,Community Halls,26826607.47,26683630.84,465,139,33.66,CTR-158,8,50,1.009,0.1764,PLAIN,2025,28920527.26,44.18
MPLADS-3042,Arunachal Pradesh,LOK_SABHA,Sanitation,39889628.52,41736785.9,320,98,44.3,CTR-154,4,47,1.0338,0.1746,PLAIN,2023,44528658.42,38.6
MPLADS-3043,Goa,LOK_SABHA,Community Halls,16771404.83,16610795.39,526,664,74.49,CTR-192,10,80,1.0325,0.6555,COASTAL,2025,20888295.28,101.65
MPLADS-3044,Puducherry,LOK_SABHA,Bridges,15480090.68,14506003.28,334,323,100.0,CTR-180,8,50,0.9892,0.9206,PLAIN,2025,16479798.95,98.81
MPLADS-3045,Karnataka,LOK_SABHA,Sports Infrastructure,14647139.92,15076169.87,408,372,73.66,CTR-166,13,68,1.2385,0.884,PLAIN,2024,22723899.13,117.85
MPLADS-3046,Arunachal Pradesh,LOK_SABHA,Bridges,34835823.36,32020432.06,221,133,65.35,CTR-150,0,49,1.1252,0.5394,HILLY,2025,45602858.65,72.68
MPLADS-3047,Arunachal Pradesh,RAJYA_SABHA,Sanitation,6820691.59,5571734.97,422,537,100.0,CTR-056,0,47,1.3136,0.3309,HILLY,2024,9573804.0,62.8
MPLADS-3048,Nagaland,LOK_SABHA,Education,31385310.99,30352237.39,163,18,10.18,CTR-015,11,37,1.1614,0.6125,HILLY,2023,45872942.63,117.3
MPLADS-3049,Bihar,LOK_SABHA,Healthcare,16470117.63,16729600.09,387,570,78.97,CTR-155,6,68,1.2081,0.5454,HILLY,2024,27468354.16,122.21
MPLADS-3050,Puducherry,LOK_SABHA,Bridges,17557015.36,14265886.04,174,259,83.63,CTR-061,14,28,1.3487,0.244,PLAIN,2023,22908600.25,98.57
MPLADS-3051,Madhya Pradesh,RAJYA_SABHA,Drinking Water,8914470.49,7811906.78,483,151,17.9,CTR-033,1,51,1.1748,0.9021,PLAIN,2024,10295280.63,93.5
MPLADS-3052,Himachal Pradesh,LOK_SABHA,Roads,22243461.48,21212442.63,352,41,0.0,CTR-044,5,60,1.1952,1.0,HILLY,2024,33454440.62,103.61
MPLADS-3053,Bihar,LOK_SABHA,Other Public Assets,16011610.35,14846723.24,92,42,46.36,CTR-141,15,0,1.0191,0.3848,PLAIN,2024,17290108.16,56.17
MPLADS-3054,Tripura,LOK_SABHA,Other Public Assets,35307090.51,33061273.76,183,65,38.23,CTR-142,3,0,1.3399,0.2267,PLAIN,2023,50132526.28,12.86
MPLADS-3055,Tamil Nadu,LOK_SABHA,Drinking Water,48963354.87,43309498.9,309,304,88.18,CTR-048,14,35,1.2265,0.7037,COASTAL,2024,66695986.61,95.95
MPLADS-3056,Lakshadweep,LOK_SABHA,Education,46571382.38,41636307.86,466,378,100.0,CTR-073,7,52,1.1263,0.7853,COASTAL,2024,57760891.58,99.32
MPLADS-3057,Kerala,LOK_SABHA,Drinking Water,25338119.65,26540642.94,468,576,100.0,CTR-091,6,92,1.0024,0.5169,COASTAL,2025,30749911.49,113.68
MPLADS-3058,Tripura,LOK_SABHA,Drinking Water,35667892.96,32104748.99,508,558,91.04,CTR-176,7,52,1.0268,0.2932,PLAIN,2025,34792251.81,67.88
MPLADS-3059,Bihar,LOK_SABHA,Other Public Assets,47309122.59,46052686.73,171,29,11.64,CTR-074,2,35,1.2276,0.8921,PLAIN,2025,65977454.61,76.93
MPLADS-3060,Puducherry,LOK_SABHA,Drinking Water,47430867.99,39029607.57,194,106,64.25,CTR-055,7,0,1.0653,0.6636,PLAIN,2024,46257671.3,51.51
MPLADS-3061,Puducherry,RAJYA_SABHA,Community Halls,13196030.9,13409803.63,458,192,54.11,CTR-117,0,51,1.1849,0.2673,PLAIN,2025,17635116.42,39.18
MPLADS-3062,Goa,RAJYA_SABHA,Sports Infrastructure,3494664.44,2891849.05,223,159,67.97,CTR-096,4,24,1.266,0.5797,PLAIN,2024,4252068.12,33.52
MPLADS-3063,Goa,LOK_SABHA,Sanitation,529851.28,428157.11,413,277,63.15,CTR-143,4,86,1.0637,0.9564,PLAIN,2023,528576.14,98.15
MPLADS-3064,Kerala,RAJYA_SABHA,Sports Infrastructure,16442257.89,14747804.93,213,239,99.99,CTR-172,1,86,0.9604,0.0037,COASTAL,2025,15572842.84,51.97
MPLADS-3065,Tripura,RAJYA_SABHA,Sanitation,35604966.29,30415438.62,308,243,100.0,CTR-029,8,46,1.0373,0.3492,HILLY,2024,39972417.39,109.85
MPLADS-3066,Maharashtra,LOK_SABHA,Sports Infrastructure,36873599.58,36733701.04,529,776,100.0,CTR-025,12,81,1.2928,0.4124,COASTAL,2024,59432114.68,146.38
MPLADS-3067,Arunachal Pradesh,LOK_SABHA,Community Halls,16735437.61,14130151.92,376,405,84.43,CTR-005,6,52,0.9607,0.9098,HILLY,2023,17506176.53,118.85
MPLADS-3068,Himachal Pradesh,RAJYA_SABHA,Sanitation,21738541.62,17401659.54,319,232,83.7,CTR-067,14,59,1.0575,0.8868,HILLY,2025,24045040.74,134.85
MPLADS-3069,Arunachal Pradesh,LOK_SABHA,Sanitation,8421542.67,8677015.98,191,1,0.0,CTR-043,11,14,1.2945,0.3503,HILLY,2024,14410370.72,81.84
MPLADS-3070,Punjab,LOK_SABHA,Other Public Assets,30010854.84,30742587.68,148,73,59.04,CTR-051,12,33,0.9682,0.174,PLAIN,2025,30806097.82,49.23
MPLADS-3071,Meghalaya,LOK_SABHA,Sanitation,49581584.93,51971509.61,137,106,59.63,CTR-159,8,0,1.1936,0.2846,HILLY,2023,79646353.54,74.26
MPLADS-3072,Maharashtra,LOK_SABHA,Electrification,34637648.45,31929082.7,355,178,68.75,CTR-043,11,81,1.0586,0.617,COASTAL,2023,39934507.09,154.57
MPLADS-3073,Haryana,RAJYA_SABHA,Community Halls,27016084.25,25888366.24,260,219,71.83,CTR-037,13,20,0.9799,1.0,HILLY,2025,33134806.18,150.58
MPLADS-3074,Odisha,LOK_SABHA,Sports Infrastructure,21253859.33,17873134.32,487,25,1.71,CTR-042,12,75,1.0912,0.7555,PLAIN,2023,23017611.61,126.78
MPLADS-3075,Karnataka,LOK_SABHA,Sanitation,43858418.4,42150661.35,360,368,98.17,CTR-123,10,77,1.13,0.3171,HILLY,2024,61927047.3,109.86
MPLADS-3076,Manipur,RAJYA_SABHA,Education,17044917.63,16640856.61,184,58,12.94,CTR-168,2,51,1.1738,1.0,HILLY,2025,26083030.75,86.07
MPLADS-3077,Puducherry,RAJYA_SABHA,Education,8045839.81,8384149.69,121,130,95.49,CTR-110,11,38,1.3408,0.5821,PLAIN,2023,13861722.3,81.13
MPLADS-3078,Gujarat,RAJYA_SABHA,Drinking Water,29959612.22,28731960.99,490,57,0.0,CTR-171,1,50,1.2857,0.8633,DESERT,2024,47545924.81,62.16
MPLADS-3079,Ladakh,LOK_SABHA,Education,37538555.2,30939726.04,261,78,31.15,CTR-029,8,15,1.1396,1.0,HILLY,2024,47805967.25,124.0
MPLADS-3080,Rajasthan,LOK_SABHA,Healthcare,19062056.61,19176515.3,469,349,78.79,CTR-137,9,37,1.1211,0.8523,PLAIN,2024,25126161.32,65.61
MPLADS-3081,Nagaland,LOK_SABHA,Sports Infrastructure,8851703.13,7343178.97,224,257,86.65,CTR-087,1,49,1.242,0.2675,HILLY,2024,11721036.33,65.79
MPLADS-3082,Puducherry,RAJYA_SABHA,Education,43473969.31,37159526.51,242,258,94.42,CTR-115,8,38,1.0772,0.763,COASTAL,2025,46306443.9,64.91
MPLADS-3083,Meghalaya,LOK_SABHA,Community Halls,1422639.58,1422896.71,146,6,0.0,CTR-049,10,101,1.1171,1.0,HILLY,2023,2130528.47,134.57
MPLADS-3084,Ladakh,RAJYA_SABHA,Other Public Assets,27053052.61,27028594.72,278,80,57.75,CTR-023,2,6,1.2325,0.867,HILLY,2024,43657276.51,70.7
MPLADS-3085,Jharkhand,LOK_SABHA,Community Halls,47430004.32,44915244.84,279,305,93.62,CTR-063,5,61,1.061,0.5918,PLAIN,2024,53792636.19,53.77
MPLADS-3086,Andaman and Nicobar Islands,LOK_SABHA,Roads,13106563.01,11950842.24,405,377,84.4,CTR-005,6,51,1.0529,0.6534,COASTAL,2025,14246872.54,50.51
MPLADS-3087,Sikkim,LOK_SABHA,Electrification,49759655.76,46885286.46,408,494,75.84,CTR-003,10,47,0.9919,0.7289,HILLY,2024,59009450.55,150.11
MPLADS-3088,Uttarakhand,LOK_SABHA,Education,21167864.29,17216104.21,102,73,63.75,CTR-018,2,16,1.3492,1.0,HILLY,2023,31109141.02,63.14
MPLADS-3089,Chhattisgarh,LOK_SABHA,Education,21040262.29,17842298.01,133,184,86.63,CTR-144,6,47,1.2506,0.367,PLAIN,2024,26167746.62,68.62
MPLADS-3090,Goa,LOK_SABHA,Other Public Assets,10351971.23,9490072.95,298,94,20.26,CTR-185,7,44,1.3435,0.9255,COASTAL,2023,16342981.14,94.99
MPLADS-3091,Meghalaya,LOK_SABHA,Sports Infrastructure,5398754.48,4781623.39,188,268,100.0,CTR-154,4,98,1.3414,0.9541,PLAIN,2023,8013059.5,124.51
MPLADS-3092,Jharkhand,LOK_SABHA,Healthcare,39716758.71,36713145.46,445,568,100.0,CTR-045,1,67,1.3195,0.0312,PLAIN,2023,58074973.27,35.17
MPLADS-3093,Dadra and Nagar Haveli and Daman and Diu,LOK_SABHA,Bridges,28734579.19,29703376.13,340,386,100.0,CTR-109,7,51,1.0494,0.6535,PLAIN,2025,35693128.14,77.36
MPLADS-3094,Assam,RAJYA_SABHA,Bridges,4248705.72,4451183.25,462,661,100.0,CTR-076,7,88,1.2725,0.4824,DESERT,2023,7285768.42,91.87
MPLADS-3095,Gujarat,LOK_SABHA,Bridges,48626139.87,50899917.71,151,82,63.74,CTR-015,11,0,1.3155,0.8617,COASTAL,2024,84710602.5,105.26
MPLADS-3096,Jammu and Kashmir,LOK_SABHA,Education,26015021.78,25880419.14,481,438,74.71,CTR-022,5,37,1.3329,0.0907,PLAIN,2024,39755342.34,46.5
MPLADS-3097,Rajasthan,LOK_SABHA,Drinking Water,5641635.46,4990613.33,113,165,87.77,CTR-025,12,28,1.068,0.5088,DESERT,2025,6431312.92,91.17
MPLADS-3098,Meghalaya,LOK_SABHA,Other Public Assets,42184612.02,33884445.81,161,146,92.25,CTR-001,1,0,1.1098,1.0,HILLY,2025,48338412.15,51.1
MPLADS-3099,Ladakh,RAJYA_SABHA,Community Halls,23591818.73,23073216.22,299,337,100.0,CTR-147,0,14,1.1479,1.0,DESERT,2025,32282435.8,45.99
MPLADS-3100,Karnataka,LOK_SABHA,Healthcare,17195802.22,14871436.54,482,487,100.0,CTR-092,12,76,1.0309,0.6308,HILLY,2025,19666080.35,141.62
MPLADS-3101,Madhya Pradesh,LOK_SABHA,Roads,12242107.81,10139710.2,481,152,27.62,CTR-025,12,52,0.9804,0.7617,PLAIN,2024,11183471.67,93.83
MPLADS-3102,Bihar,LOK_SABHA,Roads,38253026.01,32387732.29,256,110,43.59,CTR-114,7,35,1.1447,0.3625,PLAIN,2025,41039757.69,52.41
MPLADS-3103,Ladakh,RAJYA_SABHA,Drinking Water,28648606.31,29493041.77,531,15,0.0,CTR-069,1,13,1.0746,0.2325,HILLY,2024,38511403.09,42.34
MPLADS-3104,Gujarat,RAJYA_SABHA,Education,11478696.61,10447003.62,414,156,48.78,CTR-023,2,51,1.1314,0.2655,COASTAL,2024,13940905.83,59.81
MPLADS-3105,Karnataka,RAJYA_SABHA,Community Halls,23948585.66,22056230.03,382,314,81.74,CTR-091,6,81,0.9815,0.4351,PLAIN,2024,24260210.2,109.69
MPLADS-3106,Odisha,LOK_SABHA,Electrification,1808472.21,1666794.32,323,282,59.49,CTR-180,8,76,0.9992,0.3895,PLAIN,2025,1924367.42,77.47
MPLADS-3107,Nagaland,LOK_SABHA,Sports Infrastructure,19149884.97,17969525.5,202,276,100.0,CTR-133,1,49,1.1198,0.2768,HILLY,2024,26680112.18,72.34
MPLADS-3108,Manipur,LOK_SABHA,Healthcare,21006149.29,20822919.68,326,334,100.0,CTR-072,3,46,1.1135,0.7878,HILLY,2025,29844199.96,113.32
MPLADS-3109,Bihar,RAJYA_SABHA,Community Halls,44704797.72,36981447.82,233,254,92.81,CTR-136,4,73,1.1071,0.3484,PLAIN,2024,43610601.21,55.86
MPLADS-3110,Haryana,RAJYA_SABHA,Sanitation,39153726.66,38646795.92,166,83,46.84,CTR-112,12,40,1.2248,0.7402,PLAIN,2025,55436865.28,90.06
MPLADS-3111,Sikkim,LOK_SABHA,Community Halls,20958140.69,20891356.19,322,7,0.0,CTR-103,12,37,0.9712,0.3137,HILLY,2025,26223288.7,125.97
MPLADS-3112,Meghalaya,RAJYA_SABHA,Roads,28418257.11,27217986.54,539,752,100.0,CTR-152,4,103,0.9944,0.8073,HILLY,2025,34154052.01,81.01
MPLADS-3113,Himachal Pradesh,LOK_SABHA,Sanitation,33948873.61,32667586.08,505,642,100.0,CTR-090,13,56,1.141,0.2735,PLAIN,2025,43423017.67,94.29
MPLADS-3114,Telangana,LOK_SABHA,Electrification,42404015.4,44292773.85,219,20,0.0,CTR-128,12,11,1.095,0.9055,PLAIN,2025,57726044.31,110.35
MPLADS-3115,Puducherry,LOK_SABHA,Electrification,41753816.51,35527295.52,175,79,42.13,CTR-173,12,48,1.2597,0.0746,PLAIN,2024,53616539.85,70.87
MPLADS-3116,Jharkhand,LOK_SABHA,Sports Infrastructure,38398249.83,31280320.4,153,198,100.0,CTR-038,13,49,0.9956,0.7276,PLAIN,2023,35788855.2,139.31
MPLADS-3117,Delhi,LOK_SABHA,Sanitation,44263398.47,46119305.99,110,44,34.54,CTR-021,8,31,1.2161,0.1452,PLAIN,2023,62823744.81,67.97
MPLADS-3118,Goa,RAJYA_SABHA,Drinking Water,48927350.28,50286635.89,237,351,96.12,CTR-060,10,87,1.073,0.6459,COASTAL,2025,67170211.99,115.41
MPLADS-3119,Telangana,RAJYA_SABHA,Bridges,18732784.81,15481739.9,412,493,96.39,CTR-149,13,49,1.2558,0.0317,PLAIN,2024,22377917.0,48.44
MPLADS-3120,Tamil Nadu,LOK_SABHA,Community Halls,40442105.62,37001631.98,394,349,72.58,CTR-194,5,40,1.2015,0.9983,PLAIN,2025,49899426.34,85.08
MPLADS-3121,Telangana,LOK_SABHA,Community Halls,30248352.11,24254372.78,227,156,72.34,CTR-069,1,24,1.2682,0.3581,DESERT,2024,38455476.4,43.36
MPLADS-3122,West Bengal,LOK_SABHA,Healthcare,46455967.02,37863291.53,216,14,11.62,CTR-050,12,72,1.1842,0.2199,PLAIN,2023,52586267.92,72.98
MPLADS-3123,Telangana,RAJYA_SABHA,Community Halls,24183755.98,21405220.66,487,502,95.44,CTR-105,12,46,1.3174,0.273,HILLY,2025,37380473.45,103.27
MPLADS-3124,Delhi,LOK_SABHA,Healthcare,1005640.69,973179.6,104,88,82.37,CTR-035,14,0,1.29,0.1444,COASTAL,2024,1575585.46,89.54
MPLADS-3125,Dadra and Nagar Haveli and Daman and Diu,LOK_SABHA,Healthcare,5934512.91,4782731.26,255,131,38.5,CTR-101,13,37,1.238,0.8634,PLAIN,2024,7193476.88,118.57
MPLADS-3126,Himachal Pradesh,LOK_SABHA,Other Public Assets,34339953.79,33357330.22,196,13,0.0,CTR-087,1,16,1.0266,0.6278,HILLY,2024,41019321.07,49.79
MPLADS-3127,Punjab,LOK_SABHA,Sanitation,4808641.25,4184886.34,525,480,100.0,CTR-155,6,44,1.3167,0.4158,HILLY,2025,7322213.46,86.47
MPLADS-3128,Tamil Nadu,RAJYA_SABHA,Healthcare,40928804.34,41955488.88,391,545,68.0,CTR-132,8,48,1.2865,0.4427,COASTAL,2025,67696267.99,107.0
MPLADS-3129,Chandigarh,LOK_SABHA,Community Halls,45556980.8,44676255.87,194,230,94.33,CTR-195,15,49,1.3043,0.0972,PLAIN,2025,69138387.59,113.88
MPLADS-3130,Arunachal Pradesh,LOK_SABHA,Drinking Water,36209281.4,37104953.1,108,131,97.35,CTR-040,10,0,1.0695,0.5457,HILLY,2025,49570344.13,65.91
MPLADS-3131,Bihar,LOK_SABHA,Drinking Water,44326527.5,39202709.2,283,196,63.48,CTR-094,6,65,1.2972,0.4201,PLAIN,2025,59667237.77,65.39
MPLADS-3132,Goa,RAJYA_SABHA,Other Public Assets,9921440.63,9338760.46,133,147,77.59,CTR-170,0,83,1.0922,0.1223,COASTAL,2024,11441944.78,62.28
MPLADS-3133,Gujarat,RAJYA_SABHA,Sanitation,3730984.32,3052181.74,207,146,65.85,CTR-178,2,50,0.9661,0.4315,DESERT,2025,3463609.16,54.83
MPLADS-3134,Tamil Nadu,RAJYA_SABHA,Community Halls,23547096.81,23079710.74,401,193,44.37,CTR-006,13,49,0.9873,0.952,COASTAL,2024,29015562.49,117.38
MPLADS-3135,Chandigarh,LOK_SABHA,Bridges,45573370.54,42119498.44,513,231,60.2,CTR-167,5,51,1.128,0.217,HILLY,2024,58663553.45,66.8
MPLADS-3136,Haryana,RAJYA_SABHA,Sanitation,33664231.61,29389184.76,172,216,100.0,CTR-049,10,0,1.0867,0.9332,PLAIN,2024,35801541.5,96.28
MPLADS-3137,Mizoram,LOK_SABHA,Sanitation,14152312.32,11560321.18,315,335,87.04,CTR-185,7,52,1.0114,0.7472,DESERT,2025,14057708.93,106.23
MPLADS-3138,West Bengal,LOK_SABHA,Education,41929743.29,34289738.25,266,85,63.44,CTR-005,6,18,1.1983,0.4929,COASTAL,2023,49640182.93,49.55
MPLADS-3139,Gujarat,LOK_SABHA,Bridges,6586662.43,6085146.8,381,116,32.01,CTR-087,1,46,1.0554,0.0391,PLAIN,2023,6475981.86,31.25
MPLADS-3140,Telangana,LOK_SABHA,Sanitation,28746781.62,28550796.01,438,420,93.2,CTR-097,3,43,1.2322,0.6054,PLAIN,2025,40295401.67,65.06
MPLADS-3141,Himachal Pradesh,LOK_SABHA,Electrification,41489432.54,38475716.52,137,14,0.0,CTR-102,3,53,1.0347,0.8388,HILLY,2024,50253579.22,71.96
MPLADS-3142,Goa,LOK_SABHA,Community Halls,7722048.79,6634420.15,136,89,87.24,CTR-116,9,19,1.1867,0.7039,COASTAL,2024,9736856.4,62.7
MPLADS-3143,Assam,LOK_SABHA,Sports Infrastructure,4451999.88,4373432.12,245,90,31.23,CTR-179,14,93,1.1566,0.3914,PLAIN,2024,5854528.72,145.82
MPLADS-3144,Kerala,LOK_SABHA,Sanitation,46187143.42,47387969.71,343,139,62.07,CTR-112,12,93,1.1466,0.4889,HILLY,2024,72695794.24,133.11
MPLADS-3145,Tripura,RAJYA_SABHA,Healthcare,48606828.51,48584215.14,193,135,54.53,CTR-200,15,25,0.9689,1.0,HILLY,2024,62401224.45,135.71
MPLADS-3146,Jammu and Kashmir,LOK_SABHA,Sports Infrastructure,2442864.11,1971501.77,321,210,73.2,CTR-082,6,39,1.3271,1.0,HILLY,2025,3488386.44,102.24
MPLADS-3147,Chhattisgarh,LOK_SABHA,Education,25194224.29,23417638.47,185,239,100.0,CTR-150,0,63,1.2811,0.1634,PLAIN,2024,33638473.22,34.46
MPLADS-3148,Kerala,RAJYA_SABHA,Electrification,45371705.11,44206535.14,176,145,82.67,CTR-168,2,44,1.0926,0.8293,PLAIN,2023,55503264.36,37.84
MPLADS-3149,Andhra Pradesh,LOK_SABHA,Community Halls,44777725.79,41086536.01,172,8,23.74,CTR-034,8,0,0.981,0.7938,COASTAL,2024,45317107.26,65.76
MPLADS-3150,Lakshadweep,LOK_SABHA,Drinking Water,8722824.22,7700849.83,412,459,100.0,CTR-156,10,56,1.212,0.7058,COASTAL,2025,11866046.32,128.22
MPLADS-3151,Himachal Pradesh,RAJYA_SABHA,Other Public Assets,1033434.93,1077280.99,438,252,86.58,CTR-122,10,56,1.304,1.0,HILLY,2024,1921956.99,99.97
MPLADS-3152,Odisha,LOK_SABHA,Sanitation,25994260.06,26579071.86,274,338,82.0,CTR-058,2,75,1.3095,0.1868,PLAIN,2023,39527474.82,53.32
MPLADS-3153,Karnataka,RAJYA_SABHA,Sanitation,44272208.85,38576408.93,536,679,88.27,CTR-008,11,80,1.1057,0.9181,COASTAL,2024,54317617.77,114.34
MPLADS-3154,Odisha,LOK_SABHA,Sanitation,43843156.51,35121705.86,277,41,17.41,CTR-168,2,75,1.0951,0.8366,PLAIN,2025,42408584.87,106.28
MPLADS-3155,Lakshadweep,RAJYA_SABHA,Electrification,40531556.29,39174850.22,482,507,84.35,CTR-055,7,49,1.0664,0.6165,COASTAL,2023,46656197.7,67.14
MPLADS-3156,Sikkim,LOK_SABHA,Roads,8741390.46,7013929.05,194,183,91.08,CTR-101,13,52,1.1097,1.0,HILLY,2023,10714938.31,118.36
MPLADS-3157,Madhya Pradesh,LOK_SABHA,Electrification,24181649.08,24139807.52,111,52,27.05,CTR-071,12,28,1.0676,0.2864,PLAIN,2025,28728836.02,72.16
MPLADS-3158,Madhya Pradesh,RAJYA_SABHA,Sports Infrastructure,17360945.55,16436270.15,344,334,100.0,CTR-094,6,51,1.0574,0.8155,PLAIN,2024,19934991.44,66.26
MPLADS-3159,Mizoram,LOK_SABHA,Community Halls,42821319.94,42942598.11,410,576,71.38,CTR-024,14,46,1.0525,0.8929,HILLY,2024,61823632.59,128.48
MPLADS-3160,Meghalaya,LOK_SABHA,Electrification,48749960.35,45932352.12,279,144,49.64,CTR-060,10,49,1.3452,0.8984,HILLY,2024,85955249.25,113.89
MPLADS-3161,Uttar Pradesh,RAJYA_SABHA,Community Halls,20495473.0,20484554.15,362,63,44.67,CTR-032,3,61,1.1059,0.931,PLAIN,2025,25507345.32,49.91
MPLADS-3162,Mizoram,RAJYA_SABHA,Electrification,45353968.9,44892506.34,104,121,100.0,CTR-078,3,0,1.0923,0.5072,HILLY,2025,62468674.62,49.83
MPLADS-3163,Ladakh,LOK_SABHA,Sanitation,46536100.27,48770339.98,535,549,100.0,CTR-191,10,12,1.0611,0.3923,DESERT,2024,63263441.66,71.07
MPLADS-3164,Punjab,LOK_SABHA,Community Halls,34896292.13,30934082.29,456,589,100.0,CTR-149,13,45,0.9634,1.0,DESERT,2024,39355625.57,126.03
MPLADS-3165,Karnataka,LOK_SABHA,Sports Infrastructure,6788480.47,5471859.66,435,416,90.72,CTR-106,12,70,1.1955,0.1434,PLAIN,2023,7673548.87,90.42
MPLADS-3166,Haryana,RAJYA_SABHA,Drinking Water,33501904.53,32619772.71,536,546,100.0,CTR-067,14,39,1.1455,0.8367,DESERT,2025,49570443.16,101.98
MPLADS-3167,Mizoram,RAJYA_SABHA,Education,6674733.0,5758235.05,198,101,44.72,CTR-051,12,51,1.2736,0.3004,HILLY,2024,9555281.62,108.79
MPLADS-3168,Manipur,LOK_SABHA,Healthcare,20333339.68,17336020.4,311,367,89.36,CTR-157,2,50,1.2119,0.8221,HILLY,2024,27287876.8,114.9
MPLADS-3169,Arunachal Pradesh,RAJYA_SABHA,Healthcare,13439562.76,11743188.85,347,63,28.11,CTR-061,14,51,1.3464,0.9494,HILLY,2024,21361987.04,127.11
MPLADS-3170,Maharashtra,LOK_SABHA,Community Halls,35827686.71,32580374.19,356,384,100.0,CTR-066,5,79,1.028,0.2026,PLAIN,2023,36453689.81,58.57
MPLADS-3171,Dadra and Nagar Haveli and Daman and Diu,LOK_SABHA,Sports Infrastructure,43702234.93,42889420.56,529,712,100.0,CTR-124,7,50,1.1284,0.8604,PLAIN,2024,55779292.21,98.22
MPLADS-3172,Goa,RAJYA_SABHA,Sanitation,12175416.63,12604049.19,129,149,100.0,CTR-195,15,0,1.3181,0.7694,COASTAL,2023,21307983.49,83.31
MPLADS-3173,Bihar,LOK_SABHA,Education,30867477.3,32121332.84,152,26,38.4,CTR-082,6,53,0.9595,0.2177,PLAIN,2023,32422127.75,68.84
MPLADS-3174,Ladakh,LOK_SABHA,Sports Infrastructure,30182564.58,25482093.86,288,128,58.3,CTR-127,1,7,1.0159,1.0,DESERT,2025,32474676.4,61.7
MPLADS-3175,Tamil Nadu,RAJYA_SABHA,Electrification,28186879.81,27510403.61,114,135,100.0,CTR-151,13,0,1.207,0.8437,COASTAL,2024,41666781.19,110.29
MPLADS-3176,Chhattisgarh,LOK_SABHA,Sanitation,31103199.12,32016981.67,120,128,77.71,CTR-010,1,12,1.0468,1.0,HILLY,2024,43407358.61,78.91
MPLADS-3177,Punjab,LOK_SABHA,Electrification,28538659.1,27018822.42,419,113,37.45,CTR-157,2,44,1.2878,0.6093,PLAIN,2023,41484847.02,54.98
MPLADS-3178,Delhi,LOK_SABHA,Education,666547.74,549015.56,239,67,26.54,CTR-018,2,8,1.3161,0.3059,COASTAL,2025,879974.5,24.78
MPLADS-3179,Haryana,LOK_SABHA,Electrification,38495993.8,37119771.59,201,59,38.45,CTR-130,10,39,1.086,0.9242,HILLY,2024,53640129.96,109.06
MPLADS-3180,Lakshadweep,LOK_SABHA,Other Public Assets,30760704.6,30857855.53,210,310,100.0,CTR-048,14,35,1.3475,0.6902,COASTAL,2024,53786567.03,134.97
MPLADS-3181,Jammu and Kashmir,LOK_SABHA,Education,2484883.23,2407714.28,518,642,94.04,CTR-144,6,42,1.3193,0.1453,PLAIN,2024,3659266.9,49.11
MPLADS-3182,Rajasthan,RAJYA_SABHA,Education,38376368.43,31571122.38,90,60,65.41,CTR-020,7,9,1.0706,0.6816,PLAIN,2025,38057848.07,55.64
MPLADS-3183,Mizoram,LOK_SABHA,Education,18914389.33,19487139.0,451,177,49.31,CTR-099,10,50,1.0553,0.1691,PLAIN,2024,23278407.86,84.9
MPLADS-3184,Odisha,LOK_SABHA,Education,35081818.64,29143880.46,151,104,74.67,CTR-130,10,0,0.9913,0.9118,COASTAL,2025,33184210.03,91.15
MPLADS-3185,Tripura,LOK_SABHA,Education,36268504.97,36089879.62,264,99,33.44,CTR-008,11,45,1.0402,0.5283,HILLY,2024,47757462.48,117.94
MPLADS-3186,Meghalaya,LOK_SABHA,Community Halls,1859172.04,1726706.39,507,348,74.5,CTR-039,4,96,1.063,0.8061,HILLY,2025,2433449.52,113.41
MPLADS-3187,Himachal Pradesh,LOK_SABHA,Sanitation,38446475.06,32840130.0,378,424,100.0,CTR-039,4,62,1.344,0.351,HILLY,2025,57527038.75,78.5
MPLADS-3188,Goa,RAJYA_SABHA,Community Halls,8477047.89,6894104.75,516,352,90.55,CTR-042,12,92,0.9743,0.446,COASTAL,2024,8368803.43,149.46
MPLADS-3189,Jharkhand,LOK_SABHA,Community Halls,30546950.56,25480887.06,181,215,75.59,CTR-051,12,0,1.1762,0.8843,DESERT,2025,38207093.64,91.89
MPLADS-3190,Odisha,LOK_SABHA,Bridges,26952777.02,25241588.53,538,153,42.01,CTR-149,13,73,1.0484,0.8822,PLAIN,2025,30915081.6,110.26
MPLADS-3191,Lakshadweep,RAJYA_SABHA,Drinking Water,1139692.27,947848.05,435,629,100.0,CTR-139,5,52,1.0317,0.1028,COASTAL,2023,1090377.74,55.05
MPLADS-3192,Andaman and Nicobar Islands,LOK_SABHA,Electrification,34644887.7,29032661.05,253,147,59.05,CTR-035,14,11,1.0932,0.3943,COASTAL,2024,39871650.29,72.27
MPLADS-3193,Ladakh,LOK_SABHA,Other Public Assets,21559756.74,18188212.23,223,93,53.99,CTR-130,10,12,1.3172,0.2066,DESERT,2025,31073470.17,71.21
MPLADS-3194,Chandigarh,RAJYA_SABHA,Roads,38782451.3,31270956.53,251,82,39.45,CTR-175,11,48,0.9753,0.3494,PLAIN,2023,33617059.33,94.55
MPLADS-3195,Bihar,RAJYA_SABHA,Sanitation,48060169.01,41744620.76,506,458,100.0,CTR-197,5,65,1.3222,1.0,DESERT,2024,72236644.44,104.03
MPLADS-3196,Gujarat,LOK_SABHA,Other Public Assets,34162981.94,34888780.23,126,57,24.85,CTR-120,1,0,1.2045,0.9752,PLAIN,2025,49508680.77,54.4
MPLADS-3197,Kerala,LOK_SABHA,Drinking Water,36046886.0,37442406.65,326,474,93.96,CTR-029,8,86,1.2969,0.6319,HILLY,2025,66238802.96,120.64
MPLADS-3198,Madhya Pradesh,RAJYA_SABHA,Community Halls,47528939.84,48652283.52,334,467,100.0,CTR-046,15,56,0.9653,0.1777,PLAIN,2024,52549069.62,77.76
MPLADS-3199,Chandigarh,LOK_SABHA,Sports Infrastructure,25387927.33,24579323.77,354,201,70.6,CTR-107,12,46,1.3098,0.1798,PLAIN,2024,38448355.06,78.44
MPLADS-3200,Manipur,LOK_SABHA,Education,47877626.57,42396776.93,406,12,0.0,CTR-152,4,51,1.2932,0.2474,HILLY,2023,73009273.4,87.62
MPLADS-3201,Bihar,RAJYA_SABHA,Sports Infrastructure,40884869.66,35030168.53,401,60,20.03,CTR-013,11,67,1.1495,0.6336,COASTAL,2023,50401097.16,98.43
MPLADS-3202,Chhattisgarh,LOK_SABHA,Sports Infrastructure,47279988.71,38749501.11,158,202,100.0,CTR-055,7,0,1.0106,0.1048,PLAIN,2024,40943107.22,42.92
MPLADS-3203,Bihar,LOK_SABHA,Electrification,43909140.91,45677562.62,117,107,100.0,CTR-094,6,0,0.9823,0.8724,PLAIN,2025,52117158.68,41.63
MPLADS-3204,Telangana,LOK_SABHA,Roads,20523701.57,16656029.63,250,83,39.68,CTR-060,10,49,1.0387,0.2221,PLAIN,2025,19010318.67,63.43
MPLADS-3205,Chhattisgarh,LOK_SABHA,Sanitation,5993190.07,5238547.6,406,509,65.56,CTR-050,12,60,1.0026,0.8159,DESERT,2024,6651219.37,135.49
MPLADS-3206,Telangana,LOK_SABHA,Bridges,8552289.21,6844616.72,172,141,100.0,CTR-050,12,0,1.0315,0.7362,PLAIN,2025,8206617.79,41.67
MPLADS-3207,Jammu and Kashmir,RAJYA_SABHA,Other Public Assets,3844661.7,3863561.83,425,562,100.0,CTR-194,5,40,1.3102,0.4417,HILLY,2023,6435257.13,81.18
MPLADS-3208,Madhya Pradesh,RAJYA_SABHA,Sanitation,40441680.38,35326484.8,231,10,0.0,CTR-175,11,52,1.1918,0.9227,HILLY,2024,58368718.91,117.51
MPLADS-3209,Tamil Nadu,RAJYA_SABHA,Electrification,18293246.11,17616715.24,154,161,99.44,CTR-065,6,34,1.2184,0.31,COASTAL,2025,25361377.07,64.05
MPLADS-3210,Odisha,RAJYA_SABHA,Healthcare,28024934.94,28542479.26,416,587,100.0,CTR-124,7,78,1.3045,0.5312,COASTAL,2023,45803273.32,96.55
MPLADS-3211,Andhra Pradesh,RAJYA_SABHA,Bridges,14004232.28,12476666.04,524,234,39.46,CTR-152,4,69,1.3251,0.7792,PLAIN,2025,19740919.62,91.36
MPLADS-3212,Lakshadweep,LOK_SABHA,Community Halls,14327479.34,14918185.88,126,176,100.0,CTR-052,3,47,1.1838,0.2888,COASTAL,2024,20920880.47,53.81
MPLADS-3213,Tripura,LOK_SABHA,Roads,43511071.97,44077126.66,265,82,51.81,CTR-028,13,22,1.1181,0.892,PLAIN,2025,56674965.69,82.73
MPLADS-3214,Lakshadweep,LOK_SABHA,Sports Infrastructure,25883153.5,25282091.26,266,256,100.0,CTR-093,13,51,1.048,0.7885,COASTAL,2024,32127541.27,119.3
MPLADS-3215,Himachal Pradesh,LOK_SABHA,Community Halls,21265118.28,19585105.33,365,453,100.0,CTR-127,1,60,1.324,1.0,HILLY,2024,34931286.3,91.5
MPLADS-3216,Andaman and Nicobar Islands,LOK_SABHA,Drinking Water,42859536.24,36030124.47,521,262,53.21,CTR-094,6,49,1.0676,0.6424,COASTAL,2025,47222324.78,69.35
MPLADS-3217,Dadra and Nagar Haveli and Daman and Diu,LOK_SABHA,Education,41432320.5,38256335.14,339,204,65.1,CTR-189,3,48,1.3259,0.4682,PLAIN,2025,57681107.05,54.04
MPLADS-3218,Odisha,LOK_SABHA,Community Halls,19238373.99,18702361.89,411,303,87.89,CTR-155,6,70,1.0691,0.1252,COASTAL,2025,22823260.28,99.81
MPLADS-3219,Sikkim,RAJYA_SABHA,Sanitation,23098588.43,21807793.15,300,316,53.52,CTR-063,5,53,1.2276,0.8123,HILLY,2024,35643125.97,106.33
MPLADS-3220,Odisha,RAJYA_SABHA,Electrification,49129686.26,42492364.05,176,9,7.04,CTR-074,2,81,1.2362,0.6711,PLAIN,2024,60714321.45,84.31
MPLADS-3221,Telangana,RAJYA_SABHA,Bridges,32340989.08,28442602.47,299,168,57.4,CTR-066,5,35,1.3305,0.4422,HILLY,2023,50305798.37,84.4
MPLADS-3222,Meghalaya,LOK_SABHA,Bridges,11993113.75,12025599.5,160,228,100.0,CTR-037,13,25,0.9794,0.7553,HILLY,2023,15530149.36,121.23
MPLADS-3223,Jammu and Kashmir,LOK_SABHA,Drinking Water,35569192.44,31603283.62,390,441,69.67,CTR-012,15,38,1.1036,0.6199,PLAIN,2024,39924632.32,104.91
MPLADS-3224,Andhra Pradesh,RAJYA_SABHA,Electrification,4471618.69,4073550.75,341,157,34.92,CTR-066,5,64,1.2723,0.2333,PLAIN,2024,6074429.81,60.74
MPLADS-3225,Punjab,LOK_SABHA,Community Halls,44199188.85,46253910.87,307,67,0.0,CTR-070,7,44,1.1423,0.2206,PLAIN,2023,58691977.42,54.19
MPLADS-3226,Lakshadweep,LOK_SABHA,Drinking Water,37125491.44,38084690.68,401,337,87.1,CTR-127,1,47,1.2533,0.308,COASTAL,2024,59127158.42,30.8
MPLADS-3227,Kerala,LOK_SABHA,Other Public Assets,41709321.92,35824858.25,207,12,16.87,CTR-163,6,91,1.2681,0.0208,COASTAL,2024,55049789.93,63.78
MPLADS-3228,Lakshadweep,LOK_SABHA,Sports Infrastructure,41238209.07,41612379.61,488,426,99.92,CTR-038,13,51,1.1955,0.4071,COASTAL,2024,62300376.82,94.21
MPLADS-3229,Himachal Pradesh,LOK_SABHA,Other Public Assets,8327925.42,6912719.19,229,251,76.58,CTR-193,9,39,1.1617,0.7331,DESERT,2025,9954923.35,109.94
MPLADS-3230,Assam,RAJYA_SABHA,Education,49443134.65,42361163.09,475,416,76.51,CTR-030,7,94,1.3193,0.6557,HILLY,2024,76089204.72,106.23
MPLADS-3231,Maharashtra,LOK_SABHA,Healthcare,47430070.11,49018753.15,451,408,100.0,CTR-166,13,82,1.0461,0.5699,HILLY,2025,69210188.35,138.27
MPLADS-3232,Rajasthan,LOK_SABHA,Sports Infrastructure,30932313.52,24910108.02,397,347,85.56,CTR-150,0,34,0.9735,0.3817,PLAIN,2024,25058437.38,32.38
MPLADS-3233,Dadra and Nagar Haveli and Daman and Diu,LOK_SABHA,Roads,13863931.65,12714878.99,368,403,94.54,CTR-114,7,51,1.2704,0.4456,PLAIN,2024,19020909.08,64.0
MPLADS-3234,Goa,RAJYA_SABHA,Sports Infrastructure,33863157.03,29364366.96,249,144,47.9,CTR-071,12,88,1.3381,0.9943,COASTAL,2024,52100561.57,119.71
MPLADS-3235,Tamil Nadu,RAJYA_SABHA,Education,38194159.59,33989978.01,346,516,77.04,CTR-194,5,49,1.184,0.0744,COASTAL,2025,46642376.63,65.99
MPLADS-3236,Delhi,RAJYA_SABHA,Drinking Water,49012921.11,45149213.56,207,248,70.21,CTR-032,3,10,1.1307,1.0,HILLY,2025,65301165.15,76.74
MPLADS-3237,Odisha,RAJYA_SABHA,Bridges,45100338.28,37276764.65,225,120,77.62,CTR-096,4,76,0.9938,0.797,PLAIN,2024,39152526.04,92.54
MPLADS-3238,Odisha,RAJYA_SABHA,Education,28529714.55,29943748.14,406,146,32.01,CTR-164,6,79,1.27,0.27,HILLY,2025,48925036.03,109.07
MPLADS-3239,Himachal Pradesh,RAJYA_SABHA,Drinking Water,25583645.3,24374675.06,266,196,62.74,CTR-124,7,61,1.2395,0.8037,HILLY,2025,39893377.49,134.1
MPLADS-3240,Karnataka,LOK_SABHA,Community Halls,31791668.22,30044413.31,524,304,72.64,CTR-128,12,77,1.1733,0.5852,COASTAL,2025,44143902.96,112.5
MPLADS-3241,Jharkhand,LOK_SABHA,Sports Infrastructure,35650701.71,35950626.3,130,105,88.19,CTR-189,3,44,1.1684,0.5161,PLAIN,2025,47608321.23,40.0
MPLADS-3242,Assam,LOK_SABHA,Electrification,49832027.35,48854265.35,116,113,100.0,CTR-187,2,26,1.1296,0.015,PLAIN,2024,60723602.49,6.37
MPLADS-3243,Ladakh,LOK_SABHA,Other Public Assets,39600036.3,36694151.82,520,286,63.59,CTR-127,1,14,1.0054,0.2056,DESERT,2023,42777193.32,37.64
MPLADS-3244,Himachal Pradesh,LOK_SABHA,Sports Infrastructure,14269807.36,12481720.2,133,68,62.97,CTR-146,13,14,1.2372,0.7824,HILLY,2024,21461667.4,116.26
MPLADS-3245,Kerala,LOK_SABHA,Healthcare,29440891.7,26748560.78,399,242,68.46,CTR-030,7,95,1.1738,0.351,PLAIN,2023,35937719.89,81.68
MPLADS-3246,Andaman and Nicobar Islands,RAJYA_SABHA,Sports Infrastructure,8652077.26,8459358.74,252,375,91.97,CTR-041,2,51,1.1751,0.3339,COASTAL,2024,11743773.13,54.57
MPLADS-3247,Kerala,LOK_SABHA,Roads,12689061.21,12583206.25,209,192,97.44,CTR-116,9,21,1.1493,0.1724,PLAIN,2025,16664708.46,69.98
MPLADS-3248,Assam,LOK_SABHA,Education,29669301.04,30182711.54,492,39,20.39,CTR-197,5,88,1.1061,0.84,HILLY,2025,43828713.79,150.67
MPLADS-3249,Rajasthan,RAJYA_SABHA,Roads,9626503.67,9443817.69,283,99,29.68,CTR-065,6,20,1.0222,0.7585,HILLY,2023,12400121.95,83.18
MPLADS-3250,Tripura,RAJYA_SABHA,Education,8925409.92,7940207.64,295,278,83.56,CTR-046,15,48,1.2439,0.864,PLAIN,2025,12063034.78,123.54
MPLADS-3251,Maharashtra,LOK_SABHA,Electrification,2956885.82,2630109.11,137,87,56.28,CTR-138,0,40,1.0646,0.332,COASTAL,2023,3237481.79,45.87
MPLADS-3252,Sikkim,LOK_SABHA,Community Halls,45359106.63,39811015.73,428,245,54.71,CTR-137,9,48,1.0131,0.9915,HILLY,2023,54226139.08,105.19
MPLADS-3253,Kerala,LOK_SABHA,Community Halls,38771181.9,35346013.16,242,219,94.76,CTR-091,6,43,1.1715,0.0692,PLAIN,2023,46122624.22,42.46
MPLADS-3254,Chandigarh,RAJYA_SABHA,Roads,44405061.41,45225661.7,395,578,92.72,CTR-060,10,48,1.0806,0.5878,COASTAL,2025,60247285.68,95.73
MPLADS-3255,Kerala,LOK_SABHA,Community Halls,18279587.94,15757273.83,493,95,15.81,CTR-079,9,99,1.289,0.312,HILLY,2025,27613758.7,86.22
MPLADS-3256,Bihar,RAJYA_SABHA,Education,31490375.02,29898066.08,276,163,42.01,CTR-079,9,70,1.1127,0.3678,DESERT,2025,40786404.44,120.2
MPLADS-3257,Tamil Nadu,LOK_SABHA,Community Halls,14200229.4,11570028.82,521,758,100.0,CTR-094,6,51,1.1477,0.3112,DESERT,2024,16287380.49,67.62
MPLADS-3258,Dadra and Nagar Haveli and Daman and Diu,LOK_SABHA,Roads,15605283.32,13161229.24,459,278,60.93,CTR-067,14,52,1.0593,0.7475,PLAIN,2023,15959543.93,86.91
MPLADS-3259,Bihar,LOK_SABHA,Other Public Assets,47469587.94,39973856.99,303,166,66.95,CTR-092,12,71,0.9997,0.7291,PLAIN,2024,45083383.41,112.44
MPLADS-3260,Manipur,RAJYA_SABHA,Other Public Assets,33007906.76,31264548.53,494,313,67.09,CTR-016,12,51,1.1716,0.3408,HILLY,2023,47381622.98,132.86
MPLADS-3261,Tamil Nadu,RAJYA_SABHA,Electrification,44552761.14,39593998.81,110,93,80.38,CTR-048,14,12,1.0503,0.2226,PLAIN,2023,46707539.0,86.71
MPLADS-3262,Karnataka,LOK_SABHA,Drinking Water,28732008.15,25545649.25,106,30,35.44,CTR-058,2,0,1.1142,0.2014,HILLY,2025,36064208.0,37.48
MPLADS-3263,Rajasthan,RAJYA_SABHA,Electrification,21514718.31,19412561.91,298,264,89.96,CTR-181,15,34,1.0723,1.0,DESERT,2023,27261346.78,150.07
MPLADS-3264,Maharashtra,LOK_SABHA,Bridges,13927483.86,13186779.01,458,15,9.63,CTR-024,14,86,1.3341,0.4083,DESERT,2025,23654682.3,99.62
MPLADS-3265,Odisha,LOK_SABHA,Bridges,4580784.64,3759375.35,288,330,100.0,CTR-174,11,56,1.045,0.0976,PLAIN,2023,4050343.1,81.52
MPLADS-3266,Lakshadweep,RAJYA_SABHA,Community Halls,19900097.66,16971957.17,147,68,21.02,CTR-141,15,25,1.1054,0.2859,COASTAL,2023,22161341.66,113.7
MPLADS-3267,Sikkim,LOK_SABHA,Sports Infrastructure,48812871.67,47213408.98,361,67,40.34,CTR-051,12,42,1.1719,0.7358,PLAIN,2025,66736851.27,89.73
MPLADS-3268,Ladakh,LOK_SABHA,Sports Infrastructure,32778359.18,32213228.18,262,113,69.54,CTR-086,11,13,1.1564,0.4552,HILLY,2024,48504708.46,61.32
MPLADS-3269,Andaman and Nicobar Islands,LOK_SABHA,Electrification,31228148.16,25929025.56,278,175,69.19,CTR-072,3,50,1.255,0.9733,COASTAL,2024,40103169.56,70.01
MPLADS-3270,Odisha,LOK_SABHA,Drinking Water,42688513.03,35018130.14,257,348,100.0,CTR-081,15,76,1.1805,0.0409,PLAIN,2024,47061125.66,81.09
MPLADS-3271,Jammu and Kashmir,LOK_SABHA,Education,45897075.87,39219046.61,451,85,32.04,CTR-054,7,36,1.3008,0.5546,HILLY,2024,65070960.31,70.91
MPLADS-3272,Andhra Pradesh,RAJYA_SABHA,Community Halls,1805424.58,1700183.38,225,57,0.0,CTR-095,14,19,1.2587,0.5636,PLAIN,2023,2507791.11,84.29
MPLADS-3273,Himachal Pradesh,RAJYA_SABHA,Roads,34376613.84,32288555.55,186,257,76.26,CTR-137,9,15,1.2567,1.0,HILLY,2024,54616467.18,89.21
MPLADS-3274,Arunachal Pradesh,RAJYA_SABHA,Sanitation,36296485.66,30088664.99,261,258,90.41,CTR-009,3,12,1.2555,0.2515,HILLY,2024,47869676.45,44.11
MPLADS-3275,Sikkim,LOK_SABHA,Sanitation,6887382.76,5666198.65,207,152,59.32,CTR-191,10,36,1.2609,0.7961,HILLY,2023,9641106.2,117.92
MPLADS-3276,Haryana,RAJYA_SABHA,Bridges,29680589.3,26009207.85,172,144,92.29,CTR-089,12,0,1.2279,0.8827,DESERT,2024,41951142.28,47.36
MPLADS-3277,Jharkhand,LOK_SABHA,Sports Infrastructure,35166118.94,34757192.02,219,202,66.03,CTR-098,10,64,1.2278,0.7114,PLAIN,2024,51045070.2,101.58
MPLADS-3278,Haryana,LOK_SABHA,Sports Infrastructure,20462010.62,18165488.4,388,361,84.41,CTR-166,13,39,1.2857,0.5227,PLAIN,2025,28231454.79,103.16
MPLADS-3279,Goa,LOK_SABHA,Electrification,38151775.67,36801604.25,516,692,100.0,CTR-045,1,88,1.259,0.9398,COASTAL,2024,59087907.47,79.68
MPLADS-3280,Chandigarh,LOK_SABHA,Healthcare,27493171.35,22663967.19,402,275,77.38,CTR-099,10,50,1.3245,0.1299,COASTAL,2025,37000489.15,59.72
MPLADS-3281,Arunachal Pradesh,RAJYA_SABHA,Sanitation,9032252.5,7456672.7,144,128,72.4,CTR-060,10,0,1.1813,0.8171,HILLY,2023,11384666.97,91.96
MPLADS-3282,Puducherry,RAJYA_SABHA,Other Public Assets,8789547.87,7163313.28,316,208,88.33,CTR-096,4,46,0.9896,0.88,DESERT,2024,8718210.04,91.96
MPLADS-3283,Sikkim,LOK_SABHA,Community Halls,37556263.26,37233907.92,374,287,66.47,CTR-074,2,50,1.202,1.0,HILLY,2025,59129905.7,95.0
MPLADS-3284,Puducherry,LOK_SABHA,Sports Infrastructure,16495986.81,13581856.66,203,74,42.09,CTR-124,7,11,1.1684,0.5912,PLAIN,2025,18522508.24,49.37
MPLADS-3285,Haryana,LOK_SABHA,Roads,7381922.36,6808463.77,230,159,75.46,CTR-116,9,39,0.9861,1.0,DESERT,2025,8379900.73,106.73
MPLADS-3286,Uttarakhand,LOK_SABHA,Education,11674748.76,9359482.54,254,74,35.36,CTR-134,8,62,1.2635,0.9815,PLAIN,2025,14705450.4,96.99
MPLADS-3287,Punjab,LOK_SABHA,Other Public Assets,28525666.51,28887091.7,408,196,65.25,CTR-120,1,50,1.2392,0.265,PLAIN,2025,40444451.63,36.22
MPLADS-3288,Meghalaya,LOK_SABHA,Healthcare,35627598.06,30823715.58,150,98,68.71,CTR-001,1,23,1.1247,0.2118,HILLY,2025,44724882.59,34.54
MPLADS-3289,West Bengal,RAJYA_SABHA,Healthcare,22895398.19,23694244.79,468,378,99.97,CTR-013,11,73,1.1789,0.7228,HILLY,2025,37448815.7,137.19
MPLADS-3290,Telangana,RAJYA_SABHA,Community Halls,10542640.7,8921429.09,465,76,0.0,CTR-018,2,48,1.3302,0.4062,COASTAL,2024,14261398.29,50.19
MPLADS-3291,Haryana,LOK_SABHA,Community Halls,39136515.34,40619242.82,280,368,65.17,CTR-176,7,37,1.1179,0.3819,COASTAL,2025,51899523.84,106.56
MPLADS-3292,Puducherry,LOK_SABHA,Sanitation,35344180.92,28355605.42,176,229,88.41,CTR-061,14,53,1.2323,0.7891,PLAIN,2023,40910845.52,128.02
MPLADS-3293,Uttar Pradesh,LOK_SABHA,Other Public Assets,28179794.09,25824901.1,227,36,40.96,CTR-148,3,57,1.2362,0.5231,HILLY,2023,41260614.52,87.38
MPLADS-3294,Manipur,LOK_SABHA,Bridges,29662714.21,27935089.8,503,534,99.91,CTR-100,2,52,1.217,0.5233,PLAIN,2025,39084367.57,53.21
MPLADS-3295,Kerala,RAJYA_SABHA,Sanitation,42470516.63,43166264.46,500,101,33.28,CTR-093,13,89,1.1797,0.2584,COASTAL,2023,62162174.69,97.47
MPLADS-3296,Karnataka,LOK_SABHA,Roads,10906318.9,11332715.83,165,145,91.68,CTR-054,7,0,1.1001,0.9145,HILLY,2025,16123035.36,56.25
MPLADS-3297,Karnataka,RAJYA_SABHA,Sports Infrastructure,25671551.48,26873753.6,435,349,100.0,CTR-199,5,70,1.0455,0.3945,PLAIN,2023,31380385.01,83.9
MPLADS-3298,Karnataka,LOK_SABHA,Roads,11325721.01,11855870.05,94,5,0.0,CTR-027,6,19,1.0248,1.0,HILLY,2024,15226031.35,80.72
MPLADS-3299,Arunachal Pradesh,RAJYA_SABHA,Healthcare,42357647.3,42714258.34,420,412,96.7,CTR-136,4,51,1.1003,1.0,HILLY,2025,61710431.92,106.77
MPLADS-3300,Maharashtra,LOK_SABHA,Education,24844670.73,23935520.81,291,172,71.48,CTR-056,0,38,1.1245,1.0,HILLY,2023,34658176.42,98.64
MPLADS-3301,Jharkhand,RAJYA_SABHA,Sanitation,924241.61,938842.47,165,209,95.84,CTR-037,13,19,1.0185,0.1491,PLAIN,2023,1010170.82,79.48
MPLADS-3302,Tamil Nadu,LOK_SABHA,Bridges,18143697.49,14642951.84,393,260,75.97,CTR-096,4,51,1.1401,0.3999,PLAIN,2023,18684337.55,28.85
MPLADS-3303,West Bengal,RAJYA_SABHA,Drinking Water,28080236.02,23518627.8,528,366,100.0,CTR-135,12,66,1.1312,0.2645,PLAIN,2025,30097753.85,71.24
MPLADS-3304,Karnataka,LOK_SABHA,Drinking Water,5892006.23,5272935.77,333,474,100.0,CTR-142,3,74,0.9923,0.6668,PLAIN,2025,5761004.0,78.22
MPLADS-3305,Odisha,LOK_SABHA,Other Public Assets,24835987.58,24241195.47,390,99,31.88,CTR-077,5,69,1.281,0.7166,DESERT,2024,39203159.26,85.64
MPLADS-3306,Puducherry,LOK_SABHA,Healthcare,43873017.35,40908959.32,484,305,70.47,CTR-038,13,50,1.1524,0.7625,PLAIN,2025,56616160.64,115.98
MPLADS-3307,Jammu and Kashmir,RAJYA_SABHA,Electrification,12337774.88,12445643.94,148,213,100.0,CTR-197,5,0,0.9583,0.5965,HILLY,2023,14396440.22,65.93
MPLADS-3308,Kerala,LOK_SABHA,Community Halls,33212084.16,28849173.48,376,268,100.0,CTR-146,13,79,1.2001,0.0365,PLAIN,2023,40910629.13,81.47
MPLADS-3309,Karnataka,LOK_SABHA,Bridges,11228406.76,11265085.39,534,274,49.24,CTR-059,11,80,1.2807,1.0,DESERT,2025,19636117.56,137.71
MPLADS-3310,Andaman and Nicobar Islands,RAJYA_SABHA,Healthcare,23414212.43,20717382.0,415,617,95.17,CTR-048,14,56,1.0949,0.7739,COASTAL,2023,28794775.41,124.88
MPLADS-3311,Gujarat,LOK_SABHA,Bridges,21938323.01,17663687.26,229,62,18.54,CTR-117,0,52,1.2099,0.556,HILLY,2024,27153500.73,71.1
MPLADS-3312,Delhi,RAJYA_SABHA,Roads,12483797.9,11517005.22,169,83,66.58,CTR-166,13,30,1.3001,0.7315,HILLY,2023,20132437.82,132.68
MPLADS-3313,Puducherry,LOK_SABHA,Sports Infrastructure,14379984.51,12860021.7,217,132,66.22,CTR-010,1,10,1.1297,0.3978,PLAIN,2023,15591631.99,37.84
MPLADS-3314,Dadra and Nagar Haveli and Daman and Diu,RAJYA_SABHA,Roads,963030.43,793049.78,178,20,1.19,CTR-184,11,22,1.0081,0.45,PLAIN,2025,880806.39,56.83
MPLADS-3315,Bihar,RAJYA_SABHA,Sports Infrastructure,5395294.31,5370834.68,460,457,94.63,CTR-033,1,72,1.0228,0.91,PLAIN,2024,5986850.94,65.85
MPLADS-3316,Madhya Pradesh,RAJYA_SABHA,Other Public Assets,24322620.15,21918754.54,268,223,68.87,CTR-057,8,54,1.3075,0.1826,PLAIN,2025,33175109.58,81.57
MPLADS-3317,Meghalaya,LOK_SABHA,Sports Infrastructure,22318874.58,20735391.9,282,177,39.68,CTR-193,9,69,1.2701,0.3349,HILLY,2025,34261820.48,135.83
MPLADS-3318,Himachal Pradesh,LOK_SABHA,Sports Infrastructure,40197490.29,38197121.08,475,99,32.02,CTR-030,7,61,1.0914,0.4192,DESERT,2025,51325337.33,83.3
MPLADS-3319,Punjab,LOK_SABHA,Bridges,4932521.02,4482393.09,520,768,71.7,CTR-006,13,46,1.0277,0.5878,PLAIN,2023,5093150.43,112.65
MPLADS-3320,Jharkhand,RAJYA_SABHA,Sports Infrastructure,30469777.68,30126889.53,329,302,72.92,CTR-003,10,65,0.993,0.7363,PLAIN,2025,33860586.72,110.44
MPLADS-3321,Maharashtra,LOK_SABHA,Roads,6529566.38,5290502.32,290,356,92.53,CTR-199,5,57,1.1062,0.1836,PLAIN,2024,6318072.49,67.66
MPLADS-3322,Delhi,RAJYA_SABHA,Community Halls,3200062.84,2735849.99,263,185,82.37,CTR-169,5,40,0.9719,0.1628,PLAIN,2024,2740353.76,18.93
MPLADS-3323,Haryana,LOK_SABHA,Roads,27628148.56,27540148.02,503,475,98.44,CTR-110,11,40,1.2759,0.2493,PLAIN,2025,41229975.03,44.34
MPLADS-3324,Haryana,RAJYA_SABHA,Community Halls,39670908.12,33773076.14,298,221,61.63,CTR-087,1,27,1.0448,0.6761,PLAIN,2023,38057818.46,55.95
MPLADS-3325,Mizoram,RAJYA_SABHA,Other Public Assets,32130129.03,31784727.64,479,177,55.94,CTR-131,9,47,1.1668,0.7021,HILLY,2025,49012984.45,90.18
MPLADS-3326,Maharashtra,RAJYA_SABHA,Healthcare,17625291.55,15669863.04,332,181,78.02,CTR-089,12,73,1.2992,0.042,PLAIN,2024,24086586.99,83.37
MPLADS-3327,Ladakh,RAJYA_SABHA,Other Public Assets,34922258.18,32500996.17,257,290,100.0,CTR-177,11,13,1.1849,0.3975,DESERT,2023,47535401.92,86.98
MPLADS-3328,Haryana,RAJYA_SABHA,Bridges,1134858.92,1143077.86,426,353,85.14,CTR-038,13,43,1.2353,0.6951,DESERT,2025,1868226.58,87.15
MPLADS-3329,Karnataka,LOK_SABHA,Electrification,43342860.97,34946849.09,326,390,97.83,CTR-025,12,67,1.1863,0.253,PLAIN,2025,49762028.93,89.07
MPLADS-3330,Gujarat,LOK_SABHA,Roads,40340897.98,40125036.98,380,296,80.69,CTR-183,7,48,1.0166,0.191,COASTAL,2025,48065474.7,55.48
MPLADS-3331,Sikkim,RAJYA_SABHA,Drinking Water,34470192.3,30878859.57,488,67,3.82,CTR-003,10,48,1.0302,0.8596,PLAIN,2024,35641944.31,89.64
MPLADS-3332,Tripura,LOK_SABHA,Healthcare,16072052.55,14093060.5,93,107,87.5,CTR-135,12,35,0.9913,0.6535,PLAIN,2024,15352310.63,101.09
MPLADS-3333,Chhattisgarh,LOK_SABHA,Drinking Water,10775487.06,9955556.13,208,60,27.63,CTR-167,5,0,0.9611,0.2285,PLAIN,2025,9584045.24,31.06
MPLADS-3334,Andhra Pradesh,LOK_SABHA,Sanitation,33306718.37,32792851.9,162,223,100.0,CTR-129,9,16,1.3258,0.6755,PLAIN,2025,51548742.89,59.38
MPLADS-3335,Tamil Nadu,LOK_SABHA,Other Public Assets,21490352.66,22182468.46,180,206,74.49,CTR-175,11,34,1.1583,0.3797,COASTAL,2023,31300034.62,96.33
MPLADS-3336,Haryana,LOK_SABHA,Drinking Water,40539602.64,39870648.48,204,136,80.1,CTR-149,13,9,1.145,0.2555,PLAIN,2023,52628040.14,47.21
MPLADS-3337,Uttar Pradesh,LOK_SABHA,Other Public Assets,30648440.63,26699313.19,321,36,13.24,CTR-200,15,60,0.9695,0.5468,PLAIN,2024,28848101.71,98.73
MPLADS-3338,Rajasthan,LOK_SABHA,Roads,27136840.76,27015625.17,192,177,77.71,CTR-112,12,16,1.1043,0.4986,HILLY,2023,39982959.59,100.71
MPLADS-3339,Ladakh,LOK_SABHA,Sports Infrastructure,12182569.11,10689175.86,135,95,76.45,CTR-073,7,0,0.9822,0.3712,DESERT,2025,12332430.99,42.22
MPLADS-3340,Lakshadweep,LOK_SABHA,Education,36823984.46,32619651.22,303,272,91.35,CTR-194,5,51,1.1025,0.9367,COASTAL,2025,44901253.84,80.73
MPLADS-3341,Telangana,LOK_SABHA,Bridges,26508345.59,26426516.02,401,402,100.0,CTR-107,12,47,1.1811,0.1647,COASTAL,2025,37509653.88,89.34
MPLADS-3342,Maharashtra,LOK_SABHA,Drinking Water,9219295.36,9095894.59,410,2,0.0,CTR-195,15,76,0.9737,0.0543,COASTAL,2025,10595168.0,65.51
MPLADS-3343,Arunachal Pradesh,LOK_SABHA,Sports Infrastructure,49245100.68,43092552.93,165,224,87.9,CTR-026,10,40,1.1802,1.0,HILLY,2024,69354518.96,100.37
MPLADS-3344,Dadra and Nagar Haveli and Daman and Diu,LOK_SABHA,Sanitation,36016192.0,29794108.47,391,379,100.0,CTR-191,10,46,1.3216,0.0686,PLAIN,2025,46089660.89,55.45
MPLADS-3345,Uttarakhand,LOK_SABHA,Other Public Assets,22408704.32,19116182.52,430,129,29.11,CTR-198,1,71,1.1616,0.8243,PLAIN,2024,25755166.54,82.71
MPLADS-3346,Bihar,LOK_SABHA,Sanitation,35548627.98,34075006.18,436,571,95.03,CTR-042,12,62,1.2571,0.4333,PLAIN,2023,50262367.26,96.58
MPLADS-3347,Nagaland,RAJYA_SABHA,Healthcare,30058344.49,25905912.95,472,283,43.47,CTR-156,10,40,1.0161,0.6441,DESERT,2023,33577828.22,61.52
MPLADS-3348,West Bengal,LOK_SABHA,Roads,22581583.53,22624802.95,416,36,10.98,CTR-145,15,71,1.3397,0.1631,COASTAL,2023,38446869.37,103.11
MPLADS-3349,Manipur,LOK_SABHA,Bridges,3112428.22,2501512.86,443,176,14.43,CTR-061,14,48,1.1784,0.9169,HILLY,2025,4157089.28,151.0
MPLADS-3350,Jammu and Kashmir,LOK_SABHA,Roads,4698027.27,4924108.28,277,154,55.86,CTR-127,1,19,1.1903,0.5292,HILLY,2024,7803357.65,58.27
MPLADS-3351,Gujarat,LOK_SABHA,Healthcare,45532922.51,41666174.71,406,585,76.52,CTR-103,12,46,1.2996,0.3187,PLAIN,2023,65858322.29,91.7
MPLADS-3352,Sikkim,LOK_SABHA,Roads,15027661.37,12155933.12,251,283,100.0,CTR-093,13,49,1.0169,0.368,HILLY,2025,16839182.57,123.38
MPLADS-3353,Ladakh,LOK_SABHA,Community Halls,33697475.34,34244302.6,471,108,40.45,CTR-040,10,12,0.9669,0.8926,HILLY,2024,42716073.16,101.57
MPLADS-3354,Odisha,LOK_SABHA,Other Public Assets,17020356.65,15423074.91,240,251,73.29,CTR-130,10,77,1.1772,0.6972,COASTAL,2024,22049044.49,100.79
MPLADS-3355,Tamil Nadu,RAJYA_SABHA,Electrification,26051205.97,24419395.89,350,406,100.0,CTR-137,9,51,1.0614,0.7222,COASTAL,2024,32489072.87,123.46
MPLADS-3356,Chandigarh,LOK_SABHA,Drinking Water,46464299.11,45043333.97,340,404,97.48,CTR-168,2,52,1.3473,0.1358,PLAIN,2024,67462793.79,32.38
MPLADS-3357,Chhattisgarh,RAJYA_SABHA,Other Public Assets,44989493.5,46828872.66,420,553,100.0,CTR-144,6,54,1.1215,0.9456,PLAIN,2025,63001035.58,72.84
MPLADS-3358,Arunachal Pradesh,LOK_SABHA,Sports Infrastructure,29689382.71,24335771.76,129,152,100.0,CTR-038,13,25,1.1349,0.0023,PLAIN,2024,31470906.13,66.05
MPLADS-3359,Ladakh,RAJYA_SABHA,Sanitation,24724708.36,25007761.73,339,487,100.0,CTR-015,11,12,1.2092,0.5568,HILLY,2023,40327039.45,101.08
MPLADS-3360,Uttar Pradesh,LOK_SABHA,Sports Infrastructure,28109908.3,28917083.29,312,397,100.0,CTR-010,1,59,1.1438,0.8596,PLAIN,2023,37806954.87,75.13
MPLADS-3361,Karnataka,LOK_SABHA,Drinking Water,8085674.29,8058882.53,264,34,23.52,CTR-040,10,38,1.2957,0.4831,HILLY,2023,13889064.25,116.0
MPLADS-3362,Gujarat,LOK_SABHA,Community Halls,34621462.31,34498549.36,434,105,31.44,CTR-165,6,52,1.0846,0.48,PLAIN,2025,41634730.3,64.05
MPLADS-3363,Chhattisgarh,RAJYA_SABHA,Bridges,23773314.56,19326224.21,288,414,100.0,CTR-062,11,26,1.1426,0.608,COASTAL,2023,27291687.51,70.96
MPLADS-3364,Maharashtra,RAJYA_SABHA,Electrification,15876867.74,13551247.17,274,9,31.36,CTR-108,10,76,1.0032,0.9478,PLAIN,2023,15082027.46,79.26
MPLADS-3365,Ladakh,LOK_SABHA,Other Public Assets,39292134.03,33411303.78,505,137,14.03,CTR-098,10,14,0.9843,0.3993,HILLY,2025,41381490.28,91.09
MPLADS-3366,Andaman and Nicobar Islands,RAJYA_SABHA,Healthcare,44277772.85,42020536.73,102,100,94.11,CTR-132,8,46,1.33,0.5637,COASTAL,2024,71883784.5,80.37
MPLADS-3367,Uttarakhand,RAJYA_SABHA,Bridges,17763769.16,16133778.81,414,496,100.0,CTR-133,1,64,1.0426,0.9978,HILLY,2023,22037824.24,78.51
MPLADS-3368,Puducherry,RAJYA_SABHA,Healthcare,25804734.08,21268469.99,475,225,56.03,CTR-067,14,49,1.0088,0.4783,PLAIN,2024,25372654.12,76.95
MPLADS-3369,Lakshadweep,RAJYA_SABHA,Bridges,34566612.4,28617849.93,337,393,82.23,CTR-105,12,49,1.2694,0.674,COASTAL,2025,47417497.51,120.97
MPLADS-3370,Bihar,RAJYA_SABHA,Sports Infrastructure,41728445.59,39373714.73,325,111,15.21,CTR-078,3,51,1.3322,0.7621,PLAIN,2023,61537415.88,77.44
MPLADS-3371,Goa,RAJYA_SABHA,Other Public Assets,30251156.74,25433453.16,222,199,100.0,CTR-024,14,20,1.1209,0.014,PLAIN,2024,31908776.61,82.0
MPLADS-3372,Maharashtra,LOK_SABHA,Roads,4202880.42,3424752.25,501,426,97.21,CTR-176,7,85,1.1413,0.9497,PLAIN,2025,4494165.63,98.33
MPLADS-3373,Chandigarh,LOK_SABHA,Sports Infrastructure,36762217.12,31071097.85,171,219,100.0,CTR-166,13,55,1.1336,0.3617,PLAIN,2024,40187670.63,70.57
MPLADS-3374,Mizoram,RAJYA_SABHA,Roads,15303428.45,14040170.49,524,497,90.27,CTR-059,11,51,1.0359,0.3681,HILLY,2023,18691744.63,123.31
MPLADS-3375,Telangana,LOK_SABHA,Electrification,47846541.84,41369937.96,180,185,100.0,CTR-186,7,22,1.008,0.0776,PLAIN,2024,43918441.93,45.76
MPLADS-3376,Arunachal Pradesh,LOK_SABHA,Education,18475520.53,18705252.24,384,480,97.45,CTR-169,5,43,1.0084,0.3185,HILLY,2024,24883483.72,85.46
MPLADS-3377,Karnataka,LOK_SABHA,Sports Infrastructure,22238566.3,20275053.58,168,18,12.8,CTR-179,14,82,1.0115,0.1089,PLAIN,2025,22617887.4,97.72
MPLADS-3378,Tripura,LOK_SABHA,Other Public Assets,21189691.52,18517548.6,316,74,15.26,CTR-156,10,47,1.1973,0.0942,PLAIN,2025,25252257.06,82.56
MPLADS-3379,Goa,RAJYA_SABHA,Education,20335162.31,18128516.47,388,111,41.21,CTR-038,13,77,0.9673,0.7989,HILLY,2025,23405334.76,154.52
MPLADS-3380,Telangana,RAJYA_SABHA,Other Public Assets,20443963.07,16779254.89,212,26,0.0,CTR-028,13,50,1.0326,0.6575,HILLY,2023,22123435.62,156.36
MPLADS-3381,Uttarakhand,LOK_SABHA,Sanitation,32889972.97,33257819.54,101,36,23.6,CTR-036,1,30,1.1939,1.0,HILLY,2025,51917228.0,98.61
MPLADS-3382,Chhattisgarh,LOK_SABHA,Sports Infrastructure,6641180.66,5498126.54,194,183,77.6,CTR-028,13,53,1.2577,0.0695,PLAIN,2023,8006563.04,113.03
MPLADS-3383,Assam,LOK_SABHA,Sanitation,9299378.75,7850814.01,191,273,80.11,CTR-034,8,42,1.0388,0.4803,PLAIN,2024,8873997.64,74.17
MPLADS-3384,Odisha,LOK_SABHA,Community Halls,47668425.04,40300347.54,395,110,0.0,CTR-184,11,78,1.149,0.0225,COASTAL,2023,56066893.73,77.8
MPLADS-3385,Dadra and Nagar Haveli and Daman and Diu,LOK_SABHA,Education,28680570.13,25298343.02,414,598,100.0,CTR-056,0,44,1.2426,1.0,DESERT,2024,39245365.05,80.15
MPLADS-3386,Goa,LOK_SABHA,Other Public Assets,17387397.67,15895917.61,161,156,100.0,CTR-083,2,42,1.2872,0.6853,COASTAL,2023,24193339.64,52.99
MPLADS-3387,Puducherry,RAJYA_SABHA,Bridges,5454074.46,4790027.07,297,269,78.85,CTR-046,15,49,0.959,0.4267,PLAIN,2024,5272937.44,86.78
MPLADS-3388,Andhra Pradesh,LOK_SABHA,Sanitation,40084056.75,36436839.9,309,233,65.01,CTR-044,5,62,1.0218,0.9792,PLAIN,2025,42128550.45,88.94
MPLADS-3389,Odisha,LOK_SABHA,Community Halls,16478375.65,13718792.57,476,609,100.0,CTR-033,1,71,1.1116,0.8575,PLAIN,2024,17199511.85,109.71
MPLADS-3390,Mizoram,LOK_SABHA,Education,5633059.1,5815235.63,163,35,6.76,CTR-082,6,14,1.2052,0.5811,HILLY,2024,9320043.98,71.5
MPLADS-3391,Assam,RAJYA_SABHA,Drinking Water,33060342.95,28281362.34,207,287,91.76,CTR-147,0,82,1.2168,0.9582,PLAIN,2024,42470526.34,74.73
MPLADS-3392,Karnataka,LOK_SABHA,Drinking Water,31895603.12,30945247.23,234,225,100.0,CTR-011,8,77,0.9536,0.5592,PLAIN,2024,32241596.24,87.29
MPLADS-3393,Andaman and Nicobar Islands,LOK_SABHA,Bridges,30705739.67,25002667.19,199,230,100.0,CTR-064,15,12,1.2328,0.2446,COASTAL,2023,38378918.57,64.98
MPLADS-3394,Himachal Pradesh,LOK_SABHA,Sanitation,19362088.5,15944330.77,192,287,100.0,CTR-102,3,48,1.0029,0.4123,HILLY,2023,19775055.81,65.78
MPLADS-3395,Jammu and Kashmir,RAJYA_SABHA,Roads,3141980.21,2523839.59,279,174,27.62,CTR-152,4,29,1.013,0.8113,HILLY,2024,3343915.49,94.62
MPLADS-3396,Tripura,LOK_SABHA,Community Halls,31795928.64,26096326.11,126,137,100.0,CTR-146,13,0,1.0467,0.2254,PLAIN,2024,30029337.67,80.98
MPLADS-3397,Assam,RAJYA_SABHA,Roads,39312441.64,32504071.97,206,191,70.06,CTR-108,10,0,1.1056,0.9538,PLAIN,2024,40105019.96,49.81
MPLADS-3398,Haryana,LOK_SABHA,Education,14727826.4,13662276.2,379,433,79.98,CTR-164,6,35,1.1524,0.4995,HILLY,2025,19887319.34,96.55
MPLADS-3399,Dadra and Nagar Haveli and Daman and Diu,LOK_SABHA,Other Public Assets,16615928.24,16915018.74,123,22,28.73,CTR-114,7,0,1.0713,0.8061,PLAIN,2024,20018018.38,46.19
MPLADS-3400,Meghalaya,RAJYA_SABHA,Bridges,22713814.96,23325769.0,357,474,100.0,CTR-011,8,103,1.1709,0.2687,PLAIN,2024,30742340.88,97.27
MPLADS-3401,Nagaland,RAJYA_SABHA,Roads,32715995.66,34299557.27,430,479,100.0,CTR-168,2,51,1.3169,0.657,HILLY,2025,59197230.94,82.58
MPLADS-3402,Manipur,RAJYA_SABHA,Sports Infrastructure,38672759.49,37186036.81,529,389,91.16,CTR-175,11,55,1.3382,1.0,HILLY,2024,68449881.78,121.55
MPLADS-3403,Kerala,RAJYA_SABHA,Community Halls,12056988.62,11479659.65,197,223,100.0,CTR-062,11,0,0.9511,0.701,COASTAL,2024,12660951.16,94.25
MPLADS-3404,Assam,LOK_SABHA,Drinking Water,28883116.33,29194879.35,246,262,100.0,CTR-021,8,50,1.0012,0.5435,DESERT,2024,36218144.64,72.59
MPLADS-3405,Maharashtra,RAJYA_SABHA,Other Public Assets,47146074.04,39564253.96,141,11,18.25,CTR-119,3,53,1.3028,0.905,COASTAL,2023,65356091.68,98.05
MPLADS-3406,Bihar,LOK_SABHA,Bridges,42925269.24,44020194.19,407,16,10.88,CTR-182,2,69,1.2609,0.859,PLAIN,2024,66087015.97,53.61
MPLADS-3407,Uttar Pradesh,LOK_SABHA,Healthcare,28742858.28,26325365.21,473,170,34.97,CTR-023,2,58,1.0948,0.1927,PLAIN,2025,31947149.8,67.43
MPLADS-3408,Chhattisgarh,LOK_SABHA,Drinking Water,4135152.41,4066863.09,450,279,70.77,CTR-129,9,61,1.2011,0.521,PLAIN,2024,5597709.53,70.79
MPLADS-3409,Nagaland,LOK_SABHA,Drinking Water,34622699.14,30718426.69,255,269,100.0,CTR-101,13,41,1.162,0.9662,HILLY,2025,48279784.8,132.26
MPLADS-3410,Andhra Pradesh,RAJYA_SABHA,Community Halls,28567545.66,26167549.4,396,65,0.0,CTR-037,13,64,1.2362,0.1817,PLAIN,2024,37762636.91,111.61
MPLADS-3411,Puducherry,LOK_SABHA,Sports Infrastructure,37202877.32,38569132.94,461,241,45.28,CTR-124,7,49,1.0673,0.9965,COASTAL,2023,51509940.76,106.09
MPLADS-3412,Chhattisgarh,LOK_SABHA,Electrification,31423744.07,28572831.95,499,93,17.2,CTR-083,2,58,1.1855,0.8351,HILLY,2024,46698903.33,80.98
MPLADS-3413,Sikkim,LOK_SABHA,Healthcare,26118107.74,26197092.97,488,572,100.0,CTR-024,14,50,1.057,1.0,HILLY,2024,38317302.33,125.34
MPLADS-3414,Chandigarh,LOK_SABHA,Electrification,25688316.03,24377943.17,109,67,79.32,CTR-092,12,0,1.1314,0.3606,HILLY,2024,36983260.52,84.1
MPLADS-3415,Jharkhand,LOK_SABHA,Drinking Water,21047870.57,19414106.43,177,174,76.56,CTR-159,8,0,1.0504,0.6152,PLAIN,2024,23055553.64,75.66
MPLADS-3416,Punjab,LOK_SABHA,Sanitation,5764023.09,4677625.83,242,264,100.0,CTR-119,3,47,1.2486,0.9331,PLAIN,2025,7020080.16,65.05
MPLADS-3417,West Bengal,LOK_SABHA,Education,33111631.99,31395860.04,389,409,100.0,CTR-101,13,69,1.239,0.4582,PLAIN,2023,46820051.84,91.34
MPLADS-3418,Sikkim,RAJYA_SABHA,Community Halls,19400088.82,19451153.86,411,161,37.58,CTR-146,13,47,1.3456,1.0,HILLY,2024,35963324.7,162.67
MPLADS-3419,Tripura,RAJYA_SABHA,Electrification,14714680.97,13924845.2,481,115,21.7,CTR-135,12,48,1.301,0.0275,COASTAL,2025,21743472.97,86.89
MPLADS-3420,West Bengal,LOK_SABHA,Bridges,9656057.98,9673095.75,535,435,100.0,CTR-102,3,73,0.9714,0.9183,PLAIN,2024,10252556.8,73.85
MPLADS-3421,West Bengal,RAJYA_SABHA,Community Halls,41514064.47,41667399.48,289,262,100.0,CTR-118,2,34,1.1519,0.5919,COASTAL,2025,59313199.36,52.3
MPLADS-3422,Meghalaya,LOK_SABHA,Education,17467278.73,17063785.95,163,179,99.4,CTR-083,2,26,1.0426,0.1531,PLAIN,2023,18803807.07,15.99
MPLADS-3423,Telangana,LOK_SABHA,Community Halls,32651521.28,33366824.19,435,239,55.89,CTR-065,6,54,1.0036,0.5633,PLAIN,2025,35834477.65,66.71
MPLADS-3424,Ladakh,LOK_SABHA,Sanitation,25334448.94,22863101.39,185,58,29.25,CTR-146,13,4,1.1562,1.0,HILLY,2025,35481648.22,80.11
MPLADS-3425,Chhattisgarh,LOK_SABHA,Education,38772641.52,38861716.94,285,58,0.0,CTR-138,0,63,1.2658,0.257,HILLY,2024,62822055.8,73.16
MPLADS-3426,Mizoram,RAJYA_SABHA,Other Public Assets,41566237.2,35861626.4,275,244,100.0,CTR-055,7,51,1.1376,0.8928,HILLY,2024,54317757.48,135.43
MPLADS-3427,West Bengal,LOK_SABHA,Community Halls,21053701.91,18824688.64,519,183,61.16,CTR-044,5,68,1.1838,0.12,COASTAL,2023,25623964.62,67.37
MPLADS-3428,West Bengal,RAJYA_SABHA,Education,25241983.94,25753842.99,299,159,53.61,CTR-080,10,50,1.0184,0.6217,PLAIN,2024,29553809.13,75.4
MPLADS-3429,Lakshadweep,RAJYA_SABHA,Education,22799578.51,19441283.67,518,387,38.83,CTR-167,5,49,1.0781,0.5089,COASTAL,2025,24446912.43,88.28
MPLADS-3430,Karnataka,LOK_SABHA,Sports Infrastructure,7706156.49,6776491.17,365,261,95.97,CTR-097,3,76,1.0362,1.0,HILLY,2025,9035915.4,104.01
MPLADS-3431,Chandigarh,LOK_SABHA,Community Halls,26099595.36,26742778.8,534,317,70.45,CTR-180,8,47,0.9609,0.9384,PLAIN,2023,29867759.03,74.56
MPLADS-3432,West Bengal,LOK_SABHA,Sanitation,49176816.41,50741068.21,342,178,69.1,CTR-199,5,69,1.318,0.2988,COASTAL,2025,83774004.57,87.43
MPLADS-3433,West Bengal,LOK_SABHA,Sports Infrastructure,2658313.04,2155893.26,286,25,0.0,CTR-031,7,34,1.2879,0.5599,COASTAL,2024,3465774.18,64.27
MPLADS-3434,Goa,LOK_SABHA,Sports Infrastructure,42863360.9,44613660.73,418,222,34.0,CTR-071,12,79,0.9532,0.1872,COASTAL,2024,50443105.43,100.11
MPLADS-3435,Goa,RAJYA_SABHA,Electrification,46982398.3,40289539.85,367,12,12.29,CTR-003,10,88,1.185,0.0636,COASTAL,2023,58601858.91,97.5
MPLADS-3436,Kerala,RAJYA_SABHA,Bridges,20354900.33,17428223.42,191,101,59.12,CTR-196,1,0,1.2162,0.9564,COASTAL,2025,25577086.45,43.97
MPLADS-3437,Goa,LOK_SABHA,Community Halls,24299712.29,22773066.26,477,239,51.7,CTR-071,12,87,1.2308,0.7313,COASTAL,2024,35847405.96,106.27
MPLADS-3438,Bihar,RAJYA_SABHA,Community Halls,31923582.86,31025438.32,340,197,41.68,CTR-171,1,61,1.2138,0.3549,PLAIN,2024,42179434.81,57.09
MPLADS-3439,Jammu and Kashmir,RAJYA_SABHA,Education,6862169.41,5590624.68,440,250,53.89,CTR-080,10,40,1.0605,0.6576,HILLY,2024,7687830.31,89.07
MPLADS-3440,Jharkhand,LOK_SABHA,Community Halls,2165198.35,1868532.53,324,333,100.0,CTR-143,4,46,1.3138,0.433,HILLY,2023,3208105.53,76.06
MPLADS-3441,Madhya Pradesh,RAJYA_SABHA,Electrification,34157029.79,31050882.74,209,152,69.96,CTR-136,4,0,1.1948,0.8477,PLAIN,2025,43770129.44,20.2
MPLADS-3442,Tamil Nadu,LOK_SABHA,Sports Infrastructure,28567763.19,28926419.81,149,176,100.0,CTR-125,13,47,1.2426,0.9733,DESERT,2024,47719292.0,145.77
MPLADS-3443,Puducherry,LOK_SABHA,Education,8014044.94,7739102.01,379,23,0.0,CTR-042,12,51,1.2253,0.0929,PLAIN,2023,10555232.49,90.69
MPLADS-3444,Gujarat,RAJYA_SABHA,Electrification,48621501.41,49545325.13,229,184,76.13,CTR-081,15,38,1.2378,0.8033,COASTAL,2023,78101102.89,113.45
MPLADS-3445,Uttarakhand,RAJYA_SABHA,Bridges,28449352.97,27228371.7,452,465,95.56,CTR-102,3,66,1.0503,0.6076,HILLY,2025,37014490.38,97.27
MPLADS-3446,Chandigarh,LOK_SABHA,Drinking Water,4369195.44,4321027.61,136,97,70.19,CTR-194,5,25,1.1912,0.2555,HILLY,2024,6658798.9,71.09
MPLADS-3447,Nagaland,LOK_SABHA,Bridges,11935644.39,10923295.48,251,147,39.81,CTR-133,1,37,0.9797,0.5411,HILLY,2024,13884229.14,69.12
MPLADS-3448,Himachal Pradesh,LOK_SABHA,Education,39629212.39,38113513.42,119,152,96.09,CTR-154,4,0,1.0896,0.779,HILLY,2024,54573176.73,58.87
MPLADS-3449,Andaman and Nicobar Islands,LOK_SABHA,Sanitation,7915267.71,7823158.37,137,167,100.0,CTR-182,2,0,1.3158,0.1524,COASTAL,2023,12019875.57,3.47
MPLADS-3450,Nagaland,LOK_SABHA,Education,15186889.29,15574450.91,164,95,55.46,CTR-173,12,26,1.1256,1.0,HILLY,2025,23410899.34,108.75
MPLADS-3451,Arunachal Pradesh,LOK_SABHA,Sports Infrastructure,27279276.79,23361211.46,492,167,45.62,CTR-081,15,46,1.3423,1.0,HILLY,2023,43433804.88,121.48
MPLADS-3452,Bihar,LOK_SABHA,Sports Infrastructure,28408701.03,26731138.82,234,160,96.77,CTR-156,10,74,1.0383,0.8623,PLAIN,2023,32874100.55,97.73
MPLADS-3453,Dadra and Nagar Haveli and Daman and Diu,LOK_SABHA,Sports Infrastructure,5358209.67,4964353.19,341,78,42.38,CTR-125,13,50,1.2145,0.9513,PLAIN,2025,7318502.02,113.95
MPLADS-3454,Himachal Pradesh,LOK_SABHA,Healthcare,22676497.74,20480359.21,205,31,17.97,CTR-157,2,50,1.0059,0.8825,DESERT,2024,24375727.47,69.87
MPLADS-3455,Chhattisgarh,RAJYA_SABHA,Drinking Water,30787981.88,29682417.85,369,362,83.7,CTR-172,1,54,1.3254,0.6944,HILLY,2024,51099408.29,88.89
MPLADS-3456,Jharkhand,LOK_SABHA,Sports Infrastructure,15331250.06,12726403.54,166,87,49.79,CTR-113,8,0,1.2482,0.619,COASTAL,2024,19986596.93,52.87
MPLADS-3457,Kerala,LOK_SABHA,Community Halls,4278954.31,3613984.8,403,298,62.18,CTR-055,7,94,0.9984,0.2638,COASTAL,2024,4242826.45,93.43
MPLADS-3458,Haryana,LOK_SABHA,Electrification,37908276.6,38278740.29,397,571,91.43,CTR-014,12,37,0.9616,0.5095,DESERT,2023,43736058.02,107.96
MPLADS-3459,Karnataka,RAJYA_SABHA,Sanitation,46846837.09,39295243.8,168,239,95.86,CTR-171,1,76,1.0923,0.6054,PLAIN,2024,49584993.6,69.33
MPLADS-3460,Andaman and Nicobar Islands,LOK_SABHA,Community Halls,13918893.82,11556893.02,495,163,32.61,CTR-062,11,48,1.2331,0.0766,COASTAL,2024,17417561.95,80.21
MPLADS-3461,Goa,RAJYA_SABHA,Roads,16869232.83,15881782.27,420,1,14.13,CTR-185,7,83,1.126,0.3408,COASTAL,2024,21574498.14,103.25
MPLADS-3462,Lakshadweep,RAJYA_SABHA,Drinking Water,8712853.64,8280534.19,185,235,93.17,CTR-151,13,14,1.1392,0.8125,COASTAL,2024,11758136.87,98.97
MPLADS-3463,Assam,LOK_SABHA,Electrification,48272560.07,45362570.59,442,199,78.67,CTR-178,2,93,0.9826,0.8335,PLAIN,2025,50555401.32,78.45
MPLADS-3464,Rajasthan,LOK_SABHA,Community Halls,4141024.73,3600111.59,201,154,86.7,CTR-092,12,0,1.2606,0.9566,DESERT,2024,5999520.19,92.98
MPLADS-3465,Kerala,RAJYA_SABHA,Other Public Assets,10857917.13,10670295.07,315,220,69.36,CTR-133,1,84,1.2121,0.1594,COASTAL,2025,15382052.69,35.85
MPLADS-3466,Rajasthan,LOK_SABHA,Education,20617832.67,20796498.44,310,334,79.67,CTR-098,10,32,1.1037,0.4885,DESERT,2025,27961273.15,57.59
MPLADS-3467,Delhi,LOK_SABHA,Sports Infrastructure,22234424.52,21732006.23,440,214,47.38,CTR-104,0,37,1.2927,0.2561,HILLY,2023,35600694.33,64.29
MPLADS-3468,Rajasthan,LOK_SABHA,Education,19462390.06,19172991.17,128,45,30.87,CTR-086,11,0,1.1653,0.4702,DESERT,2023,28328522.23,85.1
MPLADS-3469,Ladakh,LOK_SABHA,Education,12333941.93,10214452.1,516,36,0.0,CTR-127,1,15,1.0548,0.9813,HILLY,2023,14503891.92,77.09
MPLADS-3470,Gujarat,LOK_SABHA,Community Halls,14790666.24,14976383.13,165,83,66.48,CTR-193,9,0,1.1224,0.4356,PLAIN,2023,19494968.25,56.91
MPLADS-3471,Bihar,LOK_SABHA,Roads,40702053.75,34191061.39,504,299,48.69,CTR-096,4,60,1.1359,0.8484,PLAIN,2024,45708655.26,58.05
MPLADS-3472,Bihar,LOK_SABHA,Roads,17203553.84,17701404.43,251,149,43.53,CTR-113,8,69,1.0032,0.1059,PLAIN,2025,19723795.83,89.08
MPLADS-3473,Manipur,RAJYA_SABHA,Other Public Assets,24916411.31,20803666.05,509,181,72.12,CTR-016,12,53,1.3176,0.3206,PLAIN,2025,32383720.14,83.25
MPLADS-3474,Mizoram,LOK_SABHA,Sports Infrastructure,6842379.63,6918212.47,486,365,72.81,CTR-103,12,50,1.3395,0.4187,HILLY,2025,12653925.86,92.62
MPLADS-3475,Tripura,RAJYA_SABHA,Sanitation,32036087.47,28497759.37,112,124,94.47,CTR-087,1,0,1.0037,0.0448,PLAIN,2024,30940195.86,4.61
MPLADS-3476,Bihar,LOK_SABHA,Healthcare,35277686.61,30370478.67,180,37,27.26,CTR-115,8,35,1.2285,0.7962,PLAIN,2024,43785945.65,51.11
MPLADS-3477,Rajasthan,LOK_SABHA,Electrification,39734447.07,36653660.32,461,225,34.92,CTR-139,5,32,1.0701,0.5817,DESERT,2023,47306881.3,68.61
MPLADS-3478,Delhi,LOK_SABHA,Sanitation,41066058.54,33441652.26,292,342,100.0,CTR-082,6,38,1.2183,0.8058,PLAIN,2024,49105415.33,74.82
MPLADS-3479,Telangana,RAJYA_SABHA,Electrification,24868050.65,26001294.6,363,294,61.12,CTR-036,1,48,1.2628,1.0,HILLY,2024,43842489.4,95.72
MPLADS-3480,Sikkim,LOK_SABHA,Roads,27337254.13,24198611.35,352,212,54.55,CTR-047,7,47,1.0288,0.3074,HILLY,2024,31376505.83,88.72
MPLADS-3481,Haryana,LOK_SABHA,Sports Infrastructure,34660291.44,33252266.53,210,207,72.23,CTR-107,12,40,1.2382,0.7021,PLAIN,2025,49634451.12,78.83
MPLADS-3482,Rajasthan,LOK_SABHA,Education,9616396.37,8356721.54,429,428,88.12,CTR-042,12,32,1.3493,1.0,DESERT,2025,15425265.72,126.61
MPLADS-3483,Maharashtra,RAJYA_SABHA,Bridges,6946040.35,5934973.55,492,148,60.12,CTR-146,13,88,0.968,0.9187,HILLY,2023,7713495.97,142.35
MPLADS-3484,Chandigarh,LOK_SABHA,Sanitation,4400250.39,4095232.44,368,199,40.14,CTR-181,15,47,1.1616,0.6466,PLAIN,2024,5747089.65,120.37
MPLADS-3485,Uttarakhand,LOK_SABHA,Bridges,659064.68,623715.57,324,223,88.62,CTR-116,9,46,1.2576,0.4553,PLAIN,2024,907838.14,52.99
MPLADS-3486,Arunachal Pradesh,LOK_SABHA,Other Public Assets,36075423.58,32864902.15,536,13,4.83,CTR-189,3,53,1.3346,0.9943,HILLY,2025,57709574.89,73.59
MPLADS-3487,Punjab,LOK_SABHA,Roads,32269089.17,33719567.07,487,332,62.47,CTR-193,9,46,1.1607,1.0,HILLY,2023,52492700.91,133.49
MPLADS-3488,Odisha,RAJYA_SABHA,Drinking Water,38297941.22,32022950.8,257,219,81.31,CTR-190,4,78,1.1204,0.4673,COASTAL,2025,42942385.4,59.63
MPLADS-3489,Mizoram,RAJYA_SABHA,Community Halls,19044357.8,19782799.93,420,284,68.29,CTR-191,10,52,1.0098,0.6591,HILLY,2024,25705596.45,140.99
MPLADS-3490,Assam,LOK_SABHA,Healthcare,1714904.56,1785874.46,386,531,80.88,CTR-097,3,89,1.1101,1.0,HILLY,2025,2670741.18,107.71
MPLADS-3491,Maharashtra,LOK_SABHA,Drinking Water,5800691.48,5735392.04,263,174,64.71,CTR-007,1,81,1.102,0.8141,COASTAL,2025,7796056.2,99.13
MPLADS-3492,Himachal Pradesh,LOK_SABHA,Drinking Water,15250717.51,14462006.61,100,107,100.0,CTR-118,2,14,1.338,1.0,HILLY,2024,26281345.6,71.47
MPLADS-3493,Tamil Nadu,LOK_SABHA,Sanitation,7451217.83,6142061.52,110,148,86.56,CTR-107,12,46,1.0785,0.7662,COASTAL,2024,7710094.31,124.5
MPLADS-3494,Haryana,LOK_SABHA,Other Public Assets,6864028.52,6427925.51,244,102,38.83,CTR-144,6,40,1.1854,0.6708,HILLY,2024,9979116.07,102.49
MPLADS-3495,Puducherry,LOK_SABHA,Sanitation,45558720.87,41929425.59,114,131,100.0,CTR-063,5,35,0.9722,0.3123,PLAIN,2024,43443730.0,50.59
MPLADS-3496,Haryana,LOK_SABHA,Sports Infrastructure,24860510.73,22572325.9,403,192,53.27,CTR-187,2,37,1.3298,0.388,HILLY,2024,38822484.35,78.71
MPLADS-3497,Andhra Pradesh,RAJYA_SABHA,Sports Infrastructure,33988469.09,32962988.38,501,554,100.0,CTR-180,8,68,1.2676,0.5935,COASTAL,2024,50990975.46,91.42
MPLADS-3498,Telangana,RAJYA_SABHA,Sanitation,13572507.15,12957150.54,535,655,90.24,CTR-191,10,50,1.1494,1.0,HILLY,2024,19939194.41,132.49
MPLADS-3499,Rajasthan,RAJYA_SABHA,Drinking Water,45237662.75,43294169.54,322,429,100.0,CTR-048,14,29,0.9623,0.7447,PLAIN,2025,45588862.67,95.46
MPLADS-3500,Punjab,LOK_SABHA,Sports Infrastructure,43438698.29,41253717.08,255,379,100.0,CTR-055,7,36,1.1375,0.0458,PLAIN,2025,50869930.45,39.7
MPLADS-3501,West Bengal,RAJYA_SABHA,Other Public Assets,29194324.79,23726185.38,261,2,0.0,CTR-156,10,73,1.0824,0.3226,PLAIN,2023,29136077.87,92.09
MPLADS-3502,Chhattisgarh,LOK_SABHA,Bridges,13415818.9,13665402.5,219,187,100.0,CTR-107,12,58,1.2259,0.5564,PLAIN,2024,19990739.67,88.22
MPLADS-3503,Lakshadweep,LOK_SABHA,Drinking Water,40453024.46,41619749.48,347,386,100.0,CTR-166,13,45,1.1181,0.183,COASTAL,2023,55707997.32,96.28
MPLADS-3504,Dadra and Nagar Haveli and Daman and Diu,LOK_SABHA,Education,15378427.11,13506258.44,97,46,32.36,CTR-033,1,49,1.1072,0.0195,PLAIN,2025,15617172.86,33.55
MPLADS-3505,Goa,LOK_SABHA,Sanitation,41134637.58,35109197.89,383,441,92.53,CTR-060,10,76,1.0162,0.3635,COASTAL,2023,42550435.15,101.01
MPLADS-3506,Kerala,RAJYA_SABHA,Drinking Water,42637878.78,41027747.71,297,91,36.0,CTR-012,15,68,1.0445,0.9721,PLAIN,2024,49420837.22,101.48
MPLADS-3507,Gujarat,LOK_SABHA,Other Public Assets,34947944.86,35605838.02,322,107,34.22,CTR-059,11,53,0.9958,1.0,DESERT,2024,45624467.72,166.42
MPLADS-3508,Ladakh,LOK_SABHA,Sports Infrastructure,30144442.15,29410820.16,127,116,55.94,CTR-040,10,14,1.2829,0.4495,HILLY,2024,49389812.7,88.09
MPLADS-3509,Dadra and Nagar Haveli and Daman and Diu,RAJYA_SABHA,Community Halls,8006576.28,8281074.86,377,339,97.53,CTR-121,7,50,1.2421,0.9723,PLAIN,2025,12455215.06,82.68
MPLADS-3510,Maharashtra,LOK_SABHA,Community Halls,5116063.69,4189116.31,490,307,72.92,CTR-200,15,71,1.0618,0.7308,COASTAL,2025,5566531.08,83.92
MPLADS-3511,Uttarakhand,RAJYA_SABHA,Bridges,27768114.28,24334172.9,163,105,50.08,CTR-124,7,49,1.3418,0.8855,HILLY,2024,43210812.05,107.33
MPLADS-3512,Andaman and Nicobar Islands,LOK_SABHA,Sports Infrastructure,44716653.64,39285238.88,483,49,12.03,CTR-158,8,51,1.1859,0.6643,COASTAL,2023,57013685.95,80.49
MPLADS-3513,Mizoram,RAJYA_SABHA,Bridges,45991853.46,41559619.18,303,131,39.18,CTR-140,6,39,0.9615,0.9643,DESERT,2024,50738824.02,101.24
MPLADS-3514,Madhya Pradesh,LOK_SABHA,Electrification,726446.9,751441.83,314,242,77.25,CTR-060,10,43,0.9821,0.2537,PLAIN,2025,802664.54,59.7
MPLADS-3515,Himachal Pradesh,RAJYA_SABHA,Drinking Water,39882375.59,32056283.17,199,236,100.0,CTR-140,6,0,1.3356,0.7666,HILLY,2024,58223859.77,90.06
MPLADS-3516,Odisha,LOK_SABHA,Electrification,40580397.33,36544251.04,160,73,22.85,CTR-120,1,42,1.1399,0.0822,COASTAL,2024,48077847.85,67.9
MPLADS-3517,Rajasthan,LOK_SABHA,Electrification,36103258.08,36927313.11,154,206,100.0,CTR-128,12,32,1.2463,0.9411,DESERT,2024,59456810.36,122.68
MPLADS-3518,Mizoram,LOK_SABHA,Other Public Assets,29782024.22,26975974.28,505,176,43.02,CTR-042,12,51,1.2855,0.3608,HILLY,2023,47345640.76,116.79
MPLADS-3519,Mizoram,RAJYA_SABHA,Bridges,29757209.7,30184425.03,226,240,57.29,CTR-144,6,24,1.34,1.0,HILLY,2025,52206205.64,119.09
MPLADS-3520,Goa,LOK_SABHA,Sanitation,40908897.35,41368288.62,191,0,11.42,CTR-084,13,23,1.0286,0.2968,COASTAL,2024,52737597.69,65.98
MPLADS-3521,Andaman and Nicobar Islands,LOK_SABHA,Education,1965416.35,1878521.42,272,362,100.0,CTR-007,1,49,0.9985,0.2356,COASTAL,2024,2108572.48,36.43
MPLADS-3522,Odisha,LOK_SABHA,Drinking Water,39553967.06,39866288.51,330,493,100.0,CTR-105,12,74,1.264,0.8712,DESERT,2025,66007578.49,99.63
MPLADS-3523,Lakshadweep,RAJYA_SABHA,Sanitation,6580460.61,5512048.62,365,217,36.28,CTR-055,7,53,1.1435,0.2525,COASTAL,2024,7500314.96,109.09
MPLADS-3524,Andaman and Nicobar Islands,LOK_SABHA,Drinking Water,19221626.33,19956721.27,451,114,27.59,CTR-165,6,48,1.1319,0.1211,COASTAL,2025,26320478.8,68.94
MPLADS-3525,Karnataka,LOK_SABHA,Healthcare,21434672.58,18508795.34,164,20,24.65,CTR-009,3,21,1.0257,0.8501,PLAIN,2024,21027012.48,48.39
MPLADS-3526,Nagaland,LOK_SABHA,Bridges,39919179.13,33425775.55,359,247,64.47,CTR-003,10,48,1.3385,0.7776,HILLY,2024,60971047.31,120.16
MPLADS-3527,Assam,LOK_SABHA,Sanitation,35074824.12,36200583.62,521,600,100.0,CTR-185,7,90,1.0757,0.8927,PLAIN,2024,46104183.34,109.62
MPLADS-3528,Rajasthan,LOK_SABHA,Community Halls,26282138.75,25212476.78,531,10,27.94,CTR-189,3,36,1.0276,0.9236,PLAIN,2024,28410445.85,78.03
MPLADS-3529,Gujarat,LOK_SABHA,Sports Infrastructure,25695090.75,25859455.17,364,368,73.69,CTR-020,7,49,1.2152,0.9846,COASTAL,2025,41178837.38,110.09
MPLADS-3530,Andaman and Nicobar Islands,LOK_SABHA,Roads,23325900.4,20452663.84,229,38,13.21,CTR-021,8,48,1.0483,0.6051,COASTAL,2023,24528992.38,110.22
MPLADS-3531,Madhya Pradesh,LOK_SABHA,Sanitation,38360593.74,32822675.52,496,176,5.93,CTR-030,7,57,1.2014,0.2132,PLAIN,2025,44263455.21,102.53
MPLADS-3532,Ladakh,RAJYA_SABHA,Bridges,3762729.34,3859774.71,106,109,86.01,CTR-050,12,0,1.1094,0.2573,HILLY,2023,5616007.21,105.05
MPLADS-3533,Bihar,LOK_SABHA,Sanitation,14701772.12,12658980.04,530,204,37.18,CTR-007,1,65,1.0363,0.8245,DESERT,2025,15897182.23,86.5
MPLADS-3534,Tripura,LOK_SABHA,Roads,1381510.69,1307798.73,188,109,61.28,CTR-054,7,50,0.97,0.6576,PLAIN,2023,1400385.09,82.05
MPLADS-3535,Meghalaya,LOK_SABHA,Community Halls,5385650.5,4309046.58,315,459,99.48,CTR-142,3,85,1.2321,0.2394,PLAIN,2024,6054484.04,72.51
MPLADS-3536,Kerala,LOK_SABHA,Roads,9494850.06,7853257.03,269,29,9.7,CTR-023,2,49,1.2108,0.8154,HILLY,2025,12376862.61,79.03
MPLADS-3537,Telangana,LOK_SABHA,Other Public Assets,20306073.25,20969582.97,204,236,100.0,CTR-005,6,25,0.9974,0.2615,PLAIN,2024,21934893.71,22.78
MPLADS-3538,Himachal Pradesh,LOK_SABHA,Sanitation,40768348.08,32665709.96,378,205,36.2,CTR-176,7,58,1.1657,0.4065,HILLY,2024,50052476.33,120.64
MPLADS-3539,Dadra and Nagar Haveli and Daman and Diu,RAJYA_SABHA,Roads,25552496.27,21891587.95,301,289,63.17,CTR-015,11,49,1.1178,0.3437,PLAIN,2025,28178500.21,76.78
MPLADS-3540,Nagaland,RAJYA_SABHA,Sanitation,1510296.97,1540040.01,90,123,95.95,CTR-181,15,0,0.9657,0.9581,PLAIN,2025,1688006.91,95.83
MPLADS-3541,Haryana,LOK_SABHA,Roads,48795863.44,48609598.3,336,44,33.08,CTR-109,7,39,1.2576,0.0958,PLAIN,2025,67852303.07,49.67
MPLADS-3542,Gujarat,LOK_SABHA,Sanitation,7124274.51,7026148.88,160,204,82.27,CTR-066,5,35,1.0889,1.0,HILLY,2024,9958885.29,91.77
MPLADS-3543,Telangana,RAJYA_SABHA,Education,41396639.15,34957167.19,292,4,0.0,CTR-173,12,52,1.2878,0.3774,HILLY,2023,58619897.61,115.71
MPLADS-3544,Jammu and Kashmir,RAJYA_SABHA,Sanitation,7949880.56,6887007.87,405,25,0.0,CTR-118,2,41,1.2883,0.5665,HILLY,2024,12007445.5,51.61
MPLADS-3545,Chhattisgarh,RAJYA_SABHA,Electrification,21646920.64,20590919.58,376,525,100.0,CTR-138,0,57,1.2676,0.5127,PLAIN,2025,29807754.97,47.14
MPLADS-3546,Andaman and Nicobar Islands,RAJYA_SABHA,Education,13142851.8,13163382.76,163,100,82.99,CTR-019,13,47,1.2163,0.7041,COASTAL,2025,20765082.86,88.33
MPLADS-3547,Jharkhand,RAJYA_SABHA,Drinking Water,22739532.97,20821971.35,115,82,74.99,CTR-050,12,50,1.1213,0.9674,HILLY,2023,30542501.92,111.05
MPLADS-3548,Jharkhand,LOK_SABHA,Other Public Assets,12359859.26,11769752.17,237,40,22.1,CTR-193,9,69,1.0979,0.0893,PLAIN,2023,14098992.81,63.35
MPLADS-3549,Punjab,RAJYA_SABHA,Education,18319853.05,18479646.62,492,307,49.17,CTR-017,8,42,1.2627,0.1808,PLAIN,2023,26016033.19,73.33
MPLADS-3550,Andaman and Nicobar Islands,LOK_SABHA,Healthcare,12264386.44,11215371.67,193,74,34.0,CTR-168,2,46,1.261,0.4516,COASTAL,2024,16704885.16,44.27
MPLADS-3551,Maharashtra,LOK_SABHA,Healthcare,14474899.34,12966465.57,472,271,71.22,CTR-060,10,81,1.0128,0.637,HILLY,2023,16873445.98,107.9
MPLADS-3552,Uttarakhand,LOK_SABHA,Sports Infrastructure,8015453.58,7675583.71,476,443,100.0,CTR-098,10,65,1.204,0.2099,HILLY,2025,11490913.24,91.65
MPLADS-3553,Andaman and Nicobar Islands,RAJYA_SABHA,Sanitation,12595180.2,11025750.06,275,19,10.75,CTR-079,9,46,1.2724,0.3242,HILLY,2025,18653360.64,82.39
MPLADS-3554,Tripura,LOK_SABHA,Drinking Water,36771921.79,35597597.94,328,166,43.52,CTR-111,4,37,1.0679,0.0093,PLAIN,2023,40853144.18,44.85
MPLADS-3555,Arunachal Pradesh,RAJYA_SABHA,Drinking Water,800173.89,700054.45,337,154,27.34,CTR-101,13,45,1.0213,0.6315,HILLY,2025,919489.79,132.47
MPLADS-3556,Bihar,RAJYA_SABHA,Healthcare,41740876.28,41156233.08,540,777,88.74,CTR-034,8,74,1.1748,0.518,PLAIN,2025,56929047.08,119.69
MPLADS-3557,Manipur,RAJYA_SABHA,Other Public Assets,45254671.25,37640886.24,366,408,90.96,CTR-147,0,55,1.201,0.8001,HILLY,2024,59168424.97,105.28
MPLADS-3558,Andhra Pradesh,LOK_SABHA,Drinking Water,49836311.86,47344877.55,405,27,0.0,CTR-031,7,65,1.1689,0.9767,PLAIN,2024,66989429.57,113.92
MPLADS-3559,Delhi,LOK_SABHA,Other Public Assets,5744596.99,5481854.55,364,297,67.31,CTR-125,13,41,1.1608,0.8199,HILLY,2024,8594768.76,126.74
MPLADS-3560,Manipur,LOK_SABHA,Other Public Assets,45539359.1,42875009.76,399,341,100.0,CTR-094,6,47,1.0894,0.973,DESERT,2024,57603722.14,75.72
MPLADS-3561,Maharashtra,RAJYA_SABHA,Other Public Assets,16841526.88,17327926.11,346,221,43.23,CTR-012,15,82,1.2301,0.6867,PLAIN,2023,25693856.31,164.54
MPLADS-3562,Manipur,RAJYA_SABHA,Electrification,3335196.71,3265622.48,422,84,0.62,CTR-187,2,50,1.1655,0.7221,DESERT,2025,4843355.56,90.92
MPLADS-3563,Nagaland,RAJYA_SABHA,Sports Infrastructure,14304726.49,12915778.07,517,66,9.15,CTR-083,2,51,1.1066,0.4051,HILLY,2024,17942140.7,61.09
MPLADS-3564,Puducherry,LOK_SABHA,Other Public Assets,20315915.45,17017323.13,244,291,100.0,CTR-131,9,11,1.3134,0.2274,PLAIN,2024,26498772.19,66.2
MPLADS-3565,Jharkhand,RAJYA_SABHA,Community Halls,13596992.49,11030509.38,506,75,20.63,CTR-126,9,65,1.0422,0.4221,HILLY,2025,14592048.63,76.51
MPLADS-3566,Chhattisgarh,RAJYA_SABHA,Healthcare,38656611.85,33531828.59,482,432,85.05,CTR-001,1,56,1.0943,0.8147,PLAIN,2024,39553275.57,69.88
MPLADS-3567,Maharashtra,LOK_SABHA,Drinking Water,34683581.5,34639742.7,319,387,80.69,CTR-015,11,88,1.1738,0.4799,PLAIN,2025,48383325.49,105.03
MPLADS-3568,Chhattisgarh,RAJYA_SABHA,Sports Infrastructure,14870949.83,14633830.18,436,179,68.88,CTR-106,12,60,1.0284,0.495,PLAIN,2024,16988232.71,111.49
MPLADS-3569,Rajasthan,LOK_SABHA,Education,23803547.6,22727334.32,256,152,58.97,CTR-189,3,32,1.3169,0.4278,DESERT,2023,37316504.16,48.72
MPLADS-3570,Chandigarh,LOK_SABHA,Sports Infrastructure,21643590.42,21924877.31,340,59,25.61,CTR-143,4,47,1.236,0.3821,COASTAL,2023,31886544.87,89.85
MPLADS-3571,Telangana,LOK_SABHA,Other Public Assets,48380578.07,48593434.42,436,50,41.8,CTR-036,1,50,1.0853,0.6954,PLAIN,2023,59191641.12,44.33
MPLADS-3572,Himachal Pradesh,RAJYA_SABHA,Community Halls,20570028.71,17609855.98,121,111,76.92,CTR-062,11,27,1.3425,0.5273,HILLY,2023,31748264.18,88.66
MPLADS-3573,Gujarat,RAJYA_SABHA,Drinking Water,21126016.64,21278291.67,352,206,34.31,CTR-040,10,47,1.0256,0.9095,PLAIN,2024,25793185.93,99.58
MPLADS-3574,Meghalaya,LOK_SABHA,Healthcare,6617111.28,6066219.07,454,593,73.51,CTR-194,5,101,1.3126,0.6098,HILLY,2024,10591540.77,158.36
MPLADS-3575,Bihar,LOK_SABHA,Electrification,34803002.76,28169346.87,378,54,0.31,CTR-082,6,65,1.3049,0.4944,HILLY,2024,47959202.64,103.26
MPLADS-3576,Assam,LOK_SABHA,Education,7678489.3,6592750.37,165,9,1.32,CTR-085,10,20,1.1241,0.8717,DESERT,2024,9296353.76,73.81
MPLADS-3577,Chhattisgarh,RAJYA_SABHA,Education,27403595.18,27539155.7,248,130,28.83,CTR-166,13,47,1.3319,0.725,HILLY,2025,49515487.62,134.72
MPLADS-3578,Kerala,LOK_SABHA,Bridges,8102898.61,7732404.86,350,85,10.47,CTR-062,11,91,1.0039,0.8479,PLAIN,2024,8664152.16,72.7
MPLADS-3579,Karnataka,LOK_SABHA,Bridges,8493235.26,7399746.46,171,79,50.41,CTR-193,9,75,1.1533,0.2348,PLAIN,2024,9734928.84,97.61
MPLADS-3580,Rajasthan,LOK_SABHA,Community Halls,49353645.46,44039062.59,255,371,97.64,CTR-129,9,25,1.1912,0.3373,DESERT,2023,65233253.11,98.61
MPLADS-3581,Goa,RAJYA_SABHA,Bridges,30695387.17,30694625.58,282,99,43.82,CTR-072,3,81,1.1742,0.6802,COASTAL,2023,43878180.93,86.76
MPLADS-3582,Jammu and Kashmir,RAJYA_SABHA,Electrification,40161212.98,41799278.1,488,598,100.0,CTR-067,14,39,1.1234,0.6235,HILLY,2025,61230578.89,122.97
MPLADS-3583,Jharkhand,LOK_SABHA,Sports Infrastructure,10994926.31,9976935.22,454,353,53.49,CTR-063,5,61,1.0522,0.7328,HILLY,2023,13610462.33,116.24
MPLADS-3584,Himachal Pradesh,LOK_SABHA,Bridges,2684308.59,2423020.78,363,513,99.38,CTR-046,15,61,1.1626,0.4485,HILLY,2025,3818981.87,131.92
MPLADS-3585,Manipur,LOK_SABHA,Education,39408551.11,36106006.42,227,78,23.14,CTR-124,7,24,1.2119,1.0,HILLY,2025,58865753.78,75.94
MPLADS-3586,Assam,LOK_SABHA,Drinking Water,46811806.89,43567918.94,107,132,96.42,CTR-181,15,78,1.3009,0.1054,PLAIN,2024,66357476.06,122.97
MPLADS-3587,West Bengal,LOK_SABHA,Community Halls,27509725.96,23883123.04,517,396,70.62,CTR-107,12,69,0.9513,0.7429,COASTAL,2024,27804928.99,132.19
MPLADS-3588,Maharashtra,RAJYA_SABHA,Healthcare,37379344.52,33238645.7,173,216,89.89,CTR-188,6,0,1.0358,0.8956,PLAIN,2024,38071425.84,41.0
MPLADS-3589,Tripura,RAJYA_SABHA,Community Halls,12807448.3,12418784.08,136,165,100.0,CTR-123,10,48,1.3089,0.7009,PLAIN,2025,19621474.79,59.25
MPLADS-3590,Haryana,RAJYA_SABHA,Sanitation,44355886.83,45023398.4,367,505,92.58,CTR-154,4,39,1.3366,0.4862,PLAIN,2024,73263253.92,38.45
MPLADS-3591,Bihar,LOK_SABHA,Sports Infrastructure,26741119.89,21699382.64,288,179,70.52,CTR-065,6,78,1.1476,0.6127,PLAIN,2023,29173515.06,55.37
MPLADS-3592,Kerala,LOK_SABHA,Roads,6873701.87,6579074.28,108,120,100.0,CTR-065,6,24,1.2598,0.0639,COASTAL,2024,9722085.02,50.79
MPLADS-3593,Lakshadweep,RAJYA_SABHA,Electrification,20259881.43,16242405.51,159,114,91.81,CTR-033,1,21,1.2538,0.3587,COASTAL,2024,24589394.46,38.6
MPLADS-3594,Himachal Pradesh,RAJYA_SABHA,Bridges,10331473.92,9312834.13,527,123,20.67,CTR-107,12,61,1.3458,0.2807,HILLY,2025,16428200.31,116.0
MPLADS-3595,Assam,LOK_SABHA,Community Halls,2551836.2,2205870.82,122,32,26.88,CTR-043,11,43,1.2841,1.0,HILLY,2024,3801504.91,125.83
MPLADS-3596,Haryana,RAJYA_SABHA,Roads,33330597.88,31107807.85,223,273,79.81,CTR-161,15,30,1.3075,0.1017,PLAIN,2025,47643239.85,73.25
MPLADS-3597,Jharkhand,LOK_SABHA,Healthcare,37709763.89,38948460.81,268,379,100.0,CTR-138,0,33,1.1686,0.9046,COASTAL,2023,56501009.02,73.38
MPLADS-3598,Chandigarh,RAJYA_SABHA,Other Public Assets,4365735.52,3511161.31,298,135,67.79,CTR-182,2,48,1.0755,0.3732,COASTAL,2024,4365831.08,80.76
MPLADS-3599,Dadra and Nagar Haveli and Daman and Diu,LOK_SABHA,Sanitation,29498394.79,27122216.0,196,66,7.96,CTR-115,8,27,1.227,0.265,HILLY,2024,43151196.51,83.34
MPLADS-3600,Goa,LOK_SABHA,Sanitation,40011384.24,36908921.17,313,277,94.17,CTR-063,5,60,1.0645,0.8036,PLAIN,2023,44639889.62,40.53
MPLADS-3601,Uttarakhand,LOK_SABHA,Other Public Assets,30885002.28,25437622.82,294,300,100.0,CTR-190,4,61,1.2926,1.0,HILLY,2023,44464635.04,113.88
MPLADS-3602,Madhya Pradesh,LOK_SABHA,Community Halls,22519369.02,21138119.67,323,65,28.6,CTR-120,1,49,1.0504,0.9658,PLAIN,2025,24672583.67,51.82
MPLADS-3603,Uttar Pradesh,LOK_SABHA,Electrification,32201277.65,28353405.41,485,540,100.0,CTR-158,8,56,1.0523,0.0927,PLAIN,2025,33410367.53,78.22
MPLADS-3604,Mizoram,LOK_SABHA,Electrification,30817897.57,27600179.97,94,96,100.0,CTR-077,5,0,1.3094,0.4506,HILLY,2024,47004231.73,83.92
MPLADS-3605,Dadra and Nagar Haveli and Daman and Diu,LOK_SABHA,Sanitation,24772610.05,22206955.94,112,71,52.37,CTR-044,5,25,1.0624,0.8554,PLAIN,2025,27449210.75,53.19
MPLADS-3606,Andhra Pradesh,LOK_SABHA,Other Public Assets,27496462.43,28720000.51,407,265,67.35,CTR-155,6,64,1.2154,0.2138,COASTAL,2023,42000385.93,57.79
MPLADS-3607,Assam,RAJYA_SABHA,Other Public Assets,11673883.77,10623844.81,424,368,59.87,CTR-197,5,96,1.1178,0.7766,HILLY,2024,15126670.38,128.49
MPLADS-3608,Uttar Pradesh,LOK_SABHA,Education,21322210.01,20756287.64,486,293,77.67,CTR-087,1,61,1.3109,0.1506,COASTAL,2024,31908470.77,70.16
MPLADS-3609,Mizoram,RAJYA_SABHA,Community Halls,32031923.17,27185659.51,440,143,16.2,CTR-023,2,50,1.2497,0.8508,HILLY,2025,44178870.66,111.73
MPLADS-3610,Nagaland,LOK_SABHA,Drinking Water,24477395.69,19663882.39,466,351,61.59,CTR-096,4,49,0.985,0.6002,HILLY,2023,24479088.23,98.75
MPLADS-3611,Himachal Pradesh,RAJYA_SABHA,Sanitation,48359009.13,40678615.78,98,82,77.28,CTR-193,9,33,1.1329,0.9477,DESERT,2025,60496458.42,96.86
MPLADS-3612,Assam,LOK_SABHA,Healthcare,15396800.22,12348751.05,104,122,100.0,CTR-181,15,69,0.9616,0.8755,HILLY,2024,15952026.87,142.85
MPLADS-3613,Haryana,RAJYA_SABHA,Education,33690100.15,34529095.41,222,224,100.0,CTR-195,15,41,1.2064,0.3307,HILLY,2023,54577262.89,107.02
MPLADS-3614,Arunachal Pradesh,LOK_SABHA,Roads,11027802.99,9892230.16,294,232,67.23,CTR-114,7,22,1.037,0.3228,HILLY,2025,12826978.18,78.62
MPLADS-3615,Himachal Pradesh,RAJYA_SABHA,Community Halls,20092238.64,17740037.55,157,133,74.47,CTR-161,15,61,1.0639,1.0,HILLY,2025,25354925.17,126.23
MPLADS-3616,Kerala,LOK_SABHA,Education,2011184.98,2075308.55,468,82,1.33,CTR-021,8,94,1.111,0.7448,COASTAL,2024,2835914.83,102.34
MPLADS-3617,Odisha,LOK_SABHA,Electrification,41639444.24,33778696.03,179,200,97.99,CTR-188,6,19,1.209,0.4896,PLAIN,2024,46883327.3,43.55
MPLADS-3618,Madhya Pradesh,LOK_SABHA,Sanitation,1968150.06,1959237.13,512,549,72.83,CTR-055,7,50,1.0898,0.5588,PLAIN,2025,2403443.14,82.34
MPLADS-3619,Uttar Pradesh,RAJYA_SABHA,Sports Infrastructure,25050724.02,22415043.59,205,285,80.26,CTR-127,1,59,1.2422,0.2271,HILLY,2023,36155479.89,72.51
MPLADS-3620,Arunachal Pradesh,LOK_SABHA,Healthcare,2448666.36,2394767.07,465,549,99.87,CTR-148,3,53,1.0497,1.0,HILLY,2024,3217674.81,102.82
MPLADS-3621,Rajasthan,LOK_SABHA,Education,43129557.62,44732483.48,429,235,72.7,CTR-081,15,37,1.1577,0.4448,DESERT,2025,67991543.35,81.24
MPLADS-3622,Lakshadweep,LOK_SABHA,Sanitation,6600953.47,6006232.34,526,109,34.6,CTR-140,6,46,1.3367,0.7883,COASTAL,2025,10651403.39,94.37
MPLADS-3623,West Bengal,LOK_SABHA,Sanitation,914345.43,859216.39,284,186,70.08,CTR-049,10,77,1.1211,0.0423,PLAIN,2024,1126789.9,57.85
MPLADS-3624,Dadra and Nagar Haveli and Daman and Diu,RAJYA_SABHA,Education,23192847.24,23408289.32,227,219,100.0,CTR-010,1,12,1.1426,0.9395,PLAIN,2025,30491330.87,26.93
MPLADS-3625,Chhattisgarh,RAJYA_SABHA,Drinking Water,8816850.19,8416403.23,295,80,19.02,CTR-067,14,62,1.0317,0.2763,PLAIN,2024,9831048.23,120.32
MPLADS-3626,Ladakh,LOK_SABHA,Drinking Water,30623602.31,29004891.41,338,414,100.0,CTR-064,15,13,1.1976,0.6213,HILLY,2024,45769816.83,111.0
MPLADS-3627,Karnataka,LOK_SABHA,Bridges,32736837.38,34202679.73,132,103,79.36,CTR-004,7,60,1.1494,0.8952,COASTAL,2024,50204467.18,98.95
MPLADS-3628,Ladakh,LOK_SABHA,Sports Infrastructure,31365327.81,28668394.71,357,496,77.2,CTR-105,12,13,1.0167,0.829,DESERT,2023,34966101.5,121.78
MPLADS-3629,Chhattisgarh,RAJYA_SABHA,Sanitation,17890406.15,15735662.46,138,146,95.57,CTR-013,11,0,1.2773,0.2115,HILLY,2023,26710690.85,66.29
MPLADS-3630,Uttarakhand,LOK_SABHA,Healthcare,26234264.86,23841463.76,403,525,87.8,CTR-132,8,61,1.2324,0.6685,PLAIN,2025,34549580.48,45.18
MPLADS-3631,Gujarat,LOK_SABHA,Roads,38191729.13,33422477.83,410,397,85.9,CTR-051,12,45,1.3492,0.4596,DESERT,2024,58831168.0,97.0
MPLADS-3632,Meghalaya,RAJYA_SABHA,Roads,32911179.51,31067338.92,97,84,100.0,CTR-062,11,54,1.3318,0.8714,HILLY,2025,56026645.86,133.91
MPLADS-3633,Madhya Pradesh,LOK_SABHA,Sports Infrastructure,8155810.7,7277957.05,323,241,85.65,CTR-017,8,40,1.312,1.0,DESERT,2023,12535105.59,103.77
MPLADS-3634,Kerala,LOK_SABHA,Other Public Assets,6564889.03,6168683.95,204,302,100.0,CTR-074,2,68,1.2007,0.2774,HILLY,2023,9192838.3,70.94
MPLADS-3635,Punjab,RAJYA_SABHA,Drinking Water,44251762.01,37601108.25,247,122,60.43,CTR-001,1,45,1.0565,0.7319,PLAIN,2025,41239790.58,54.03
MPLADS-3636,Chandigarh,RAJYA_SABHA,Education,21384571.67,19042081.43,144,5,0.0,CTR-040,10,48,1.3154,0.7946,PLAIN,2023,30736458.33,63.16
MPLADS-3637,Kerala,LOK_SABHA,Other Public Assets,27896308.4,26689997.54,240,32,0.0,CTR-126,9,24,1.1721,0.9459,COASTAL,2024,39423091.62,111.57
MPLADS-3638,Uttar Pradesh,RAJYA_SABHA,Other Public Assets,23427095.65,20434902.38,175,187,100.0,CTR-137,9,33,1.1369,0.4404,PLAIN,2025,26234137.74,70.67
MPLADS-3639,Tamil Nadu,LOK_SABHA,Drinking Water,19201278.24,18357799.64,224,253,100.0,CTR-160,12,40,1.2203,0.3815,PLAIN,2024,26049997.95,83.67
MPLADS-3640,Goa,RAJYA_SABHA,Roads,11751764.4,11254002.65,231,309,100.0,CTR-087,1,21,1.1984,0.6901,PLAIN,2023,15181295.65,41.92
MPLADS-3641,Mizoram,LOK_SABHA,Other Public Assets,14618137.73,14712188.07,101,93,85.13,CTR-032,3,0,1.2334,0.7871,HILLY,2024,24183608.77,78.87
MPLADS-3642,Uttar Pradesh,LOK_SABHA,Other Public Assets,6882061.73,6446672.93,280,143,84.1,CTR-154,4,56,1.2109,0.4076,PLAIN,2025,9074048.41,74.31
MPLADS-3643,Delhi,RAJYA_SABHA,Other Public Assets,29134715.78,27239447.24,319,229,82.8,CTR-079,9,26,0.9978,0.604,PLAIN,2024,29812408.37,51.34
MPLADS-3644,Meghalaya,RAJYA_SABHA,Roads,29331726.89,25330940.3,345,49,0.0,CTR-163,6,96,1.0132,0.6386,PLAIN,2025,28102715.22,80.91
MPLADS-3645,Mizoram,RAJYA_SABHA,Education,7416084.0,7234359.38,420,346,73.04,CTR-134,8,51,1.0043,0.7783,DESERT,2023,8864492.17,89.64
MPLADS-3646,Andhra Pradesh,LOK_SABHA,Sanitation,47484533.32,38961297.39,391,556,86.91,CTR-040,10,65,0.953,0.8915,PLAIN,2025,42203929.2,100.81
MPLADS-3647,Madhya Pradesh,LOK_SABHA,Drinking Water,27597143.44,28373587.9,213,158,82.0,CTR-161,15,0,1.3266,0.6136,PLAIN,2025,45845995.84,91.8
MPLADS-3648,Uttarakhand,RAJYA_SABHA,Sanitation,46834441.81,46945424.63,371,381,91.65,CTR-135,12,63,1.3053,0.395,DESERT,2023,79811903.87,110.36
MPLADS-3649,Bihar,LOK_SABHA,Roads,21945517.4,21282101.93,343,7,5.56,CTR-120,1,72,1.0025,0.8807,HILLY,2025,27428490.4,114.81
MPLADS-3650,Uttar Pradesh,RAJYA_SABHA,Healthcare,21488301.14,18318644.75,165,243,87.25,CTR-126,9,0,1.2857,0.5376,PLAIN,2025,28032567.97,70.64
MPLADS-3651,Lakshadweep,LOK_SABHA,Roads,43425838.58,35880818.93,404,226,80.09,CTR-018,2,49,1.2638,0.3246,COASTAL,2025,55869614.48,40.31
MPLADS-3652,Jharkhand,LOK_SABHA,Healthcare,14832049.68,15043203.42,190,30,0.0,CTR-120,1,65,1.0011,0.2719,PLAIN,2024,14718483.76,50.27
MPLADS-3653,Tamil Nadu,RAJYA_SABHA,Community Halls,28918152.48,25789451.58,116,164,86.56,CTR-149,13,28,1.0775,0.6557,HILLY,2025,36414293.71,97.78
MPLADS-3654,Ladakh,RAJYA_SABHA,Bridges,21076639.61,18206050.38,508,589,98.37,CTR-187,2,13,1.3226,0.3132,HILLY,2025,30042664.9,45.52
MPLADS-3655,Chandigarh,LOK_SABHA,Electrification,12122797.68,10414171.84,225,86,65.6,CTR-091,6,52,1.2493,0.3292,DESERT,2023,16579255.97,102.66
MPLADS-3656,Assam,LOK_SABHA,Sanitation,13983650.43,13394126.86,311,132,43.14,CTR-023,2,100,1.1239,0.4509,PLAIN,2024,16868749.79,96.29
MPLADS-3657,Tamil Nadu,LOK_SABHA,Roads,9355804.15,9628858.2,526,675,100.0,CTR-085,10,52,1.0031,0.2473,COASTAL,2025,10822516.22,87.76
MPLADS-3658,Ladakh,RAJYA_SABHA,Other Public Assets,4271972.02,3646183.62,463,12,8.13,CTR-016,12,13,1.0141,0.6531,HILLY,2024,5028468.32,99.6
MPLADS-3659,Maharashtra,RAJYA_SABHA,Community Halls,45320111.15,46241487.27,361,478,80.21,CTR-166,13,82,1.0649,0.4848,COASTAL,2024,59121466.44,151.7
MPLADS-3660,Gujarat,RAJYA_SABHA,Bridges,12117692.38,10769866.69,168,173,95.41,CTR-045,1,12,1.2646,0.4809,COASTAL,2024,16200316.01,53.11
MPLADS-3661,Chhattisgarh,RAJYA_SABHA,Community Halls,522530.36,495395.48,302,117,13.1,CTR-072,3,60,1.0614,0.7501,PLAIN,2024,611782.06,94.46
MPLADS-3662,Jammu and Kashmir,LOK_SABHA,Sanitation,20771983.03,17455015.18,505,415,98.58,CTR-021,8,37,1.2564,0.3479,HILLY,2025,29178158.73,59.41
MPLADS-3663,Jammu and Kashmir,RAJYA_SABHA,Sanitation,43168494.54,37347836.88,408,329,72.66,CTR-086,11,41,1.0892,0.2849,HILLY,2024,51942251.96,82.61
MPLADS-3664,Meghalaya,LOK_SABHA,Bridges,31252666.53,28298976.78,102,31,47.37,CTR-140,6,23,1.1163,1.0,HILLY,2024,40466470.91,73.82
MPLADS-3665,Andhra Pradesh,LOK_SABHA,Sanitation,21575648.9,17727706.15,251,203,68.23,CTR-109,7,48,1.2894,0.8466,PLAIN,2025,27567937.99,100.4
MPLADS-3666,Karnataka,RAJYA_SABHA,Sanitation,42623614.32,34608462.69,354,58,11.32,CTR-136,4,71,1.0356,0.3027,HILLY,2025,43921631.77,84.42
MPLADS-3667,Tripura,LOK_SABHA,Roads,29644087.66,29454708.37,384,258,65.97,CTR-011,8,49,1.267,0.92,HILLY,2024,50463037.0,117.09
MPLADS-3668,Andaman and Nicobar Islands,RAJYA_SABHA,Roads,42130335.28,43712456.46,403,586,94.05,CTR-024,14,43,1.1605,0.6274,COASTAL,2024,61229330.72,132.68
MPLADS-3669,Puducherry,LOK_SABHA,Sports Infrastructure,48191714.7,40951610.83,399,99,43.86,CTR-030,7,47,1.1542,0.4279,HILLY,2024,59261112.08,66.28
MPLADS-3670,Chandigarh,RAJYA_SABHA,Bridges,15557971.96,14172693.8,253,275,100.0,CTR-182,2,40,1.3183,0.817,COASTAL,2024,23719060.01,85.11
MPLADS-3671,Maharashtra,LOK_SABHA,Sports Infrastructure,7169753.35,6011092.12,365,86,10.02,CTR-159,8,86,1.3315,0.3218,PLAIN,2024,9683014.41,116.46
MPLADS-3672,Lakshadweep,LOK_SABHA,Roads,29176418.24,28522799.15,211,157,65.46,CTR-087,1,35,1.3281,0.6691,COASTAL,2024,47514245.75,67.22
MPLADS-3673,Chhattisgarh,LOK_SABHA,Sports Infrastructure,47712668.61,39740815.0,351,133,30.13,CTR-171,1,61,1.2305,0.0103,PLAIN,2024,51692547.18,43.65
MPLADS-3674,Maharashtra,LOK_SABHA,Sanitation,10285683.58,10043141.81,254,105,33.31,CTR-086,11,76,1.3262,0.874,HILLY,2025,18107097.6,167.47
MPLADS-3675,Lakshadweep,LOK_SABHA,Drinking Water,20048968.9,19701777.1,230,245,86.04,CTR-034,8,36,1.1339,0.812,COASTAL,2024,27479250.05,114.96
MPLADS-3676,Rajasthan,RAJYA_SABHA,Community Halls,24614302.51,21108552.0,409,516,100.0,CTR-099,10,38,1.1009,1.0,DESERT,2025,30035609.05,111.04
MPLADS-3677,Manipur,RAJYA_SABHA,Bridges,29596773.58,30885187.61,450,374,100.0,CTR-119,3,54,1.1014,1.0,HILLY,2025,42988464.23,92.02
MPLADS-3678,Nagaland,RAJYA_SABHA,Community Halls,39724422.69,33243927.19,285,394,100.0,CTR-183,7,45,1.0994,0.3742,HILLY,2023,45009704.69,81.49
MPLADS-3679,Delhi,LOK_SABHA,Bridges,25078215.63,24080376.78,203,19,9.39,CTR-027,6,9,1.042,0.445,PLAIN,2023,27714614.72,36.74
MPLADS-3680,Rajasthan,RAJYA_SABHA,Education,4867053.67,4213724.1,352,74,2.7,CTR-020,7,33,0.9538,0.4217,PLAIN,2025,4200615.87,66.04
MPLADS-3681,Manipur,LOK_SABHA,Sports Infrastructure,48883784.59,49157015.83,308,378,96.69,CTR-183,7,52,1.2747,0.7741,HILLY,2024,79651505.12,115.29
MPLADS-3682,Jharkhand,LOK_SABHA,Healthcare,9946314.38,9120540.9,517,362,46.37,CTR-153,14,57,1.346,0.3298,PLAIN,2024,14518730.88,114.54
MPLADS-3683,Mizoram,LOK_SABHA,Community Halls,14075200.68,11722178.92,491,716,100.0,CTR-179,14,48,0.9965,0.3306,HILLY,2025,15298160.89,127.56
MPLADS-3684,Tripura,RAJYA_SABHA,Electrification,8705324.61,8604257.06,356,505,79.24,CTR-006,13,52,1.1905,0.6392,HILLY,2025,13988689.13,130.23
MPLADS-3685,Mizoram,LOK_SABHA,Education,3733923.44,3587308.49,378,343,100.0,CTR-081,15,46,1.147,0.903,HILLY,2023,5427207.98,131.63
MPLADS-3686,Andaman and Nicobar Islands,LOK_SABHA,Healthcare,3993741.78,3614680.78,94,27,24.77,CTR-172,1,13,1.1444,0.4504,COASTAL,2025,4979778.48,42.23
MPLADS-3687,Sikkim,RAJYA_SABHA,Sanitation,30284626.65,30766496.35,326,360,97.69,CTR-090,13,42,1.1347,0.2075,HILLY,2025,45061773.74,94.86
MPLADS-3688,Kerala,RAJYA_SABHA,Healthcare,20655036.33,19193667.32,428,530,100.0,CTR-077,5,84,1.0774,0.618,PLAIN,2025,23088752.56,112.05
MPLADS-3689,Kerala,LOK_SABHA,Bridges,39337468.75,38094057.78,163,22,9.19,CTR-140,6,89,1.169,0.5342,COASTAL,2023,54396912.15,95.75
MPLADS-3690,Andhra Pradesh,LOK_SABHA,Other Public Assets,9086478.16,7764921.09,141,113,62.15,CTR-033,1,0,1.147,0.0233,COASTAL,2025,10052177.03,26.25
MPLADS-3691,Madhya Pradesh,RAJYA_SABHA,Drinking Water,16842580.22,15820293.51,190,284,90.51,CTR-049,10,43,1.2679,0.7639,PLAIN,2025,22984014.39,83.5
MPLADS-3692,Arunachal Pradesh,LOK_SABHA,Healthcare,26120968.56,24752093.71,294,382,100.0,CTR-129,9,40,1.0282,0.4336,PLAIN,2024,27990653.88,57.91
MPLADS-3693,Rajasthan,LOK_SABHA,Education,1810231.66,1782175.74,244,347,100.0,CTR-099,10,32,1.0738,0.2956,DESERT,2023,2375627.12,63.57
MPLADS-3694,Assam,RAJYA_SABHA,Other Public Assets,10238967.0,8490713.26,250,158,74.35,CTR-143,4,62,1.3299,0.8035,PLAIN,2024,13423063.42,99.58
MPLADS-3695,Puducherry,LOK_SABHA,Healthcare,5133058.35,4955323.02,177,15,0.99,CTR-117,0,25,1.0958,0.4743,PLAIN,2024,5963801.14,30.06
MPLADS-3696,Dadra and Nagar Haveli and Daman and Diu,RAJYA_SABHA,Roads,15695450.6,16440919.27,108,48,54.18,CTR-147,0,0,1.292,0.1586,PLAIN,2024,24046898.08,4.84
MPLADS-3697,Himachal Pradesh,LOK_SABHA,Electrification,13416632.71,12636618.99,533,238,60.36,CTR-077,5,65,1.103,1.0,HILLY,2025,18160479.17,127.63
MPLADS-3698,Goa,LOK_SABHA,Sanitation,38972360.2,33172325.85,127,72,75.95,CTR-042,12,0,1.2945,0.8457,PLAIN,2023,52296095.44,71.19
MPLADS-3699,Tamil Nadu,RAJYA_SABHA,Roads,28104039.86,27105670.96,496,525,100.0,CTR-087,1,48,1.251,0.5757,HILLY,2024,43657125.24,77.75
MPLADS-3700,Uttarakhand,LOK_SABHA,Roads,36126293.52,29600059.7,405,398,83.31,CTR-028,13,62,1.2751,0.4901,HILLY,2024,50750685.12,119.47
MPLADS-3701,Manipur,LOK_SABHA,Drinking Water,2224105.68,2086820.29,104,99,57.77,CTR-198,1,37,1.2639,1.0,HILLY,2024,3455518.33,100.25
MPLADS-3702,Meghalaya,LOK_SABHA,Other Public Assets,15744064.01,16081548.15,408,223,57.27,CTR-151,13,90,1.3369,0.6115,HILLY,2023,30152388.68,141.11
MPLADS-3703,Assam,LOK_SABHA,Sports Infrastructure,25635921.03,21109481.8,343,483,82.71,CTR-115,8,86,1.3353,0.7848,PLAIN,2023,33861354.31,124.82
MPLADS-3704,Odisha,LOK_SABHA,Other Public Assets,25143909.67,20271234.09,103,119,100.0,CTR-121,7,0,1.2095,0.6057,PLAIN,2023,28342433.66,32.34
MPLADS-3705,Arunachal Pradesh,LOK_SABHA,Electrification,37590500.84,39147162.92,300,127,36.52,CTR-016,12,51,0.9772,0.4209,DESERT,2024,46154378.73,85.33
MPLADS-3706,Nagaland,RAJYA_SABHA,Bridges,26614229.49,27172357.29,462,482,100.0,CTR-007,1,49,1.0182,1.0,HILLY,2025,36277347.37,117.06
MPLADS-3707,Maharashtra,LOK_SABHA,Sanitation,4245448.13,4308671.18,522,667,72.69,CTR-168,2,80,0.998,0.8758,PLAIN,2025,4743718.03,114.73
MPLADS-3708,Jharkhand,LOK_SABHA,Drinking Water,27406399.08,22694315.8,454,415,71.02,CTR-159,8,73,1.0478,0.1935,COASTAL,2025,27679288.79,96.82
MPLADS-3709,Tripura,LOK_SABHA,Community Halls,27742675.88,26118960.14,391,259,81.23,CTR-175,11,50,1.1645,0.6395,PLAIN,2024,36993377.09,110.46
MPLADS-3710,Himachal Pradesh,LOK_SABHA,Sanitation,22339690.86,18867929.16,370,275,79.18,CTR-009,3,56,1.1058,1.0,HILLY,2024,27045114.3,86.68
MPLADS-3711,Meghalaya,LOK_SABHA,Sanitation,32851227.4,28197933.19,345,396,100.0,CTR-137,9,93,0.9941,0.3677,HILLY,2023,36960319.06,112.34
MPLADS-3712,Karnataka,LOK_SABHA,Drinking Water,2942814.2,2940440.67,526,301,62.43,CTR-108,10,74,1.2608,0.1512,PLAIN,2025,4348736.02,91.63
MPLADS-3713,Maharashtra,LOK_SABHA,Bridges,25225261.92,26471721.78,359,355,100.0,CTR-187,2,80,1.0974,1.0,DESERT,2023,36457123.39,103.88
MPLADS-3714,Madhya Pradesh,LOK_SABHA,Community Halls,650180.04,600405.38,168,248,100.0,CTR-001,1,14,1.1575,0.6921,COASTAL,2024,806492.89,27.72
MPLADS-3715,Uttar Pradesh,LOK_SABHA,Other Public Assets,17662779.48,14872940.91,301,450,89.43,CTR-047,7,57,1.1512,0.6475,PLAIN,2024,19824170.73,101.4
MPLADS-3716,Rajasthan,RAJYA_SABHA,Community Halls,21415125.5,17872035.64,212,248,95.94,CTR-166,13,35,1.3108,0.9045,PLAIN,2023,28527628.83,88.82
MPLADS-3717,Kerala,LOK_SABHA,Sports Infrastructure,14343715.84,14172659.09,97,95,80.92,CTR-019,13,0,1.1709,0.3917,HILLY,2025,22148803.85,93.2
MPLADS-3718,Gujarat,LOK_SABHA,Drinking Water,13080614.14,10973238.7,135,33,24.76,CTR-098,10,0,0.9904,0.333,PLAIN,2023,11558438.49,55.56
MPLADS-3719,Jharkhand,LOK_SABHA,Roads,30978255.07,30927284.93,120,100,48.77,CTR-131,9,66,1.3364,0.2557,PLAIN,2023,48499720.89,96.59
MPLADS-3720,Telangana,RAJYA_SABHA,Drinking Water,33671776.36,33318565.65,326,422,98.52,CTR-023,2,37,1.0819,0.0351,PLAIN,2023,38601125.08,38.55
MPLADS-3721,Meghalaya,LOK_SABHA,Electrification,26636314.28,23212940.28,391,494,94.93,CTR-011,8,100,1.2988,0.3662,PLAIN,2023,35985401.08,101.4
MPLADS-3722,Nagaland,RAJYA_SABHA,Education,4436530.42,3582840.78,507,40,21.85,CTR-154,4,48,1.1676,1.0,HILLY,2025,5748776.73,84.49
MPLADS-3723,Goa,RAJYA_SABHA,Community Halls,3869955.77,3801935.84,182,28,0.0,CTR-013,11,85,1.098,0.8593,HILLY,2025,5406576.62,124.87
MPLADS-3724,Maharashtra,RAJYA_SABHA,Other Public Assets,20954123.51,20889088.06,103,115,79.91,CTR-135,12,0,0.989,0.7949,COASTAL,2024,25449472.22,80.23
MPLADS-3725,Tripura,RAJYA_SABHA,Sports Infrastructure,39731143.81,34680072.83,103,114,91.04,CTR-067,14,27,1.3304,0.9968,PLAIN,2024,56509813.21,124.92
MPLADS-3726,Puducherry,LOK_SABHA,Bridges,29219932.56,26852967.52,527,315,61.82,CTR-074,2,48,0.9626,0.3743,PLAIN,2025,27203386.9,51.81
MPLADS-3727,Puducherry,LOK_SABHA,Sanitation,47497177.81,44149716.2,536,441,100.0,CTR-062,11,45,0.9932,0.8128,HILLY,2024,55248712.33,97.39
MPLADS-3728,Kerala,LOK_SABHA,Sports Infrastructure,47321688.9,42103700.25,491,531,83.16,CTR-122,10,83,1.0584,0.6232,COASTAL,2024,53578496.68,131.81
MPLADS-3729,Meghalaya,LOK_SABHA,Sports Infrastructure,44286131.18,45241910.52,140,75,45.88,CTR-061,14,67,1.2572,0.5408,HILLY,2023,76852780.11,116.08
MPLADS-3730,Punjab,RAJYA_SABHA,Drinking Water,30843325.15,29251237.66,458,209,19.84,CTR-024,14,47,1.2209,0.421,PLAIN,2023,42736517.65,92.68
MPLADS-3731,Karnataka,LOK_SABHA,Sports Infrastructure,20939733.03,21359208.11,436,487,100.0,CTR-139,5,79,1.0328,0.5415,COASTAL,2025,25657303.77,60.07
MPLADS-3732,Punjab,LOK_SABHA,Sports Infrastructure,33282914.36,34047393.72,182,178,100.0,CTR-057,8,23,0.9762,0.7273,PLAIN,2023,37466126.06,63.69
MPLADS-3733,Odisha,LOK_SABHA,Healthcare,49920685.22,46465946.33,438,643,100.0,CTR-101,13,72,0.9675,0.9595,PLAIN,2024,50895651.97,104.34
MPLADS-3734,Assam,RAJYA_SABHA,Education,14645834.5,13678079.93,211,255,92.84,CTR-197,5,72,1.0025,0.336,HILLY,2023,17537847.27,111.91
MPLADS-3735,Maharashtra,RAJYA_SABHA,Electrification,990475.91,997118.81,180,265,98.52,CTR-128,12,56,1.004,0.9394,PLAIN,2023,1176021.63,88.97
MPLADS-3736,Rajasthan,LOK_SABHA,Community Halls,40909849.14,41496576.03,207,264,100.0,CTR-047,7,10,1.3235,0.6289,DESERT,2024,69732074.85,72.25
MPLADS-3737,Goa,LOK_SABHA,Education,22189502.41,19360922.13,401,111,49.52,CTR-009,3,85,0.9909,0.7542,PLAIN,2025,21482893.31,69.22
MPLADS-3738,Haryana,LOK_SABHA,Community Halls,48729141.6,47159104.01,274,121,47.81,CTR-095,14,34,1.2833,0.162,PLAIN,2024,69679135.08,80.66
MPLADS-3739,Telangana,LOK_SABHA,Drinking Water,37802605.44,31294001.25,315,258,54.92,CTR-175,11,45,1.0912,0.3765,PLAIN,2025,38864719.58,105.06
MPLADS-3740,Rajasthan,RAJYA_SABHA,Community Halls,28268913.21,24441205.6,378,302,97.98,CTR-101,13,37,0.9799,0.7308,HILLY,2024,32006173.77,144.42
MPLADS-3741,Assam,LOK_SABHA,Community Halls,45897473.82,39226429.26,390,79,24.35,CTR-078,3,95,0.9686,0.4647,PLAIN,2024,39896775.99,100.87
MPLADS-3742,Chandigarh,RAJYA_SABHA,Community Halls,30490483.43,31664480.48,218,183,73.66,CTR-036,1,25,1.1011,0.9734,COASTAL,2025,42458060.56,67.68
MPLADS-3743,Tamil Nadu,LOK_SABHA,Education,24963055.07,23031190.24,302,63,19.69,CTR-168,2,47,1.2976,0.4703,PLAIN,2025,34198621.59,64.73
MPLADS-3744,Dadra and Nagar Haveli and Daman and Diu,RAJYA_SABHA,Electrification,35536249.34,36124089.02,379,383,100.0,CTR-117,0,51,0.9595,0.7044,PLAIN,2024,38794124.98,60.64
MPLADS-3745,Telangana,LOK_SABHA,Education,16217458.45,16685743.47,378,258,39.62,CTR-197,5,49,0.9924,0.2893,PLAIN,2023,17079124.01,94.6
MPLADS-3746,Himachal Pradesh,LOK_SABHA,Sanitation,19410836.21,16310901.26,465,391,64.1,CTR-002,12,55,1.1792,0.5038,HILLY,2023,25252861.05,151.7
MPLADS-3747,Maharashtra,LOK_SABHA,Sports Infrastructure,13094025.31,11325754.72,449,235,46.12,CTR-150,0,83,1.141,0.6882,COASTAL,2024,15725037.91,73.63
MPLADS-3748,Bihar,LOK_SABHA,Healthcare,30803705.57,31955821.21,183,151,93.71,CTR-155,6,68,1.2015,0.8504,PLAIN,2024,45128677.71,100.62
MPLADS-3749,Odisha,LOK_SABHA,Electrification,37145844.36,31769521.2,305,351,100.0,CTR-020,7,79,1.252,0.561,COASTAL,2025,49541310.57,107.61
MPLADS-3750,Telangana,RAJYA_SABHA,Sanitation,32171062.89,33743249.67,519,657,99.88,CTR-003,10,45,1.3462,0.4551,PLAIN,2023,55757539.27,59.44
MPLADS-3751,Telangana,LOK_SABHA,Sanitation,28487749.33,23155817.67,106,115,100.0,CTR-120,1,36,1.1704,0.1397,COASTAL,2024,30768364.95,51.4
MPLADS-3752,Punjab,RAJYA_SABHA,Electrification,40564129.69,34852848.13,218,91,78.03,CTR-138,0,39,1.0756,0.8378,COASTAL,2024,43675630.83,45.5
MPLADS-3753,Madhya Pradesh,LOK_SABHA,Other Public Assets,41418950.65,40069470.43,156,230,100.0,CTR-124,7,0,0.9807,0.7854,HILLY,2023,48301341.98,70.5
MPLADS-3754,Rajasthan,LOK_SABHA,Electrification,47446790.61,43843363.54,281,302,100.0,CTR-018,2,32,1.3484,1.0,DESERT,2023,75115293.97,45.66
MPLADS-3755,Bihar,LOK_SABHA,Bridges,13498288.23,13443223.93,218,293,77.94,CTR-181,15,54,1.2837,0.6777,HILLY,2024,23881454.04,180.36
MPLADS-3756,Goa,RAJYA_SABHA,Bridges,2916606.77,2420395.14,410,348,73.83,CTR-064,15,85,1.0467,0.0226,COASTAL,2023,3019430.61,87.78
MPLADS-3757,Nagaland,LOK_SABHA,Roads,40483286.02,38841313.51,337,199,62.43,CTR-129,9,51,0.9712,0.5733,HILLY,2024,48230252.79,117.86
MPLADS-3758,Kerala,LOK_SABHA,Sports Infrastructure,12704270.12,12657881.73,405,438,82.42,CTR-178,2,90,1.2309,0.2477,COASTAL,2025,19170395.14,97.81
MPLADS-3759,Ladakh,LOK_SABHA,Healthcare,43582961.23,34944837.29,142,125,89.93,CTR-019,13,14,1.1426,0.6533,HILLY,2025,52118195.41,92.46
MPLADS-3760,Nagaland,LOK_SABHA,Community Halls,11652880.31,11664822.51,130,114,100.0,CTR-170,0,0,1.1549,0.6372,HILLY,2025,17029571.94,49.82
MPLADS-3761,Assam,LOK_SABHA,Other Public Assets,18366487.51,15936921.7,199,47,12.77,CTR-104,0,19,1.3244,0.5743,PLAIN,2025,24922174.17,52.91
MPLADS-3762,Haryana,LOK_SABHA,Drinking Water,10084727.79,10005782.07,370,274,87.31,CTR-134,8,42,1.1522,0.5022,PLAIN,2023,13546329.42,62.96
MPLADS-3763,Manipur,LOK_SABHA,Electrification,47995285.02,46500382.01,364,270,93.79,CTR-175,11,49,1.0215,0.8348,HILLY,2024,60657009.62,126.42
MPLADS-3764,Chhattisgarh,LOK_SABHA,Bridges,47675404.11,39318937.39,187,58,29.85,CTR-004,7,58,1.3339,0.3012,HILLY,2025,68575692.92,94.09
MPLADS-3765,Ladakh,RAJYA_SABHA,Electrification,47896272.78,48331293.56,349,3,0.19,CTR-037,13,13,1.151,0.456,HILLY,2024,70691687.64,104.36
MPLADS-3766,Lakshadweep,LOK_SABHA,Sports Infrastructure,33579483.08,28373333.16,414,549,100.0,CTR-146,13,55,0.9514,0.5383,COASTAL,2025,30956924.88,92.1
MPLADS-3767,Gujarat,RAJYA_SABHA,Drinking Water,28275404.2,22736297.57,191,130,71.34,CTR-021,8,45,1.3067,1.0,HILLY,2024,41146163.29,113.39
MPLADS-3768,Meghalaya,RAJYA_SABHA,Electrification,13671342.06,13760700.45,408,123,0.0,CTR-165,6,97,1.125,0.4747,HILLY,2023,19955857.28,111.49
MPLADS-3769,Dadra and Nagar Haveli and Daman and Diu,RAJYA_SABHA,Other Public Assets,31154560.63,25670363.02,342,341,97.07,CTR-132,8,50,1.0675,1.0,HILLY,2024,35458330.08,143.94
MPLADS-3770,Chhattisgarh,RAJYA_SABHA,Education,13995829.61,14572015.13,452,390,87.06,CTR-115,8,57,1.2912,0.0194,COASTAL,2024,22902198.78,71.51
MPLADS-3771,Madhya Pradesh,RAJYA_SABHA,Other Public Assets,49168558.36,39884324.01,274,349,94.6,CTR-163,6,49,1.1765,1.0,HILLY,2024,64954741.97,104.76
MPLADS-3772,Meghalaya,LOK_SABHA,Sports Infrastructure,36048438.04,28843098.82,213,217,96.86,CTR-149,13,20,1.0776,0.9104,HILLY,2023,39707198.55,112.73
MPLADS-3773,Nagaland,LOK_SABHA,Other Public Assets,35905176.15,29611571.82,367,246,78.8,CTR-165,6,48,1.1047,0.6592,HILLY,2024,42207398.89,93.09
MPLADS-3774,Rajasthan,LOK_SABHA,Electrification,35915903.04,32899960.13,290,96,30.84,CTR-079,9,37,1.2738,0.5094,DESERT,2025,53295424.87,92.9
MPLADS-3775,Madhya Pradesh,LOK_SABHA,Community Halls,1431378.42,1293403.18,362,466,89.72,CTR-079,9,55,1.3184,0.0843,PLAIN,2025,1937696.4,71.87
MPLADS-3776,Telangana,RAJYA_SABHA,Other Public Assets,11396404.23,11311527.46,128,88,55.92,CTR-194,5,38,1.2805,0.2779,DESERT,2025,18115970.93,72.3
MPLADS-3777,Tamil Nadu,LOK_SABHA,Drinking Water,7139570.01,6531004.54,305,353,100.0,CTR-017,8,50,1.3477,0.478,DESERT,2025,11431751.01,94.28
MPLADS-3778,Uttarakhand,LOK_SABHA,Bridges,11560519.41,10188076.99,172,244,88.84,CTR-030,7,16,1.1306,0.9787,HILLY,2025,15311494.02,85.32
MPLADS-3779,Andaman and Nicobar Islands,RAJYA_SABHA,Other Public Assets,43424407.91,36671062.24,326,367,100.0,CTR-143,4,47,1.2546,0.9978,COASTAL,2024,57314920.72,99.11
MPLADS-3780,Chhattisgarh,LOK_SABHA,Drinking Water,33019571.86,28815315.39,398,303,73.75,CTR-034,8,61,1.0422,0.7467,PLAIN,2024,33823995.01,88.31
MPLADS-3781,Haryana,LOK_SABHA,Bridges,3322653.62,2801251.31,484,347,66.95,CTR-198,1,40,1.1697,0.9229,HILLY,2024,4181368.33,69.32
MPLADS-3782,Haryana,LOK_SABHA,Community Halls,39813867.17,35758523.31,161,84,72.12,CTR-188,6,0,0.9753,0.2768,PLAIN,2025,37166724.16,38.45
MPLADS-3783,Odisha,LOK_SABHA,Roads,9407153.47,8752727.37,247,66,27.14,CTR-123,10,71,1.3233,0.4401,PLAIN,2025,14158400.37,72.65
MPLADS-3784,Telangana,LOK_SABHA,Bridges,12522698.74,11001054.76,254,371,100.0,CTR-164,6,55,1.1173,0.7046,DESERT,2025,14873158.38,71.58
MPLADS-3785,Mizoram,LOK_SABHA,Other Public Assets,14888874.58,14319503.64,92,91,90.33,CTR-048,14,37,1.1977,0.7984,HILLY,2024,23407653.61,110.45
MPLADS-3786,Goa,LOK_SABHA,Bridges,47629198.07,42385422.75,236,59,2.38,CTR-132,8,19,0.9534,0.6631,COASTAL,2025,44621401.65,77.16
MPLADS-3787,West Bengal,LOK_SABHA,Electrification,1357325.59,1329808.06,107,7,20.53,CTR-140,6,69,1.3071,0.4952,PLAIN,2025,2152669.34,68.3
MPLADS-3788,Madhya Pradesh,RAJYA_SABHA,Drinking Water,25436155.58,23843465.6,415,85,27.18,CTR-072,3,57,1.2917,1.0,HILLY,2023,41424911.91,104.1
MPLADS-3789,Andaman and Nicobar Islands,RAJYA_SABHA,Roads,16369874.75,13852072.91,448,641,100.0,CTR-135,12,53,1.1085,0.7267,HILLY,2025,21001622.68,97.53
MPLADS-3790,Mizoram,LOK_SABHA,Healthcare,9418195.89,9369967.01,374,373,86.76,CTR-079,9,55,1.0625,0.6171,HILLY,2025,12550708.41,103.56
MPLADS-3791,Kerala,LOK_SABHA,Education,21392163.55,21469791.05,146,36,19.02,CTR-159,8,0,1.0868,0.5687,COASTAL,2025,28573344.64,56.14
MPLADS-3792,Meghalaya,LOK_SABHA,Sanitation,32767003.76,28077142.5,140,40,64.59,CTR-060,10,20,1.256,0.3727,HILLY,2023,44486207.31,62.05
MPLADS-3793,Andhra Pradesh,LOK_SABHA,Community Halls,4849610.75,4521479.64,531,656,100.0,CTR-181,15,63,0.9797,0.5296,PLAIN,2024,4852266.49,125.9
MPLADS-3794,Punjab,LOK_SABHA,Electrification,30033956.8,29299600.38,258,16,36.14,CTR-186,7,11,0.9925,0.0333,COASTAL,2023,31805730.22,52.01
MPLADS-3795,Lakshadweep,LOK_SABHA,Electrification,35544072.7,29434531.74,185,205,94.21,CTR-174,11,52,1.1034,0.3211,COASTAL,2025,39113909.41,91.8
MPLADS-3796,Himachal Pradesh,LOK_SABHA,Healthcare,25006669.55,22222166.57,444,479,96.18,CTR-097,3,63,0.9714,0.4977,HILLY,2024,25856398.11,98.66
MPLADS-3797,Chhattisgarh,LOK_SABHA,Bridges,49499910.34,46679164.12,446,54,2.21,CTR-044,5,57,1.3432,0.8245,PLAIN,2023,74155574.17,60.91
MPLADS-3798,Telangana,RAJYA_SABHA,Drinking Water,13088480.84,13144281.18,252,82,24.79,CTR-172,1,46,1.1053,0.8287,DESERT,2024,18249527.76,89.59
MPLADS-3799,Dadra and Nagar Haveli and Daman and Diu,LOK_SABHA,Drinking Water,47739714.3,47213052.8,489,658,100.0,CTR-051,12,48,1.0805,0.2517,PLAIN,2024,56561063.47,70.49
MPLADS-3800,Andhra Pradesh,RAJYA_SABHA,Electrification,24923779.53,24833269.25,150,48,36.16,CTR-120,1,65,1.1708,0.613,DESERT,2024,36259338.33,56.31
MPLADS-3801,Goa,LOK_SABHA,Education,27232341.08,21797494.64,367,339,100.0,CTR-187,2,84,0.9958,0.5083,PLAIN,2023,22908930.56,56.7
MPLADS-3802,Manipur,RAJYA_SABHA,Healthcare,21391461.03,18802020.21,109,104,100.0,CTR-138,0,33,1.1616,0.2916,DESERT,2024,26017736.34,33.25
MPLADS-3803,Karnataka,LOK_SABHA,Community Halls,45138964.77,41554034.47,219,221,98.9,CTR-011,8,22,1.3327,0.9973,HILLY,2023,75546094.1,100.6
MPLADS-3804,Nagaland,LOK_SABHA,Education,19770986.61,17725239.54,338,422,87.67,CTR-121,7,48,1.2711,0.6078,HILLY,2025,30411911.39,115.56
MPLADS-3805,Kerala,LOK_SABHA,Electrification,6577232.69,5915292.78,450,387,68.02,CTR-062,11,92,1.1803,0.0597,COASTAL,2025,8271142.78,108.03
MPLADS-3806,Haryana,RAJYA_SABHA,Drinking Water,40496321.75,35794251.1,493,386,72.4,CTR-197,5,40,1.0461,0.4303,HILLY,2023,48674403.79,82.02
MPLADS-3807,Tamil Nadu,LOK_SABHA,Electrification,45151111.22,36868577.52,507,201,27.29,CTR-025,12,45,1.0774,0.279,COASTAL,2024,48599700.21,99.04
MPLADS-3808,Mizoram,RAJYA_SABHA,Electrification,47712794.63,42035674.73,279,12,20.13,CTR-064,15,53,1.0178,0.9196,HILLY,2023,57492513.47,139.45
MPLADS-3809,Jharkhand,LOK_SABHA,Drinking Water,48306970.09,42507614.81,151,22,0.0,CTR-099,10,66,1.0195,0.4171,HILLY,2025,55842891.5,124.33
MPLADS-3810,Jharkhand,LOK_SABHA,Roads,19192459.55,17708761.06,481,39,0.0,CTR-174,11,69,1.2306,0.9767,PLAIN,2023,27105521.29,113.11
MPLADS-3811,Madhya Pradesh,LOK_SABHA,Sanitation,18509805.8,17893907.92,323,323,85.73,CTR-141,15,38,1.2654,0.678,PLAIN,2024,28356814.18,114.57
MPLADS-3812,Manipur,LOK_SABHA,Sanitation,22926760.1,23117910.26,192,278,100.0,CTR-068,5,25,1.2675,0.9876,HILLY,2024,39068428.63,83.32
MPLADS-3813,Maharashtra,LOK_SABHA,Roads,9022498.2,7498390.77,123,17,0.0,CTR-106,12,20,1.0141,0.6313,PLAIN,2025,8431395.17,70.03
MPLADS-3814,Goa,LOK_SABHA,Education,20107069.78,20274778.56,531,82,0.0,CTR-155,6,80,0.9593,0.5306,PLAIN,2024,22519900.9,78.54
MPLADS-3815,Meghalaya,LOK_SABHA,Roads,42548743.15,34822366.09,495,211,45.55,CTR-131,9,92,1.009,0.7075,HILLY,2024,46306302.98,132.42
MPLADS-3816,Jharkhand,RAJYA_SABHA,Healthcare,25839474.94,21045215.64,250,304,93.54,CTR-078,3,65,1.3167,0.4776,PLAIN,2024,32417623.27,64.51
MPLADS-3817,Goa,LOK_SABHA,Bridges,31751821.91,29790053.11,395,351,86.9,CTR-034,8,82,1.0203,0.5873,COASTAL,2023,36667640.46,109.77
MPLADS-3818,Rajasthan,LOK_SABHA,Drinking Water,35125533.16,35577178.61,501,618,96.86,CTR-172,1,37,1.1099,0.4556,PLAIN,2024,42260204.74,36.76
MPLADS-3819,Bihar,LOK_SABHA,Electrification,47560285.55,45918328.81,205,296,100.0,CTR-200,15,0,1.004,0.4866,PLAIN,2023,51877374.78,88.32
MPLADS-3820,Odisha,RAJYA_SABHA,Community Halls,18725531.51,16713699.83,218,77,22.76,CTR-184,11,20,1.0026,0.7379,HILLY,2025,21793202.79,78.55
MPLADS-3821,Rajasthan,RAJYA_SABHA,Sanitation,37981348.67,35366080.56,409,383,100.0,CTR-155,6,31,1.0673,0.6932,DESERT,2025,44937366.97,77.87
MPLADS-3822,West Bengal,LOK_SABHA,Bridges,39629061.93,35486512.62,369,68,17.95,CTR-168,2,72,1.1261,0.5322,PLAIN,2024,46110013.67,65.71
MPLADS-3823,Sikkim,LOK_SABHA,Sanitation,48429731.72,44056337.66,503,525,100.0,CTR-104,0,46,0.9551,0.5305,HILLY,2025,51349832.26,54.66
MPLADS-3824,Odisha,LOK_SABHA,Electrification,37527626.09,31609133.11,111,146,96.59,CTR-168,2,17,1.1227,0.0397,COASTAL,2023,41679930.8,46.28
MPLADS-3825,Maharashtra,LOK_SABHA,Other Public Assets,22709380.9,19360097.34,93,58,66.64,CTR-111,4,57,1.2644,0.3909,HILLY,2024,31960851.14,85.41
MPLADS-3826,Assam,RAJYA_SABHA,Community Halls,35643632.02,29711044.03,377,50,31.75,CTR-055,7,88,1.0816,0.7402,PLAIN,2024,37314901.32,93.66
MPLADS-3827,Rajasthan,LOK_SABHA,Other Public Assets,3169938.44,3085888.78,376,304,99.35,CTR-049,10,34,1.3212,1.0,DESERT,2024,5222135.31,102.89
MPLADS-3828,Himachal Pradesh,LOK_SABHA,Education,4744826.04,4917555.88,240,291,100.0,CTR-198,1,46,0.9978,0.9746,DESERT,2024,6019655.63,60.76
MPLADS-3829,Puducherry,LOK_SABHA,Roads,25646623.03,25867991.72,337,259,58.55,CTR-023,2,52,1.0693,0.8406,COASTAL,2024,33677604.96,88.29
MPLADS-3830,Meghalaya,LOK_SABHA,Electrification,21019048.7,19089419.09,506,697,71.11,CTR-129,9,106,1.2585,0.3088,HILLY,2025,31506722.35,171.49
MPLADS-3831,Jharkhand,LOK_SABHA,Roads,37404877.63,35298334.1,103,75,100.0,CTR-109,7,34,1.0989,0.8522,PLAIN,2024,43586111.55,57.92
MPLADS-3832,Assam,RAJYA_SABHA,Roads,32411320.71,32897135.89,379,235,61.23,CTR-067,14,96,1.2995,0.2701,PLAIN,2024,51546704.81,129.68
MPLADS-3833,Assam,RAJYA_SABHA,Roads,25480888.73,22988013.08,274,20,0.0,CTR-072,3,70,1.3223,0.8885,PLAIN,2024,36543941.06,91.06
MPLADS-3834,Haryana,RAJYA_SABHA,Sports Infrastructure,45241589.75,36973233.57,160,61,9.89,CTR-115,8,0,1.3391,0.7109,DESERT,2024,65898013.97,104.79
MPLADS-3835,Puducherry,RAJYA_SABHA,Roads,35276937.64,31831551.01,138,121,100.0,CTR-148,3,11,1.32,1.0,HILLY,2023,56063531.76,73.14
MPLADS-3836,West Bengal,LOK_SABHA,Bridges,7853597.72,8223541.52,271,280,100.0,CTR-144,6,69,1.0175,0.7186,PLAIN,2024,9460759.62,103.62
MPLADS-3837,Meghalaya,LOK_SABHA,Roads,35243051.9,33526492.97,96,66,52.65,CTR-030,7,26,0.9805,0.4073,HILLY,2024,42504722.48,98.97
MPLADS-3838,Puducherry,LOK_SABHA,Community Halls,18212716.61,18638965.13,122,181,87.33,CTR-136,4,31,0.9799,0.8764,HILLY,2024,23912289.74,94.22
MPLADS-3839,Rajasthan,LOK_SABHA,Other Public Assets,21817949.18,22904150.95,213,155,67.54,CTR-005,6,0,0.9707,0.9635,PLAIN,2024,24630189.31,59.81
MPLADS-3840,Lakshadweep,LOK_SABHA,Bridges,11378762.59,10667007.89,499,270,60.71,CTR-134,8,44,0.955,0.7154,COASTAL,2024,11714795.5,90.9
MPLADS-3841,Andhra Pradesh,LOK_SABHA,Community Halls,45532244.59,40573403.42,397,393,67.49,CTR-004,7,68,1.2257,0.6277,HILLY,2024,67117855.87,137.07
MPLADS-3842,Jharkhand,LOK_SABHA,Roads,20827314.63,20730806.58,439,108,60.77,CTR-094,6,61,1.3079,0.8369,PLAIN,2023,32472898.61,79.93
MPLADS-3843,Rajasthan,LOK_SABHA,Drinking Water,37898066.46,36159574.72,167,203,100.0,CTR-018,2,0,1.1937,0.8626,PLAIN,2024,48000348.25,40.36
MPLADS-3844,Sikkim,LOK_SABHA,Community Halls,7095847.55,7388062.57,337,147,49.88,CTR-112,12,46,0.9984,0.3946,HILLY,2023,9368267.33,127.68
MPLADS-3845,Andaman and Nicobar Islands,RAJYA_SABHA,Electrification,8957702.93,7780372.63,217,219,100.0,CTR-121,7,38,1.1757,0.5915,COASTAL,2023,11233045.35,73.0
MPLADS-3846,Odisha,LOK_SABHA,Healthcare,27180720.19,21755492.13,94,104,100.0,CTR-005,6,0,1.0796,0.8106,HILLY,2023,31127476.58,69.37
MPLADS-3847,Kerala,RAJYA_SABHA,Electrification,44359450.09,37294274.79,520,669,88.45,CTR-077,5,98,1.0873,0.1009,PLAIN,2024,43609321.21,77.73
MPLADS-3848,Tripura,LOK_SABHA,Education,31093558.37,27672907.95,346,269,99.91,CTR-026,10,48,1.1587,0.8086,PLAIN,2024,38126547.33,48.04
MPLADS-3849,Uttar Pradesh,LOK_SABHA,Education,4836597.42,3874047.83,365,357,86.27,CTR-071,12,60,1.3242,0.9624,PLAIN,2023,6460297.56,94.69
MPLADS-3850,Dadra and Nagar Haveli and Daman and Diu,RAJYA_SABHA,Sports Infrastructure,38168004.36,34545861.05,208,257,77.22,CTR-085,10,45,1.2591,0.9449,PLAIN,2025,51547131.6,96.57
MPLADS-3851,Haryana,LOK_SABHA,Roads,26866112.86,25801212.49,156,204,100.0,CTR-160,12,37,1.2156,0.2632,HILLY,2024,41552036.85,92.83
MPLADS-3852,Chhattisgarh,LOK_SABHA,Drinking Water,1234537.8,1070607.24,218,16,0.0,CTR-040,10,14,1.0202,0.1495,PLAIN,2023,1176017.93,72.83
MPLADS-3853,Uttar Pradesh,RAJYA_SABHA,Electrification,25562667.06,24089347.61,360,237,64.83,CTR-129,9,68,1.0079,0.5395,PLAIN,2024,27795982.59,89.5
MPLADS-3854,Tamil Nadu,LOK_SABHA,Healthcare,19184331.91,15988169.15,209,19,26.4,CTR-180,8,51,1.3138,0.2779,COASTAL,2023,26835286.77,80.81
MPLADS-3855,Uttarakhand,LOK_SABHA,Electrification,9969484.83,8413000.05,174,207,95.13,CTR-151,13,0,1.057,0.4825,HILLY,2024,11491857.14,97.43
MPLADS-3856,Goa,LOK_SABHA,Drinking Water,33678061.97,31431258.99,370,363,87.06,CTR-165,6,75,1.2355,0.5543,COASTAL,2025,49018519.17,91.43
MPLADS-3857,Nagaland,LOK_SABHA,Drinking Water,30568294.97,24958407.34,253,190,72.95,CTR-091,6,23,1.2163,0.4642,HILLY,2025,40208291.01,78.33
MPLADS-3858,Rajasthan,RAJYA_SABHA,Healthcare,26298096.24,26348479.67,382,380,89.18,CTR-155,6,34,1.0371,0.0927,PLAIN,2025,28586570.18,54.98
MPLADS-3859,Delhi,LOK_SABHA,Sports Infrastructure,44306502.51,40135808.25,421,333,80.49,CTR-021,8,39,1.1723,0.0386,COASTAL,2025,57070736.56,60.35
MPLADS-3860,Madhya Pradesh,RAJYA_SABHA,Drinking Water,16638821.84,16888549.75,122,172,60.31,CTR-174,11,42,1.1894,0.797,PLAIN,2025,23948590.67,96.86
MPLADS-3861,Puducherry,LOK_SABHA,Electrification,37350167.89,38569567.01,407,366,100.0,CTR-044,5,53,1.0974,0.8777,PLAIN,2024,48358415.79,82.76
MPLADS-3862,Telangana,RAJYA_SABHA,Roads,48720730.2,44074656.14,202,21,10.41,CTR-135,12,14,1.2229,0.6798,PLAIN,2024,63298336.23,64.55
MPLADS-3863,Punjab,LOK_SABHA,Electrification,8270978.88,7388679.88,416,31,0.0,CTR-189,3,42,1.2551,0.3953,PLAIN,2025,10794170.99,45.08
MPLADS-3864,Mizoram,LOK_SABHA,Healthcare,29967771.91,30630686.56,385,361,90.05,CTR-022,5,47,1.342,0.9557,HILLY,2024,56354118.45,91.19
MPLADS-3865,Madhya Pradesh,LOK_SABHA,Community Halls,28924793.88,25187191.21,262,383,82.17,CTR-056,0,53,1.306,0.7655,PLAIN,2025,40129117.24,68.92
MPLADS-3866,Dadra and Nagar Haveli and Daman and Diu,LOK_SABHA,Roads,47043790.55,39661506.02,334,468,100.0,CTR-156,10,45,1.0913,0.4292,PLAIN,2025,48488329.48,81.21
MPLADS-3867,Mizoram,LOK_SABHA,Bridges,2509285.27,2463550.95,390,207,51.59,CTR-079,9,48,1.115,0.5496,DESERT,2023,3540718.89,88.81
MPLADS-3868,Telangana,LOK_SABHA,Education,10021775.46,8323093.45,225,185,75.87,CTR-079,9,24,1.0347,0.7125,HILLY,2025,10932354.73,85.74
MPLADS-3869,Uttarakhand,RAJYA_SABHA,Community Halls,48251254.1,46407571.68,187,207,92.91,CTR-083,2,0,0.9891,0.5156,HILLY,2025,56460790.72,68.61
MPLADS-3870,Bihar,LOK_SABHA,Education,41829600.71,43228199.14,201,109,57.36,CTR-030,7,70,1.0774,0.5092,PLAIN,2024,52148561.42,90.95
MPLADS-3871,Chhattisgarh,LOK_SABHA,Community Halls,48963718.95,50985156.2,208,99,35.34,CTR-029,8,17,0.9843,0.1296,PLAIN,2025,54774222.71,60.58
MPLADS-3872,Meghalaya,LOK_SABHA,Community Halls,7093060.05,6889277.94,302,247,62.88,CTR-066,5,71,1.0649,0.3109,HILLY,2023,8946179.14,101.31
MPLADS-3873,Tripura,LOK_SABHA,Healthcare,16218487.96,16511132.68,509,290,50.81,CTR-077,5,45,1.2197,0.3701,PLAIN,2025,23101943.5,56.36
MPLADS-3874,Bihar,RAJYA_SABHA,Electrification,22291503.75,21874586.53,265,30,45.6,CTR-139,5,35,1.3074,0.4023,PLAIN,2024,32691782.07,44.49
MPLADS-3875,Ladakh,RAJYA_SABHA,Electrification,46539461.56,44453432.82,410,168,21.19,CTR-104,0,13,1.3157,1.0,HILLY,2023,77330354.05,79.72
MPLADS-3876,Madhya Pradesh,LOK_SABHA,Bridges,11295451.36,11511776.79,442,370,100.0,CTR-152,4,56,0.9663,0.142,PLAIN,2025,11315996.1,63.56
MPLADS-3877,Arunachal Pradesh,RAJYA_SABHA,Roads,11651041.14,9872753.47,174,0,0.0,CTR-112,12,33,1.1034,0.5065,HILLY,2025,14408373.55,110.45
MPLADS-3878,Tripura,LOK_SABHA,Other Public Assets,9626196.53,8090943.27,343,150,24.57,CTR-159,8,50,1.3408,0.6209,DESERT,2025,14050461.32,130.0
MPLADS-3879,Tripura,LOK_SABHA,Drinking Water,7001453.92,6618354.06,331,320,100.0,CTR-109,7,52,1.0805,0.7931,PLAIN,2023,8448728.3,90.09
MPLADS-3880,Jammu and Kashmir,LOK_SABHA,Drinking Water,3850000.95,3896507.26,414,191,90.68,CTR-128,12,35,1.3104,0.5875,HILLY,2024,7013792.16,108.06
MPLADS-3881,Chandigarh,LOK_SABHA,Education,36454988.03,31059878.11,230,25,6.63,CTR-109,7,37,1.1772,0.4369,HILLY,2025,47913385.74,67.6
MPLADS-3882,Rajasthan,LOK_SABHA,Education,34362391.0,32117468.74,190,285,100.0,CTR-112,12,34,1.0041,0.9125,PLAIN,2024,35600596.53,86.84
MPLADS-3883,Ladakh,LOK_SABHA,Education,42242582.55,41353503.79,111,126,100.0,CTR-107,12,3,1.1252,0.2434,HILLY,2025,57906349.11,72.07
MPLADS-3884,Andhra Pradesh,RAJYA_SABHA,Electrification,34418085.83,28717686.98,426,266,65.5,CTR-083,2,67,1.1056,0.2911,COASTAL,2023,38429565.41,67.04
MPLADS-3885,Uttarakhand,LOK_SABHA,Roads,36052790.94,33946637.09,146,7,0.0,CTR-006,13,0,1.2307,1.0,HILLY,2024,55719830.28,133.66
MPLADS-3886,Tripura,LOK_SABHA,Sanitation,22576496.56,19703883.82,349,175,54.28,CTR-067,14,51,1.0752,0.9769,PLAIN,2025,25908860.22,129.0
MPLADS-3887,Maharashtra,LOK_SABHA,Healthcare,10950056.44,10975228.72,495,589,100.0,CTR-182,2,76,1.0046,0.2721,PLAIN,2023,11121960.49,71.7
MPLADS-3888,Assam,LOK_SABHA,Electrification,37550929.13,35247788.14,138,150,100.0,CTR-067,14,85,1.0693,0.1566,PLAIN,2024,43467902.12,113.4
MPLADS-3889,Delhi,LOK_SABHA,Healthcare,6975171.93,6464330.69,129,64,33.59,CTR-189,3,28,1.2554,0.9651,PLAIN,2023,9559009.77,70.35
MPLADS-3890,Maharashtra,LOK_SABHA,Community Halls,8481865.47,8210404.51,427,56,0.0,CTR-044,5,82,1.1511,0.6372,PLAIN,2024,10756369.46,60.16
MPLADS-3891,Odisha,LOK_SABHA,Drinking Water,39789988.64,41206282.1,167,62,46.31,CTR-114,7,70,1.1995,0.8957,HILLY,2024,65671776.67,117.09
MPLADS-3892,Arunachal Pradesh,LOK_SABHA,Other Public Assets,5480333.13,4422947.58,276,136,41.61,CTR-170,0,46,1.2018,0.9928,HILLY,2025,6967434.03,93.05
MPLADS-3893,Lakshadweep,LOK_SABHA,Sanitation,23413720.86,21291022.75,453,648,100.0,CTR-130,10,52,1.0178,0.6441,COASTAL,2024,26199793.82,110.96
MPLADS-3894,Assam,RAJYA_SABHA,Sanitation,1370396.29,1294483.72,495,312,57.07,CTR-038,13,84,0.9827,0.794,DESERT,2025,1656301.98,162.73
MPLADS-3895,Chandigarh,LOK_SABHA,Roads,32002984.78,30425083.98,532,537,89.2,CTR-048,14,48,1.2385,0.7508,PLAIN,2025,45289308.93,119.1
MPLADS-3896,Tamil Nadu,RAJYA_SABHA,Roads,19304004.03,17250395.42,126,144,100.0,CTR-195,15,47,0.9515,0.6491,DESERT,2024,20918586.52,130.1
MPLADS-3897,Bihar,LOK_SABHA,Education,3968810.52,3449035.35,430,315,56.14,CTR-092,12,74,1.2314,0.6805,COASTAL,2023,5225342.5,107.64
MPLADS-3898,Puducherry,LOK_SABHA,Electrification,19878226.76,20795911.13,503,512,98.2,CTR-082,6,45,1.1319,0.8895,PLAIN,2023,27902934.71,74.52
MPLADS-3899,Punjab,RAJYA_SABHA,Education,29815161.08,26500311.92,368,280,77.33,CTR-031,7,44,1.1624,0.3054,COASTAL,2025,37850160.15,71.09
MPLADS-3900,Arunachal Pradesh,LOK_SABHA,Education,16530732.32,13920332.57,203,103,36.78,CTR-131,9,26,1.2824,0.5811,PLAIN,2024,21535330.03,64.12
MPLADS-3901,Ladakh,LOK_SABHA,Sports Infrastructure,44286423.8,40946787.39,192,157,100.0,CTR-018,2,3,0.9642,1.0,HILLY,2024,50547622.8,47.85
MPLADS-3902,Andaman and Nicobar Islands,RAJYA_SABHA,Electrification,46845367.27,41106191.36,241,335,100.0,CTR-150,0,47,1.1346,0.727,HILLY,2024,61914920.95,80.57
MPLADS-3903,Jharkhand,RAJYA_SABHA,Sports Infrastructure,28639421.42,28052813.73,444,130,40.71,CTR-019,13,65,1.2277,0.8996,PLAIN,2025,43157838.15,127.26
MPLADS-3904,Gujarat,LOK_SABHA,Bridges,48854102.44,49332878.45,192,249,90.93,CTR-110,11,11,1.35,0.35,COASTAL,2023,81473928.57,70.46
MPLADS-3905,Telangana,RAJYA_SABHA,Roads,39658336.43,38376760.56,220,190,97.11,CTR-158,8,0,1.1054,0.755,PLAIN,2025,47266091.85,73.05
MPLADS-3906,Jammu and Kashmir,LOK_SABHA,Community Halls,8509325.76,6839577.11,244,240,79.31,CTR-061,14,41,1.2381,0.5965,HILLY,2024,10939804.6,124.96
MPLADS-3907,Madhya Pradesh,LOK_SABHA,Healthcare,34347663.64,30684222.24,224,213,100.0,CTR-175,11,27,1.237,0.6761,PLAIN,2024,45403440.84,84.37
MPLADS-3908,Tamil Nadu,RAJYA_SABHA,Community Halls,35175094.1,36122192.93,140,182,100.0,CTR-017,8,12,1.0188,0.4871,PLAIN,2024,40488301.59,64.98
MPLADS-3909,Chandigarh,LOK_SABHA,Sports Infrastructure,25775660.17,26843634.48,271,190,89.39,CTR-083,2,48,1.0919,0.9315,HILLY,2024,38256475.4,86.23
MPLADS-3910,West Bengal,LOK_SABHA,Sanitation,46908565.04,46856010.29,155,112,51.96,CTR-005,6,33,1.1413,0.2718,PLAIN,2025,60529100.46,67.68
MPLADS-3911,Telangana,LOK_SABHA,Bridges,2233393.15,2209808.11,536,503,98.24,CTR-197,5,50,0.9657,0.5065,PLAIN,2024,2241686.38,64.14
MPLADS-3912,Tamil Nadu,RAJYA_SABHA,Other Public Assets,41223460.38,36448687.98,440,560,77.13,CTR-129,9,54,1.3346,0.7665,COASTAL,2024,61295918.9,104.11
MPLADS-3913,Delhi,LOK_SABHA,Bridges,37871084.66,34690692.21,527,471,95.75,CTR-131,9,41,0.9748,0.4236,PLAIN,2023,38333318.38,67.45
MPLADS-3914,Mizoram,RAJYA_SABHA,Electrification,37192179.61,33341690.59,453,28,5.1,CTR-046,15,47,1.322,1.0,HILLY,2024,59757068.47,155.43
MPLADS-3915,Odisha,LOK_SABHA,Sports Infrastructure,8154350.91,8347545.94,201,83,25.63,CTR-097,3,54,1.2881,0.1804,COASTAL,2025,12805130.24,43.52
MPLADS-3916,Gujarat,LOK_SABHA,Electrification,28724220.63,27927282.71,232,183,54.4,CTR-136,4,0,1.1821,0.2154,DESERT,2024,39805111.86,42.17
MPLADS-3917,Kerala,RAJYA_SABHA,Healthcare,38428040.91,35352064.59,175,140,64.67,CTR-069,1,63,1.0398,0.6084,COASTAL,2024,42671225.57,68.95
MPLADS-3918,West Bengal,LOK_SABHA,Sports Infrastructure,41961045.51,36257178.11,425,272,60.76,CTR-061,14,64,1.2708,0.6856,COASTAL,2025,58174173.25,110.59
MPLADS-3919,Rajasthan,LOK_SABHA,Electrification,26865263.45,27434217.11,383,391,100.0,CTR-152,4,32,1.1667,0.4509,HILLY,2025,42358612.05,53.95
MPLADS-3920,Karnataka,LOK_SABHA,Healthcare,29381603.97,26154385.78,344,296,86.93,CTR-193,9,76,0.9597,0.5068,HILLY,2024,30789736.8,103.49
MPLADS-3921,Haryana,LOK_SABHA,Sanitation,44561629.16,35949438.28,355,257,90.82,CTR-068,5,39,1.1719,0.9695,PLAIN,2023,48899799.34,77.11
MPLADS-3922,West Bengal,LOK_SABHA,Bridges,42456864.12,40600958.73,400,27,18.35,CTR-013,11,67,1.3411,0.3929,COASTAL,2023,68251866.88,98.55
MPLADS-3923,Uttar Pradesh,RAJYA_SABHA,Other Public Assets,30750654.81,31268519.31,276,329,62.1,CTR-038,13,44,1.1637,0.9433,COASTAL,2025,47424829.86,135.4
MPLADS-3924,Ladakh,RAJYA_SABHA,Drinking Water,18257576.49,18999131.37,162,176,92.07,CTR-012,15,0,0.9676,1.0,HILLY,2024,23845679.34,113.03
MPLADS-3925,Dadra and Nagar Haveli and Daman and Diu,LOK_SABHA,Other Public Assets,2502491.14,2105514.1,516,595,58.55,CTR-041,2,52,1.2686,0.8034,HILLY,2023,3608666.23,89.35
MPLADS-3926,Odisha,LOK_SABHA,Community Halls,20065595.87,18382062.41,469,112,6.52,CTR-109,7,75,1.0927,0.4742,COASTAL,2023,23099366.59,100.91
MPLADS-3927,West Bengal,LOK_SABHA,Sanitation,47356883.63,44592140.55,271,91,37.44,CTR-193,9,35,1.1735,0.4232,DESERT,2025,65771379.1,98.22
MPLADS-3928,Arunachal Pradesh,RAJYA_SABHA,Education,10075103.32,9270383.1,264,195,72.06,CTR-050,12,46,1.0307,0.6083,PLAIN,2024,10371581.1,58.6
MPLADS-3929,Goa,LOK_SABHA,Healthcare,45299029.89,38318745.82,138,180,100.0,CTR-114,7,23,1.1109,0.4246,COASTAL,2025,50518962.28,62.81
MPLADS-3930,Gujarat,LOK_SABHA,Bridges,14503838.99,12745824.14,111,114,100.0,CTR-150,0,0,1.1072,0.1702,PLAIN,2024,15294960.35,4.11
MPLADS-3931,Himachal Pradesh,LOK_SABHA,Bridges,33176686.84,31107110.37,304,344,89.42,CTR-103,12,42,1.0257,0.6909,HILLY,2024,41049132.29,110.34
MPLADS-3932,Jammu and Kashmir,RAJYA_SABHA,Education,29620127.12,29939495.44,312,229,56.55,CTR-095,14,32,1.1682,0.8264,HILLY,2024,48513238.15,85.36
MPLADS-3933,Haryana,LOK_SABHA,Education,49775218.77,45293744.8,325,398,100.0,CTR-149,13,28,1.2398,0.6407,PLAIN,2025,67010967.81,78.02
MPLADS-3934,Chandigarh,LOK_SABHA,Bridges,13909634.11,14179341.96,531,418,73.13,CTR-008,11,54,0.9943,0.3005,HILLY,2025,18470931.14,111.68
MPLADS-3935,Goa,LOK_SABHA,Healthcare,25320376.65,23983731.09,530,299,82.11,CTR-022,5,85,1.0501,0.5353,COASTAL,2023,29739449.82,123.01
MPLADS-3936,Chandigarh,LOK_SABHA,Other Public Assets,47882338.57,47185972.24,328,476,100.0,CTR-146,13,36,1.0013,0.6719,PLAIN,2023,52047917.19,107.27
MPLADS-3937,Nagaland,LOK_SABHA,Other Public Assets,22028071.55,19506419.19,208,236,100.0,CTR-073,7,0,1.0193,1.0,HILLY,2025,25664715.46,100.97
MPLADS-3938,Uttar Pradesh,LOK_SABHA,Sports Infrastructure,34093313.69,30131012.84,310,4,0.0,CTR-158,8,43,1.1607,0.7675,PLAIN,2024,42272411.79,86.32
MPLADS-3939,Tripura,LOK_SABHA,Education,14819435.88,15012014.23,243,361,86.72,CTR-161,15,13,0.9707,0.4869,PLAIN,2024,17018181.24,64.9
MPLADS-3940,Mizoram,RAJYA_SABHA,Other Public Assets,28792952.77,24874611.26,475,484,100.0,CTR-178,2,49,1.1648,0.8233,HILLY,2023,37447099.84,82.46
MPLADS-3941,Chandigarh,LOK_SABHA,Sports Infrastructure,10273225.28,8239244.65,170,176,100.0,CTR-015,11,32,1.1044,0.674,HILLY,2023,11953914.12,107.68
MPLADS-3942,Sikkim,LOK_SABHA,Sports Infrastructure,17502338.59,16184547.29,491,206,30.45,CTR-087,1,53,1.256,0.41,DESERT,2023,25433750.95,65.67
MPLADS-3943,Uttarakhand,LOK_SABHA,Community Halls,17667929.15,15340361.84,137,161,100.0,CTR-131,9,18,1.1845,0.8479,HILLY,2023,24133306.82,96.59
MPLADS-3944,Tripura,LOK_SABHA,Community Halls,34946524.79,34619709.75,188,243,97.9,CTR-092,12,37,1.3126,0.6005,PLAIN,2024,55508669.3,62.46
MPLADS-3945,Uttar Pradesh,LOK_SABHA,Other Public Assets,22286610.72,19942207.48,106,120,100.0,CTR-105,12,44,1.1337,0.6234,HILLY,2023,30356766.8,119.91
MPLADS-3946,Meghalaya,LOK_SABHA,Roads,16636656.59,16008794.94,108,24,22.12,CTR-114,7,0,1.2036,0.647,HILLY,2025,24334886.34,56.74
MPLADS-3947,Uttarakhand,RAJYA_SABHA,Bridges,40856331.49,33479398.77,392,472,85.17,CTR-120,1,64,1.3232,0.8829,HILLY,2025,59299753.57,85.61
MPLADS-3948,Goa,LOK_SABHA,Other Public Assets,19510476.25,17249347.76,415,402,100.0,CTR-024,14,89,1.0021,0.6081,COASTAL,2023,20990529.82,114.71
MPLADS-3949,Madhya Pradesh,LOK_SABHA,Bridges,23659951.6,21262115.67,501,184,31.17,CTR-026,10,51,1.1851,0.0874,PLAIN,2023,28605163.0,70.65
MPLADS-3950,Chhattisgarh,LOK_SABHA,Education,12098875.75,11348097.55,205,116,50.12,CTR-076,7,14,1.3135,0.9169,PLAIN,2025,18514986.77,68.76
MPLADS-3951,Goa,LOK_SABHA,Drinking Water,14836261.25,14905033.08,493,639,100.0,CTR-176,7,81,1.2788,0.4975,COASTAL,2023,24567587.87,96.63
MPLADS-3952,Manipur,LOK_SABHA,Healthcare,4094572.24,3411903.33,517,181,68.26,CTR-111,4,46,1.0942,0.9947,DESERT,2023,4648529.3,81.45
MPLADS-3953,Kerala,RAJYA_SABHA,Other Public Assets,28362940.5,27971066.78,403,212,60.69,CTR-150,0,90,1.1828,0.7756,COASTAL,2024,39264967.82,112.93
MPLADS-3954,Chandigarh,LOK_SABHA,Sports Infrastructure,34383662.38,28593658.55,210,6,27.12,CTR-135,12,49,1.2817,0.6799,COASTAL,2024,47082193.23,99.68
MPLADS-3955,Goa,LOK_SABHA,Sanitation,15831593.87,13315758.95,456,261,48.97,CTR-094,6,84,1.2911,0.6393,COASTAL,2024,21349501.84,66.31
MPLADS-3956,West Bengal,RAJYA_SABHA,Electrification,42609412.65,37916826.05,299,184,56.13,CTR-019,13,67,0.9762,0.0168,PLAIN,2024,41211888.11,107.14
MPLADS-3957,Andaman and Nicobar Islands,RAJYA_SABHA,Roads,29878310.79,26737472.64,422,531,100.0,CTR-125,13,52,1.2818,0.1677,COASTAL,2024,42130253.46,81.9
MPLADS-3958,Arunachal Pradesh,RAJYA_SABHA,Bridges,25042816.59,23303025.29,145,205,97.44,CTR-150,0,0,1.2195,0.5753,HILLY,2025,35897111.17,44.51
MPLADS-3959,Jharkhand,RAJYA_SABHA,Community Halls,38258037.43,35591969.36,90,121,92.94,CTR-152,4,14,0.9724,0.6685,COASTAL,2024,40498998.67,53.74
MPLADS-3960,West Bengal,LOK_SABHA,Other Public Assets,22808567.18,22282991.75,187,225,87.39,CTR-181,15,14,0.9701,0.3147,DESERT,2024,25602003.04,98.87
MPLADS-3961,Gujarat,LOK_SABHA,Drinking Water,27322453.96,27484421.81,185,102,40.45,CTR-148,3,47,1.1871,0.5325,PLAIN,2025,36959305.16,69.07
MPLADS-3962,Mizoram,RAJYA_SABHA,Education,32764487.79,27132440.89,473,382,82.78,CTR-064,15,50,1.1282,0.9222,HILLY,2025,41524829.33,129.18
MPLADS-3963,Andaman and Nicobar Islands,LOK_SABHA,Community Halls,43746346.28,38528023.61,291,310,96.32,CTR-150,0,25,1.2289,0.0112,COASTAL,2025,53468489.98,28.34
MPLADS-3964,Odisha,LOK_SABHA,Electrification,14956672.59,15275450.08,184,115,100.0,CTR-086,11,19,1.2638,0.7997,COASTAL,2024,24557145.52,78.59
MPLADS-3965,Mizoram,LOK_SABHA,Drinking Water,19774533.16,19823670.14,381,360,70.34,CTR-028,13,47,1.1137,0.7158,HILLY,2025,29847534.8,134.03
MPLADS-3966,Mizoram,LOK_SABHA,Roads,40070827.92,38658121.94,222,41,6.92,CTR-185,7,38,1.3216,0.5549,DESERT,2023,66588414.42,81.64
MPLADS-3967,Jammu and Kashmir,LOK_SABHA,Roads,1749291.24,1437481.21,416,116,43.21,CTR-177,11,37,1.1318,0.3031,HILLY,2024,2073612.32,91.68
MPLADS-3968,Tripura,LOK_SABHA,Other Public Assets,31269122.12,25854047.07,215,48,31.8,CTR-075,10,53,1.3284,0.5983,PLAIN,2024,41307077.57,113.54
MPLADS-3969,Mizoram,LOK_SABHA,Bridges,17346677.49,16088089.81,110,43,64.05,CTR-102,3,0,1.2946,0.6693,HILLY,2025,27194340.15,57.18
MPLADS-3970,Ladakh,LOK_SABHA,Healthcare,14342073.39,12409875.47,522,309,34.73,CTR-097,3,13,1.1613,0.4743,HILLY,2024,18694582.47,52.0
MPLADS-3971,Sikkim,LOK_SABHA,Healthcare,30494825.52,26898588.45,300,241,91.47,CTR-115,8,50,1.2988,1.0,HILLY,2023,46711473.86,103.83
MPLADS-3972,Delhi,LOK_SABHA,Bridges,1702953.04,1487294.18,465,188,41.75,CTR-116,9,37,1.139,0.6658,PLAIN,2023,1944390.02,55.76
MPLADS-3973,Dadra and Nagar Haveli and Daman and Diu,LOK_SABHA,Sanitation,24598755.21,20603613.42,186,178,88.25,CTR-041,2,51,0.9965,0.6272,DESERT,2025,24362885.36,87.81
MPLADS-3974,Nagaland,LOK_SABHA,Community Halls,31829703.6,28097062.31,436,177,49.22,CTR-154,4,52,1.2687,1.0,HILLY,2025,48346070.28,92.8
MPLADS-3975,Punjab,LOK_SABHA,Drinking Water,48221098.47,38920691.55,274,357,99.2,CTR-086,11,44,1.2846,1.0,HILLY,2024,68725026.48,132.93
MPLADS-3976,Punjab,RAJYA_SABHA,Other Public Assets,25891808.36,26362757.87,234,31,4.73,CTR-041,2,46,1.1131,0.9568,HILLY,2023,38590419.6,98.03
MPLADS-3977,Lakshadweep,LOK_SABHA,Community Halls,19555813.4,20152684.2,326,298,100.0,CTR-177,11,50,1.3382,0.2113,COASTAL,2023,34060450.92,88.93
MPLADS-3978,Assam,LOK_SABHA,Roads,10407311.98,10099316.95,461,636,97.14,CTR-006,13,91,1.2207,0.2131,PLAIN,2024,14433930.74,94.79
MPLADS-3979,Haryana,LOK_SABHA,Drinking Water,23770932.58,21786421.37,168,118,64.82,CTR-106,12,39,0.9939,0.2067,PLAIN,2023,24161289.85,48.36
MPLADS-3980,Tamil Nadu,LOK_SABHA,Electrification,11832054.71,12134822.58,460,605,100.0,CTR-158,8,48,1.1419,0.9827,COASTAL,2024,17285444.74,81.42
MPLADS-3981,Dadra and Nagar Haveli and Daman and Diu,RAJYA_SABHA,Other Public Assets,46961931.74,45221381.18,116,2,1.72,CTR-158,8,51,1.1249,0.0295,PLAIN,2025,56578234.72,31.96
MPLADS-3982,Sikkim,RAJYA_SABHA,Roads,30140243.1,25216200.39,399,12,33.59,CTR-110,11,49,1.1855,0.5877,HILLY,2024,39900844.02,116.04
MPLADS-3983,Karnataka,LOK_SABHA,Education,8663045.25,7758127.57,94,32,39.31,CTR-120,1,22,1.1093,0.8408,COASTAL,2025,9902596.06,42.98
MPLADS-3984,Dadra and Nagar Haveli and Daman and Diu,RAJYA_SABHA,Bridges,23835923.55,20198480.66,242,6,0.59,CTR-145,15,24,1.1948,0.3245,PLAIN,2024,28434389.78,96.01
MPLADS-3985,Gujarat,LOK_SABHA,Education,49899995.96,47808808.89,506,255,63.94,CTR-111,4,45,1.1029,0.1524,PLAIN,2024,58079689.14,28.13
MPLADS-3986,Dadra and Nagar Haveli and Daman and Diu,LOK_SABHA,Healthcare,46239580.61,41755609.49,211,67,22.3,CTR-156,10,51,1.0783,0.2519,PLAIN,2025,50455850.3,94.44
MPLADS-3987,Nagaland,LOK_SABHA,Sanitation,38353509.71,37181650.21,92,63,60.77,CTR-155,6,24,0.9587,0.8716,HILLY,2024,46409562.5,98.07
MPLADS-3988,Haryana,LOK_SABHA,Other Public Assets,36513891.66,34291853.63,135,51,33.69,CTR-195,15,0,1.1746,1.0,DESERT,2025,52919255.86,93.47
MPLADS-3989,West Bengal,RAJYA_SABHA,Education,35289168.48,29136905.16,354,161,53.48,CTR-048,14,65,0.9849,0.3646,PLAIN,2025,31573492.51,66.35
MPLADS-3990,Ladakh,LOK_SABHA,Electrification,26751959.54,26195563.16,170,58,33.54,CTR-162,10,4,1.2161,0.4323,HILLY,2024,40849880.2,67.76
MPLADS-3991,Nagaland,LOK_SABHA,Healthcare,9848195.7,9328951.81,175,150,87.2,CTR-102,3,14,1.3224,0.349,HILLY,2024,15748763.23,63.33
MPLADS-3992,West Bengal,LOK_SABHA,Electrification,49212750.72,49471913.24,462,663,95.53,CTR-139,5,71,0.9907,0.3465,HILLY,2024,61591610.88,84.56
MPLADS-3993,Uttar Pradesh,LOK_SABHA,Other Public Assets,1515729.82,1443489.7,361,17,0.0,CTR-071,12,64,0.9583,1.0,HILLY,2024,1769164.29,143.04
MPLADS-3994,Punjab,LOK_SABHA,Sports Infrastructure,32837699.38,31194057.14,264,199,68.06,CTR-079,9,33,0.9958,0.7704,PLAIN,2023,35327538.84,85.86
MPLADS-3995,Himachal Pradesh,LOK_SABHA,Roads,2454272.24,2079876.86,309,226,68.06,CTR-035,14,55,1.3032,1.0,DESERT,2025,3593403.76,161.76
MPLADS-3996,West Bengal,LOK_SABHA,Drinking Water,12936176.72,13176190.48,369,528,84.82,CTR-139,5,66,1.1449,0.2307,HILLY,2024,18925661.64,66.34
MPLADS-3997,Andaman and Nicobar Islands,LOK_SABHA,Drinking Water,49538002.45,46062213.67,107,136,100.0,CTR-150,0,14,0.9686,0.5941,COASTAL,2025,50533975.24,25.48
MPLADS-3998,Madhya Pradesh,LOK_SABHA,Community Halls,47222709.54,41623322.52,200,191,86.29,CTR-066,5,29,1.0488,0.6031,PLAIN,2025,49635738.38,54.07
MPLADS-3999,Maharashtra,RAJYA_SABHA,Bridges,41528985.79,42164204.38,360,41,11.93,CTR-119,3,85,0.9764,0.9438,PLAIN,2025,43711761.08,102.26
MPLADS-4000,Tripura,LOK_SABHA,Sanitation,30577711.15,26605257.0,334,143,28.07,CTR-055,7,47,1.0984,0.2888,PLAIN,2023,33224751.52,50.75
MPLADS-4001,Nagaland,LOK_SABHA,Education,28495025.04,29546710.41,123,40,37.04,CTR-109,7,47,1.2223,0.918,HILLY,2025,48004372.47,118.85
MPLADS-4002,Ladakh,LOK_SABHA,Education,44618345.31,40710712.98,320,199,47.16,CTR-071,12,12,1.2774,0.7639,HILLY,2023,69241810.27,124.94
MPLADS-4003,Telangana,LOK_SABHA,Education,8419299.7,7980544.22,241,292,100.0,CTR-003,10,46,1.2523,0.7729,PLAIN,2023,11876569.81,114.38
MPLADS-4004,Sikkim,RAJYA_SABHA,Drinking Water,1691120.6,1583719.22,415,150,43.26,CTR-030,7,53,1.0729,0.6928,HILLY,2024,2165068.35,78.21
MPLADS-4005,Nagaland,LOK_SABHA,Roads,36675738.9,32655306.94,324,214,83.07,CTR-035,14,48,1.0499,0.4133,HILLY,2025,44359441.37,86.11
MPLADS-4006,Dadra and Nagar Haveli and Daman and Diu,LOK_SABHA,Drinking Water,42085647.05,40136005.84,159,135,87.3,CTR-020,7,38,0.9587,0.3352,PLAIN,2024,41674061.73,39.99
MPLADS-4007,Uttar Pradesh,RAJYA_SABHA,Other Public Assets,49923703.93,46205710.54,344,2,0.0,CTR-064,15,61,1.316,0.2905,HILLY,2024,82356503.81,116.24
MPLADS-4008,Meghalaya,LOK_SABHA,Sanitation,41341550.19,39447663.05,364,537,100.0,CTR-111,4,98,1.0251,0.5678,HILLY,2024,51255560.16,108.9
MPLADS-4009,Madhya Pradesh,RAJYA_SABHA,Sanitation,6228055.9,5196091.83,423,517,97.23,CTR-182,2,56,1.0919,0.6929,PLAIN,2024,6241018.57,78.29
MPLADS-4010,Jharkhand,LOK_SABHA,Healthcare,34912773.25,34730750.05,372,319,87.53,CTR-012,15,71,1.1374,0.6733,PLAIN,2023,46923549.21,105.71
MPLADS-4011,Nagaland,RAJYA_SABHA,Other Public Assets,3810297.26,3124067.96,151,66,40.0,CTR-184,11,51,1.3436,0.7721,HILLY,2023,5704905.69,103.49
MPLADS-4012,Gujarat,RAJYA_SABHA,Healthcare,23524979.73,24539683.0,372,201,12.33,CTR-098,10,48,1.0595,0.0075,PLAIN,2025,29303848.28,110.98
MPLADS-4013,Haryana,RAJYA_SABHA,Education,23159270.42,20968468.1,330,194,66.33,CTR-080,10,37,1.2826,0.7566,HILLY,2023,35634529.81,99.66
MPLADS-4014,Chhattisgarh,LOK_SABHA,Drinking Water,31841993.65,28965424.12,441,150,24.84,CTR-045,1,59,1.0596,0.767,COASTAL,2024,36304259.66,107.53
MPLADS-4015,Bihar,RAJYA_SABHA,Electrification,42658855.8,34767477.23,387,114,10.76,CTR-084,13,68,1.1571,0.7693,COASTAL,2025,52170219.05,149.44
MPLADS-4016,Lakshadweep,LOK_SABHA,Roads,16771677.74,13474287.84,487,345,89.26,CTR-196,1,52,1.3261,0.6782,COASTAL,2025,22254335.67,81.84
MPLADS-4017,Gujarat,LOK_SABHA,Sports Infrastructure,14492603.45,11761262.19,200,43,0.79,CTR-047,7,25,1.0486,0.9951,PLAIN,2024,14789768.69,56.39
MPLADS-4018,Himachal Pradesh,LOK_SABHA,Healthcare,44373778.25,38875652.75,127,139,100.0,CTR-011,8,0,1.1764,0.5263,HILLY,2023,58830817.06,77.71
MPLADS-4019,Chandigarh,LOK_SABHA,Education,25642666.76,22981894.96,463,26,0.0,CTR-162,10,51,1.2465,0.7918,PLAIN,2024,34355944.97,86.0
MPLADS-4020,Gujarat,LOK_SABHA,Electrification,21427887.34,20125430.24,343,136,29.65,CTR-135,12,54,1.1082,0.1983,PLAIN,2024,24989572.03,84.31
MPLADS-4021,Chandigarh,LOK_SABHA,Community Halls,36173076.18,32397659.3,90,55,51.07,CTR-170,0,0,1.2812,0.1572,PLAIN,2024,47223497.64,6.29
MPLADS-4022,Himachal Pradesh,LOK_SABHA,Education,21928478.4,17585174.33,122,110,100.0,CTR-183,7,29,1.0394,0.8513,HILLY,2025,23748267.44,86.52
MPLADS-4023,Tripura,RAJYA_SABHA,Roads,9671452.31,8163968.09,392,278,66.5,CTR-066,5,51,1.0258,0.5364,HILLY,2025,10730454.88,76.58
MPLADS-4024,Andaman and Nicobar Islands,LOK_SABHA,Roads,10701141.17,8764002.98,428,468,93.55,CTR-172,1,50,1.1149,0.8671,COASTAL,2025,11938188.56,48.53
MPLADS-4025,Puducherry,RAJYA_SABHA,Community Halls,17685594.01,17316760.63,106,85,79.09,CTR-150,0,24,1.0764,0.8017,HILLY,2025,23290981.73,76.06
MPLADS-4026,Karnataka,LOK_SABHA,Drinking Water,45450969.8,40420710.47,244,283,100.0,CTR-019,13,38,1.1377,0.9541,DESERT,2024,60527009.1,89.25
MPLADS-4027,Dadra and Nagar Haveli and Daman and Diu,LOK_SABHA,Healthcare,21971241.37,19814511.13,308,360,88.75,CTR-047,7,49,1.0665,0.4769,PLAIN,2025,24358144.7,53.49
MPLADS-4028,Kerala,LOK_SABHA,Education,21601728.75,19602976.81,408,325,100.0,CTR-131,9,87,1.0542,0.0783,COASTAL,2024,23274026.88,67.03
MPLADS-4029,Bihar,LOK_SABHA,Healthcare,16502266.67,15945615.95,513,355,39.0,CTR-101,13,65,1.1328,1.0,DESERT,2023,23745406.83,157.67
MPLADS-4030,Mizoram,RAJYA_SABHA,Education,31655965.93,29409401.85,215,192,100.0,CTR-078,3,26,0.9753,0.3591,HILLY,2024,35254330.08,69.8
MPLADS-4031,Odisha,RAJYA_SABHA,Roads,21063834.99,17957019.62,199,164,100.0,CTR-191,10,35,1.0482,0.9901,PLAIN,2025,21439296.38,87.13
MPLADS-4032,Uttarakhand,LOK_SABHA,Drinking Water,28506775.04,26243525.56,393,483,100.0,CTR-158,8,65,0.9502,1.0,DESERT,2023,32138450.32,121.66
MPLADS-4033,Delhi,LOK_SABHA,Other Public Assets,26108870.33,25298605.53,329,148,33.97,CTR-076,7,40,1.2446,0.5573,PLAIN,2023,37079849.67,46.16
MPLADS-4034,Tripura,LOK_SABHA,Electrification,32426868.68,27296642.98,162,195,89.11,CTR-064,15,38,1.3437,0.7912,DESERT,2024,48569461.57,120.14
MPLADS-4035,Goa,LOK_SABHA,Roads,22175326.88,22449381.04,461,539,100.0,CTR-055,7,90,0.9689,0.4622,HILLY,2024,28884063.7,141.61
MPLADS-4036,Jammu and Kashmir,LOK_SABHA,Community Halls,27231328.58,28585406.23,291,123,40.06,CTR-033,1,40,1.1647,0.7422,HILLY,2024,44975084.29,88.53
MPLADS-4037,Meghalaya,RAJYA_SABHA,Electrification,4101392.45,3535284.13,377,552,100.0,CTR-124,7,98,0.972,0.3771,HILLY,2023,4280240.43,108.01
MPLADS-4038,Ladakh,LOK_SABHA,Other Public Assets,14121625.61,14822054.04,176,10,19.61,CTR-200,15,13,0.9853,0.2327,HILLY,2024,18722993.02,75.28
MPLADS-4039,Rajasthan,LOK_SABHA,Electrification,48124988.26,44886405.21,93,52,62.23,CTR-010,1,0,1.0522,0.199,PLAIN,2025,47957803.34,24.27
MPLADS-4040,Nagaland,RAJYA_SABHA,Electrification,47761730.97,47747728.93,260,336,100.0,CTR-100,2,49,1.2933,0.509,HILLY,2024,79468955.07,57.85
MPLADS-4041,Karnataka,LOK_SABHA,Roads,29321242.84,25690437.24,241,36,6.2,CTR-163,6,58,1.2629,0.6068,COASTAL,2025,40764384.18,102.34
MPLADS-4042,Haryana,LOK_SABHA,Other Public Assets,21586315.87,22107587.68,140,123,79.67,CTR-067,14,39,1.0487,0.2038,COASTAL,2023,28334702.78,75.69
MPLADS-4043,Telangana,RAJYA_SABHA,Bridges,5750704.24,5245710.26,307,322,100.0,CTR-008,11,47,1.0915,1.0,HILLY,2023,7841068.06,141.17
MPLADS-4044,Lakshadweep,RAJYA_SABHA,Bridges,49061296.36,47376753.28,180,172,100.0,CTR-083,2,13,0.959,0.7601,COASTAL,2025,53386777.64,43.62
MPLADS-4045,Jharkhand,RAJYA_SABHA,Drinking Water,24967477.2,21286256.54,466,206,45.49,CTR-079,9,67,1.0687,0.126,PLAIN,2025,25281860.5,93.31
MPLADS-4046,Tamil Nadu,LOK_SABHA,Roads,40989760.35,33638630.55,175,146,86.91,CTR-015,11,39,1.1536,0.1755,PLAIN,2025,44657984.93,72.95
MPLADS-4047,Karnataka,LOK_SABHA,Community Halls,14267220.65,14954856.73,279,26,0.0,CTR-193,9,75,1.3347,0.4657,COASTAL,2024,26169738.09,97.21
MPLADS-4048,Meghalaya,LOK_SABHA,Sports Infrastructure,7574069.77,7074210.05,346,388,95.74,CTR-179,14,93,1.3387,0.2828,PLAIN,2023,11767636.27,129.4
MPLADS-4049,Jharkhand,RAJYA_SABHA,Sanitation,25251519.75,24636686.67,474,19,0.0,CTR-132,8,62,1.0131,0.1574,PLAIN,2025,26025142.65,96.76
MPLADS-4050,Goa,RAJYA_SABHA,Education,25127838.51,20745315.5,381,275,74.67,CTR-168,2,81,1.0339,0.4573,COASTAL,2024,25120695.24,97.44
MPLADS-4051,Jammu and Kashmir,LOK_SABHA,Drinking Water,10831530.09,9067590.83,439,208,46.63,CTR-021,8,36,1.3317,0.876,HILLY,2024,16403494.12,107.75
MPLADS-4052,Ladakh,LOK_SABHA,Community Halls,40486550.9,36463946.61,490,707,100.0,CTR-102,3,15,1.2311,1.0,DESERT,2024,58482509.17,64.47
MPLADS-4053,Bihar,LOK_SABHA,Electrification,25538683.35,21572552.47,495,306,63.77,CTR-130,10,68,1.0182,0.9816,PLAIN,2025,24863974.93,78.35
MPLADS-4054,Puducherry,LOK_SABHA,Electrification,4702404.12,3936516.95,474,211,56.91,CTR-151,13,48,1.1712,0.0014,PLAIN,2023,5279165.64,78.19
MPLADS-4055,Gujarat,RAJYA_SABHA,Community Halls,35407887.56,35937985.09,489,622,100.0,CTR-179,14,49,1.1336,0.7308,COASTAL,2024,50165160.79,120.08
MPLADS-4056,Mizoram,RAJYA_SABHA,Sanitation,34350758.72,29207087.93,200,178,100.0,CTR-166,13,0,1.3084,0.9565,HILLY,2024,51622805.87,128.83
MPLADS-4057,Meghalaya,LOK_SABHA,Roads,28300177.85,26389483.27,337,215,39.21,CTR-145,15,95,1.0912,0.5995,PLAIN,2024,34124550.89,131.31
MPLADS-4058,Mizoram,RAJYA_SABHA,Sports Infrastructure,34493380.62,36132989.11,246,242,85.38,CTR-156,10,10,0.9574,0.946,HILLY,2023,45641873.97,95.19
MPLADS-4059,Nagaland,RAJYA_SABHA,Education,12206201.51,10135287.97,282,251,97.67,CTR-102,3,50,0.9611,1.0,DESERT,2023,11612988.09,105.94
MPLADS-4060,Chhattisgarh,LOK_SABHA,Community Halls,45450043.49,36516830.57,411,372,100.0,CTR-123,10,58,1.1163,0.4436,PLAIN,2024,46870085.72,75.99
MPLADS-4061,Gujarat,RAJYA_SABHA,Sanitation,11797710.95,9915795.81,348,161,67.21,CTR-117,0,48,1.015,0.5575,HILLY,2025,11983405.32,71.99
MPLADS-4062,Meghalaya,LOK_SABHA,Electrification,5170838.37,4930696.25,151,58,16.97,CTR-108,10,75,1.096,0.8108,HILLY,2023,7420611.22,126.07
MPLADS-4063,Jammu and Kashmir,LOK_SABHA,Drinking Water,12509355.97,13128768.21,115,169,100.0,CTR-152,4,41,1.244,0.9681,DESERT,2023,21417756.63,108.36
MPLADS-4064,Telangana,LOK_SABHA,Sanitation,16665709.5,15977449.26,327,213,83.51,CTR-012,15,45,1.1224,0.5741,PLAIN,2025,21809069.63,78.22
MPLADS-4065,Mizoram,RAJYA_SABHA,Bridges,9220250.36,9219126.99,239,129,27.46,CTR-161,15,24,1.1675,0.8612,HILLY,2024,14202398.11,132.43
MPLADS-4066,Sikkim,LOK_SABHA,Sanitation,44341874.82,42670900.13,135,66,45.14,CTR-012,15,22,1.1789,0.553,HILLY,2023,65453390.2,122.07
MPLADS-4067,Karnataka,LOK_SABHA,Sanitation,10383624.4,8605582.7,99,65,53.03,CTR-102,3,40,1.0531,0.4114,COASTAL,2024,11041103.5,76.59
MPLADS-4068,Andaman and Nicobar Islands,RAJYA_SABHA,Community Halls,38522163.07,35225777.06,223,205,100.0,CTR-156,10,49,1.2335,0.0306,PLAIN,2025,47878129.16,44.62
MPLADS-4069,Nagaland,LOK_SABHA,Electrification,42901904.71,40283230.1,115,158,100.0,CTR-026,10,39,1.2598,0.2005,HILLY,2024,66789491.96,86.61
MPLADS-4070,Sikkim,RAJYA_SABHA,Electrification,25921567.43,22067803.39,211,309,100.0,CTR-149,13,37,1.1572,0.9604,HILLY,2025,34195654.87,137.11
MPLADS-4071,Kerala,RAJYA_SABHA,Other Public Assets,21437841.93,21237986.45,420,131,38.98,CTR-081,15,90,1.3365,0.5356,COASTAL,2024,36003403.47,119.09
MPLADS-4072,Dadra and Nagar Haveli and Daman and Diu,LOK_SABHA,Education,23516998.76,23645083.93,320,292,55.66,CTR-173,12,33,1.2635,0.8663,PLAIN,2025,37614587.17,98.86
MPLADS-4073,Jammu and Kashmir,RAJYA_SABHA,Community Halls,40631846.8,36190025.49,253,262,100.0,CTR-163,6,11,1.0758,0.368,HILLY,2024,49916563.27,65.08
MPLADS-4074,Jammu and Kashmir,LOK_SABHA,Sanitation,24265188.4,22990008.77,405,482,100.0,CTR-138,0,36,1.1653,1.0,HILLY,2023,36149085.61,48.28
MPLADS-4075,West Bengal,LOK_SABHA,Sanitation,12981842.37,11293795.87,200,137,74.69,CTR-141,15,32,1.2515,0.9347,PLAIN,2023,17623789.67,112.8
MPLADS-4076,Andaman and Nicobar Islands,RAJYA_SABHA,Electrification,17145628.15,15686407.64,369,347,100.0,CTR-097,3,55,0.9755,0.9287,COASTAL,2023,18728280.13,58.94
MPLADS-4077,Tamil Nadu,RAJYA_SABHA,Drinking Water,9632516.03,9996731.57,327,73,19.64,CTR-049,10,49,1.0544,0.3129,PLAIN,2024,11494691.72,81.25
MPLADS-4078,Haryana,LOK_SABHA,Sanitation,24492826.86,22480479.09,172,93,4.47,CTR-140,6,21,1.3176,0.9674,PLAIN,2025,35505847.18,83.19
MPLADS-4079,Chandigarh,LOK_SABHA,Drinking Water,27674470.27,28155554.02,187,249,90.23,CTR-105,12,46,1.0108,0.417,DESERT,2024,35013967.37,80.05
MPLADS-4080,Bihar,LOK_SABHA,Healthcare,28948392.62,28779043.2,240,105,30.12,CTR-066,5,18,1.2641,0.0039,COASTAL,2025,43612471.49,48.42
MPLADS-4081,Meghalaya,LOK_SABHA,Drinking Water,9878438.57,8819547.7,532,540,78.98,CTR-118,2,97,1.3342,0.5219,HILLY,2024,15637077.36,73.8
MPLADS-4082,Haryana,LOK_SABHA,Sports Infrastructure,27303703.14,27280338.2,318,235,61.62,CTR-111,4,38,1.2715,0.0987,PLAIN,2025,38542450.09,53.89
MPLADS-4083,Assam,LOK_SABHA,Community Halls,3379867.59,3129680.27,530,506,88.16,CTR-012,15,95,1.3385,0.5529,PLAIN,2024,5177251.43,134.52
MPLADS-4084,Jharkhand,LOK_SABHA,Drinking Water,14211296.29,12871325.99,423,524,84.91,CTR-169,5,71,1.3328,0.295,PLAIN,2023,20299609.94,63.06
MPLADS-4085,Assam,LOK_SABHA,Sanitation,2497202.15,2231816.67,185,57,37.9,CTR-144,6,47,1.1593,0.5077,PLAIN,2023,2933861.55,72.51
MPLADS-4086,Gujarat,LOK_SABHA,Healthcare,38612055.69,38412206.76,123,60,75.83,CTR-123,10,38,0.9839,0.6546,COASTAL,2024,43389615.36,64.5
MPLADS-4087,Haryana,LOK_SABHA,Roads,11295747.62,10804500.54,286,274,84.93,CTR-053,5,30,1.3362,0.4945,DESERT,2023,18598050.99,77.38
MPLADS-4088,Karnataka,RAJYA_SABHA,Education,20636729.86,21193307.65,421,22,8.32,CTR-019,13,75,1.1153,0.233,DESERT,2025,30032164.46,105.21
MPLADS-4089,Jharkhand,LOK_SABHA,Community Halls,33675690.84,29398191.86,174,119,57.86,CTR-066,5,71,1.299,0.3587,PLAIN,2024,44427218.17,66.93
MPLADS-4090,West Bengal,LOK_SABHA,Community Halls,12459157.24,10530420.39,426,125,0.32,CTR-026,10,64,1.1683,1.0,HILLY,2023,16228831.28,150.79
MPLADS-4091,Uttarakhand,RAJYA_SABHA,Sanitation,17899284.35,15813226.4,490,324,53.03,CTR-066,5,66,1.0899,0.3872,HILLY,2024,22336660.95,112.45
MPLADS-4092,Rajasthan,RAJYA_SABHA,Education,12786199.98,10545645.36,527,43,25.18,CTR-058,2,33,1.2766,0.4631,DESERT,2025,16581788.0,52.16
MPLADS-4093,Odisha,LOK_SABHA,Drinking Water,1624182.06,1351082.36,261,363,100.0,CTR-180,8,71,1.2139,0.7747,PLAIN,2025,1885785.62,82.23
MPLADS-4094,Sikkim,LOK_SABHA,Community Halls,8998198.01,7241423.07,236,234,82.49,CTR-096,4,31,1.0678,0.93,HILLY,2024,10024460.48,79.48
MPLADS-4095,Bihar,LOK_SABHA,Other Public Assets,47469029.53,48925572.22,187,47,36.13,CTR-027,6,64,1.1899,0.532,DESERT,2023,72298587.11,72.62
MPLADS-4096,Mizoram,LOK_SABHA,Bridges,18182463.28,18499723.3,507,392,69.71,CTR-048,14,43,1.0374,0.822,DESERT,2024,25161806.26,118.56
MPLADS-4097,Tamil Nadu,LOK_SABHA,Sanitation,11682470.03,9488736.32,439,123,62.13,CTR-189,3,50,1.2702,0.9267,PLAIN,2025,14257167.51,62.52
MPLADS-4098,Assam,LOK_SABHA,Community Halls,47168318.31,41894521.63,179,93,18.2,CTR-051,12,83,0.9531,0.8463,DESERT,2023,50704376.98,169.42
MPLADS-4099,Andhra Pradesh,LOK_SABHA,Bridges,6910008.3,6694445.54,222,235,94.21,CTR-021,8,63,0.9912,0.0532,COASTAL,2025,7953609.57,59.46
MPLADS-4100,Jammu and Kashmir,LOK_SABHA,Healthcare,43221437.76,44999106.36,521,117,13.04,CTR-162,10,40,1.2943,0.869,PLAIN,2023,71001726.91,74.72
MPLADS-4101,Andaman and Nicobar Islands,LOK_SABHA,Community Halls,3139647.71,3192402.48,369,404,86.38,CTR-064,15,48,1.2868,0.7787,COASTAL,2025,5301115.82,125.87
MPLADS-4102,Gujarat,LOK_SABHA,Sports Infrastructure,16371417.08,14457320.46,179,200,79.62,CTR-004,7,48,1.2079,0.354,COASTAL,2025,21675443.59,81.41
MPLADS-4103,Ladakh,LOK_SABHA,Healthcare,34902848.74,34818081.8,177,79,68.74,CTR-153,14,13,1.2944,0.8565,HILLY,2023,61545955.96,133.46
MPLADS-4104,Lakshadweep,LOK_SABHA,Bridges,4959935.11,5004848.52,300,259,53.24,CTR-064,15,39,1.1649,0.8001,COASTAL,2024,7484377.28,149.02
MPLADS-4105,Himachal Pradesh,RAJYA_SABHA,Sports Infrastructure,49183583.07,48157316.08,191,218,100.0,CTR-020,7,33,1.2136,0.2466,HILLY,2025,72258527.49,67.25
MPLADS-4106,Chandigarh,RAJYA_SABHA,Electrification,24325695.04,24269480.75,436,603,95.57,CTR-126,9,52,1.1337,1.0,DESERT,2023,34745117.74,98.68
MPLADS-4107,Sikkim,LOK_SABHA,Electrification,9874252.85,9660965.04,210,301,100.0,CTR-165,6,52,1.0921,0.3259,DESERT,2023,12947693.88,94.62
MPLADS-4108,Dadra and Nagar Haveli and Daman and Diu,LOK_SABHA,Education,13802639.31,11346706.52,528,480,100.0,CTR-062,11,48,1.2486,0.7978,DESERT,2024,18862351.35,85.19
MPLADS-4109,Meghalaya,LOK_SABHA,Other Public Assets,22835499.73,22038389.96,326,249,58.7,CTR-060,10,93,1.0389,1.0,HILLY,2024,30011942.98,139.43
MPLADS-4110,Bihar,LOK_SABHA,Sports Infrastructure,12669439.79,13141544.68,203,103,57.59,CTR-060,10,53,1.2532,0.5368,HILLY,2024,22159684.59,105.57
MPLADS-4111,Mizoram,LOK_SABHA,Sanitation,13476619.68,12135608.42,169,7,4.48,CTR-076,7,0,1.2909,0.6654,HILLY,2023,21325011.81,82.51
MPLADS-4112,Bihar,LOK_SABHA,Drinking Water,36075709.83,34478375.41,344,430,100.0,CTR-189,3,64,0.9847,0.4372,PLAIN,2025,34994064.94,54.13
MPLADS-4113,Maharashtra,LOK_SABHA,Drinking Water,25410531.07,25148941.99,359,306,89.55,CTR-155,6,81,1.1083,0.2782,PLAIN,2024,30783157.54,49.73
MPLADS-4114,West Bengal,LOK_SABHA,Sanitation,27458162.41,22604650.97,350,10,24.23,CTR-124,7,68,1.1765,0.2628,COASTAL,2024,32925374.92,89.88
MPLADS-4115,Tripura,LOK_SABHA,Electrification,33662748.09,27794853.58,508,305,44.05,CTR-172,1,47,1.0848,0.2713,PLAIN,2024,33617353.86,45.6
MPLADS-4116,Uttar Pradesh,LOK_SABHA,Other Public Assets,17218505.82,15849553.16,293,226,77.63,CTR-003,10,30,1.3258,0.2964,PLAIN,2024,24461154.3,64.69
MPLADS-4117,Gujarat,RAJYA_SABHA,Healthcare,28728795.35,28773660.79,197,270,96.77,CTR-088,4,52,1.3354,0.9043,PLAIN,2024,46205671.99,72.97
MPLADS-4118,Karnataka,RAJYA_SABHA,Sports Infrastructure,17590755.16,17761163.21,140,73,48.34,CTR-034,8,19,1.138,0.8786,COASTAL,2024,25051481.84,70.16
MPLADS-4119,Jammu and Kashmir,LOK_SABHA,Roads,39527134.32,41438322.29,462,176,44.95,CTR-087,1,40,1.2864,0.87,HILLY,2024,70519058.92,73.54
MPLADS-4120,Nagaland,RAJYA_SABHA,Drinking Water,24507291.76,20079115.37,437,639,96.97,CTR-052,3,46,1.0981,0.4732,HILLY,2025,27518650.89,70.83
MPLADS-4121,Kerala,LOK_SABHA,Bridges,47223039.67,40387130.2,123,172,59.43,CTR-015,11,0,1.3386,0.9576,COASTAL,2025,67513260.93,117.76
MPLADS-4122,Jammu and Kashmir,LOK_SABHA,Drinking Water,37254869.36,34897985.14,413,68,32.75,CTR-104,0,42,1.2511,0.6864,HILLY,2025,57380561.18,80.8
MPLADS-4123,Andhra Pradesh,LOK_SABHA,Sanitation,2910897.25,2726187.98,352,525,100.0,CTR-026,10,60,1.2006,0.8315,PLAIN,2025,3947643.8,64.14
MPLADS-4124,Nagaland,LOK_SABHA,Sports Infrastructure,27735081.62,25666516.89,443,362,70.52,CTR-138,0,45,1.0918,0.5871,HILLY,2024,36588737.86,90.42
MPLADS-4125,Dadra and Nagar Haveli and Daman and Diu,LOK_SABHA,Sanitation,11302402.87,11154806.32,101,13,8.58,CTR-061,14,13,1.0636,1.0,HILLY,2024,15401723.25,115.33
MPLADS-4126,Meghalaya,LOK_SABHA,Education,19595575.53,16907775.16,465,195,41.69,CTR-160,12,89,1.2624,0.4523,HILLY,2025,28791588.46,127.36
MPLADS-4127,Goa,LOK_SABHA,Electrification,21626035.86,18220909.63,363,99,0.0,CTR-128,12,83,1.0048,0.1009,COASTAL,2025,20409705.44,150.74
MPLADS-4128,Delhi,LOK_SABHA,Bridges,46829507.96,40805493.36,269,62,13.42,CTR-021,8,42,1.1852,0.2895,PLAIN,2023,54356325.22,53.29
MPLADS-4129,Dadra and Nagar Haveli and Daman and Diu,LOK_SABHA,Bridges,47619485.2,43938196.59,285,405,100.0,CTR-113,8,26,1.1086,0.1017,PLAIN,2024,53497589.53,29.45
MPLADS-4130,Uttarakhand,RAJYA_SABHA,Education,12953897.76,11266279.42,501,148,15.79,CTR-121,7,67,1.1042,0.7172,HILLY,2024,16214507.17,95.79
MPLADS-4131,Uttar Pradesh,LOK_SABHA,Education,47928381.42,48872506.04,528,408,69.76,CTR-091,6,60,1.3395,0.7206,HILLY,2025,88989355.43,111.36
MPLADS-4132,Arunachal Pradesh,RAJYA_SABHA,Sanitation,46596557.96,39565962.6,363,37,0.0,CTR-128,12,51,1.0911,0.6079,HILLY,2025,59501501.22,83.21
MPLADS-4133,Gujarat,LOK_SABHA,Other Public Assets,2587402.92,2582149.59,416,266,41.59,CTR-087,1,48,1.1814,0.9761,PLAIN,2024,3507638.17,50.09
MPLADS-4134,Jharkhand,LOK_SABHA,Roads,38506336.52,34918651.58,306,254,76.49,CTR-163,6,50,1.1853,0.8495,HILLY,2023,55228480.36,80.96
MPLADS-4135,Delhi,LOK_SABHA,Drinking Water,46472046.79,42128529.64,211,252,75.4,CTR-017,8,40,1.1691,0.2476,PLAIN,2024,55369800.55,74.43
MPLADS-4136,Bihar,RAJYA_SABHA,Roads,19029327.01,17468735.53,410,403,100.0,CTR-106,12,68,0.9787,0.0199,PLAIN,2024,18596206.75,73.89
MPLADS-4137,Telangana,LOK_SABHA,Bridges,49289353.23,47523691.76,451,155,49.96,CTR-084,13,50,1.1251,0.5717,PLAIN,2023,60821557.18,101.43
MPLADS-4138,Assam,LOK_SABHA,Drinking Water,22341075.43,18845336.69,508,721,100.0,CTR-035,14,87,1.1013,0.6586,HILLY,2024,28162032.79,153.0
MPLADS-4139,Dadra and Nagar Haveli and Daman and Diu,LOK_SABHA,Other Public Assets,48419682.19,41759142.91,206,118,36.91,CTR-028,13,22,1.191,0.5638,COASTAL,2024,62176052.4,101.86
MPLADS-4140,Meghalaya,LOK_SABHA,Community Halls,26753730.08,25986686.83,209,84,55.09,CTR-064,15,21,1.0349,0.4,HILLY,2024,34294998.59,109.43
MPLADS-4141,Himachal Pradesh,LOK_SABHA,Community Halls,23955885.97,21420254.22,416,461,89.24,CTR-157,2,59,1.0136,1.0,DESERT,2024,28001691.79,78.5
MPLADS-4142,Jammu and Kashmir,RAJYA_SABHA,Bridges,39626928.35,35430112.6,177,228,100.0,CTR-087,1,21,1.0178,0.3981,HILLY,2023,43418432.29,58.77
MPLADS-4143,Madhya Pradesh,RAJYA_SABHA,Electrification,28372445.95,28389440.35,220,199,96.0,CTR-156,10,15,1.2385,0.7601,PLAIN,2025,42037100.55,89.33
MPLADS-4144,Uttarakhand,LOK_SABHA,Roads,16901719.5,17494856.25,210,255,100.0,CTR-046,15,65,1.2958,0.928,HILLY,2025,31762997.15,192.94
MPLADS-4145,Uttar Pradesh,LOK_SABHA,Drinking Water,49663862.79,42285066.85,198,235,100.0,CTR-136,4,15,1.2284,0.6254,PLAIN,2025,59299623.16,36.91
MPLADS-4146,Goa,LOK_SABHA,Drinking Water,22771078.86,22013571.27,407,250,71.77,CTR-035,14,87,1.2052,0.2869,COASTAL,2023,32782052.23,111.16
MPLADS-4147,Kerala,LOK_SABHA,Bridges,38908766.06,38965258.47,464,607,100.0,CTR-017,8,86,1.1484,1.0,HILLY,2024,59212478.54,139.18
MPLADS-4148,Uttar Pradesh,LOK_SABHA,Healthcare,8702463.88,7120220.82,330,394,75.86,CTR-181,15,60,1.1018,0.6723,PLAIN,2025,9242120.38,128.43
MPLADS-4149,Andaman and Nicobar Islands,LOK_SABHA,Sports Infrastructure,15721974.16,12982023.79,315,262,74.82,CTR-162,10,46,1.1431,0.8181,HILLY,2024,20252616.97,106.3
MPLADS-4150,Odisha,RAJYA_SABHA,Sanitation,17177149.54,16701215.77,227,201,84.08,CTR-070,7,73,0.9681,0.9714,COASTAL,2024,19820705.37,88.49
MPLADS-4151,Jammu and Kashmir,RAJYA_SABHA,Bridges,34621585.08,30051610.23,228,325,96.73,CTR-153,14,8,1.3259,0.8846,HILLY,2023,53678111.03,129.03
MPLADS-4152,Manipur,LOK_SABHA,Sports Infrastructure,38322518.7,32782290.25,286,175,57.1,CTR-013,11,35,1.0216,0.949,PLAIN,2023,38353556.68,104.85
MPLADS-4153,Delhi,RAJYA_SABHA,Roads,48094037.53,45606682.93,411,551,100.0,CTR-121,7,38,1.3079,0.661,PLAIN,2023,71275352.4,61.93
MPLADS-4154,Haryana,LOK_SABHA,Education,48270147.29,46458581.7,100,83,100.0,CTR-044,5,0,1.2501,0.9118,PLAIN,2025,70391337.06,63.08
MPLADS-4155,Jammu and Kashmir,LOK_SABHA,Healthcare,42635893.72,40362008.85,152,36,19.36,CTR-160,12,0,0.9534,1.0,HILLY,2024,51142535.86,101.9
MPLADS-4156,Punjab,LOK_SABHA,Roads,49323204.17,51169531.26,369,232,65.04,CTR-138,0,46,1.1194,0.0673,PLAIN,2025,58339432.93,24.55
MPLADS-4157,Bihar,LOK_SABHA,Education,18733728.45,16032329.23,524,162,45.42,CTR-064,15,68,1.1922,0.8989,PLAIN,2025,22508830.67,116.35
MPLADS-4158,Andhra Pradesh,LOK_SABHA,Sanitation,7287701.94,5884925.24,534,587,100.0,CTR-150,0,61,1.2522,0.5399,DESERT,2023,8853102.24,68.45
MPLADS-4159,Chandigarh,LOK_SABHA,Sanitation,30857026.24,26670379.58,126,120,100.0,CTR-113,8,37,1.0821,0.7727,PLAIN,2023,32234423.86,72.38
MPLADS-4160,Delhi,LOK_SABHA,Roads,48450103.91,44341136.22,96,88,81.25,CTR-008,11,20,1.2783,0.0119,PLAIN,2024,65028649.96,56.42
MPLADS-4161,Telangana,LOK_SABHA,Sports Infrastructure,1634090.6,1604830.89,237,73,6.46,CTR-009,3,53,1.2279,0.8346,PLAIN,2023,2375122.48,76.36
MPLADS-4162,Chandigarh,LOK_SABHA,Education,31153790.44,26104397.67,228,51,18.97,CTR-001,1,44,1.0509,0.227,PLAIN,2023,29020139.71,37.02
MPLADS-4163,Kerala,LOK_SABHA,Bridges,28077067.43,25108249.35,90,35,50.24,CTR-081,15,70,1.3258,1.0,HILLY,2024,46089336.02,130.19
MPLADS-4164,Sikkim,RAJYA_SABHA,Community Halls,33677278.94,27599375.62,167,4,2.46,CTR-050,12,36,1.0682,0.5506,HILLY,2025,37498802.34,130.9
MPLADS-4165,Nagaland,RAJYA_SABHA,Roads,42158366.78,37724320.81,375,403,100.0,CTR-087,1,48,1.1613,1.0,DESERT,2023,54240384.51,76.82
MPLADS-4166,Assam,RAJYA_SABHA,Community Halls,22142167.81,19100866.64,139,157,100.0,CTR-043,11,89,1.182,0.2776,DESERT,2025,27851924.3,102.96
MPLADS-4167,Chhattisgarh,LOK_SABHA,Drinking Water,10898256.62,10032815.08,386,334,100.0,CTR-101,13,59,1.3305,0.9805,PLAIN,2024,16344332.88,117.86
MPLADS-4168,Bihar,RAJYA_SABHA,Community Halls,40478145.91,40540762.86,360,340,91.72,CTR-024,14,73,0.9894,0.2566,PLAIN,2024,44825099.52,124.26
MPLADS-4169,Maharashtra,RAJYA_SABHA,Other Public Assets,49516173.03,50847725.04,256,185,58.04,CTR-199,5,75,1.1316,0.2013,HILLY,2025,72353214.28,78.96
MPLADS-4170,Jharkhand,LOK_SABHA,Sports Infrastructure,13250967.35,12388274.95,240,244,100.0,CTR-143,4,64,1.2035,0.8856,PLAIN,2024,17069217.27,88.07
MPLADS-4171,Nagaland,LOK_SABHA,Education,1565404.65,1636575.89,437,497,92.99,CTR-041,2,51,1.2904,0.386,PLAIN,2023,2439816.07,32.94
MPLADS-4172,Ladakh,LOK_SABHA,Electrification,14731276.95,13576198.27,460,663,100.0,CTR-184,11,15,1.1482,0.7433,HILLY,2024,20175274.22,81.98
MPLADS-4173,Chandigarh,LOK_SABHA,Roads,26514336.26,24214587.66,185,126,68.93,CTR-154,4,49,1.0675,0.3081,PLAIN,2023,28181081.06,31.46
MPLADS-4174,Mizoram,LOK_SABHA,Roads,13599104.6,12002582.3,539,611,95.98,CTR-185,7,52,1.0288,0.5038,DESERT,2025,14599345.81,71.5
MPLADS-4175,Uttar Pradesh,RAJYA_SABHA,Sports Infrastructure,40581997.49,36896521.54,502,233,35.29,CTR-109,7,66,1.1631,0.361,PLAIN,2025,47832584.2,58.64
MPLADS-4176,Maharashtra,RAJYA_SABHA,Sports Infrastructure,6958182.1,5907719.6,404,215,49.84,CTR-104,0,89,1.2909,1.0,DESERT,2024,9650755.82,104.05
MPLADS-4177,Assam,RAJYA_SABHA,Education,25932123.85,23161944.06,231,82,27.83,CTR-198,1,60,1.0247,0.9501,HILLY,2024,30980131.01,100.68
MPLADS-4178,Assam,LOK_SABHA,Other Public Assets,32915854.3,33228990.83,188,138,81.36,CTR-062,11,90,1.1197,0.7119,PLAIN,2024,45496554.8,108.38
MPLADS-4179,Jharkhand,LOK_SABHA,Other Public Assets,18575773.53,14881011.33,169,133,94.47,CTR-130,10,0,1.1262,0.4372,PLAIN,2023,19609127.64,72.65
MPLADS-4180,Chandigarh,RAJYA_SABHA,Bridges,15056043.76,14803439.46,283,70,32.74,CTR-124,7,53,1.0044,0.8768,DESERT,2024,18259527.12,110.3
MPLADS-4181,Meghalaya,RAJYA_SABHA,Drinking Water,18979027.15,15928815.61,243,330,92.42,CTR-028,13,90,1.0552,1.0,HILLY,2023,22556689.74,147.6
MPLADS-4182,Mizoram,LOK_SABHA,Other Public Assets,8881683.61,8612772.63,303,114,38.66,CTR-088,4,47,1.0968,0.8168,HILLY,2024,12048245.13,94.08
MPLADS-4183,Manipur,LOK_SABHA,Roads,15836739.18,14432344.36,492,325,62.18,CTR-110,11,48,1.3469,1.0,HILLY,2023,26810929.94,134.51
MPLADS-4184,Dadra and Nagar Haveli and Daman and Diu,LOK_SABHA,Roads,505303.45,426488.95,340,100,23.65,CTR-074,2,47,1.3049,0.2192,COASTAL,2023,669197.23,54.06
MPLADS-4185,Chandigarh,LOK_SABHA,Roads,25581054.2,20872256.93,486,525,100.0,CTR-108,10,49,1.0185,0.3052,PLAIN,2025,23310570.27,73.59
MPLADS-4186,Manipur,LOK_SABHA,Electrification,9347271.55,7548803.93,192,245,83.68,CTR-085,10,50,1.0398,1.0,HILLY,2023,9844215.84,109.07
MPLADS-4187,Jharkhand,LOK_SABHA,Roads,39386901.18,34256690.36,219,57,26.3,CTR-137,9,16,1.1204,0.4972,PLAIN,2023,44180649.19,70.79
MPLADS-4188,West Bengal,RAJYA_SABHA,Education,26961129.05,25886059.31,502,725,100.0,CTR-008,11,72,1.0438,0.319,COASTAL,2024,33075799.81,115.18
MPLADS-4189,Andaman and Nicobar Islands,LOK_SABHA,Electrification,38960333.44,38363727.8,419,435,93.77,CTR-083,2,49,0.9592,0.1006,COASTAL,2023,41228829.04,67.18
MPLADS-4190,Meghalaya,LOK_SABHA,Healthcare,16156755.57,16781946.45,520,75,0.0,CTR-017,8,92,1.008,0.9601,HILLY,2023,21652262.49,164.17
MPLADS-4191,Rajasthan,LOK_SABHA,Community Halls,38966366.35,36560462.51,310,152,45.09,CTR-089,12,21,1.3024,0.7777,DESERT,2025,61253121.05,84.4
MPLADS-4192,Chhattisgarh,RAJYA_SABHA,Sanitation,42522789.27,39964292.44,239,176,50.55,CTR-012,15,33,1.1189,0.9035,PLAIN,2023,51244853.68,142.48
MPLADS-4193,Nagaland,RAJYA_SABHA,Bridges,36168638.19,37949208.25,147,192,100.0,CTR-198,1,0,1.0521,0.7485,DESERT,2025,49246637.3,41.81
MPLADS-4194,Tripura,LOK_SABHA,Drinking Water,32085561.1,29851853.38,137,202,100.0,CTR-079,9,55,1.158,0.2193,PLAIN,2023,39647292.9,62.9
MPLADS-4195,Haryana,LOK_SABHA,Bridges,20147373.52,16397497.48,344,211,41.89,CTR-130,10,41,1.174,0.2901,PLAIN,2024,22217595.31,78.66
MPLADS-4196,Arunachal Pradesh,LOK_SABHA,Sanitation,9517433.87,9072636.93,444,645,81.24,CTR-021,8,49,1.2233,0.7674,HILLY,2024,15381612.21,103.34
MPLADS-4197,Puducherry,LOK_SABHA,Roads,38212120.38,33709972.33,281,274,100.0,CTR-170,0,47,1.2471,0.7893,PLAIN,2023,49847400.85,69.58
MPLADS-4198,Nagaland,LOK_SABHA,Education,37507888.61,31864790.55,451,320,98.35,CTR-011,8,44,1.0174,1.0,HILLY,2024,40962053.06,98.44
MPLADS-4199,Bihar,RAJYA_SABHA,Other Public Assets,17964467.07,15864914.3,392,535,85.65,CTR-064,15,68,1.345,0.8005,PLAIN,2025,26725192.12,120.17
MPLADS-4200,Uttarakhand,LOK_SABHA,Healthcare,21616715.32,19887403.34,222,227,83.69,CTR-086,11,62,1.0072,0.2302,HILLY,2023,26077005.6,103.49
MPLADS-4201,Chandigarh,LOK_SABHA,Roads,24228984.42,22135910.6,358,426,100.0,CTR-062,11,47,1.2613,0.7354,PLAIN,2024,33883924.14,93.76
MPLADS-4202,Haryana,LOK_SABHA,Drinking Water,42694321.62,40470527.91,321,101,42.77,CTR-003,10,41,1.1997,0.3947,PLAIN,2024,58578634.12,56.13
MPLADS-4203,Andhra Pradesh,RAJYA_SABHA,Other Public Assets,12945362.23,11944262.69,462,556,78.25,CTR-076,7,63,1.0398,0.2173,COASTAL,2024,14338251.25,91.23
MPLADS-4204,Telangana,RAJYA_SABHA,Drinking Water,6152913.58,5740871.76,286,261,100.0,CTR-195,15,25,1.1605,0.42,HILLY,2024,8837512.26,120.04
MPLADS-4205,Rajasthan,RAJYA_SABHA,Sanitation,17736895.39,14403801.61,317,209,63.59,CTR-092,12,34,1.1845,0.5655,HILLY,2024,22042284.59,116.18
MPLADS-4206,Punjab,RAJYA_SABHA,Drinking Water,38962703.83,37249191.46,125,138,100.0,CTR-052,3,0,1.1779,0.8144,HILLY,2024,58506769.72,73.04
MPLADS-4207,Tamil Nadu,LOK_SABHA,Education,12530581.0,12010749.47,285,359,100.0,CTR-061,14,45,1.3088,1.0,DESERT,2023,21409275.17,95.51
MPLADS-4208,Assam,LOK_SABHA,Roads,13720196.85,12847749.71,328,3,0.0,CTR-087,1,94,0.9604,0.3853,PLAIN,2025,13302791.33,66.54
MPLADS-4209,Andaman and Nicobar Islands,LOK_SABHA,Roads,19294614.43,17510571.76,322,139,47.93,CTR-150,0,47,1.1755,0.2755,COASTAL,2025,24542171.45,45.83
MPLADS-4210,Haryana,RAJYA_SABHA,Bridges,49185919.92,43572903.22,405,81,42.84,CTR-140,6,40,1.0222,0.2966,HILLY,2024,54220106.33,80.28
MPLADS-4211,Madhya Pradesh,LOK_SABHA,Sanitation,32701138.65,33549767.26,168,36,33.64,CTR-105,12,27,1.0212,0.8045,PLAIN,2025,38593811.52,91.24
MPLADS-4212,Andaman and Nicobar Islands,RAJYA_SABHA,Sports Infrastructure,37134599.21,33292816.11,272,47,4.79,CTR-127,1,47,1.3261,0.6019,COASTAL,2024,56170211.6,47.8
MPLADS-4213,Rajasthan,LOK_SABHA,Community Halls,35942671.16,37296894.87,130,156,94.48,CTR-159,8,25,1.0563,0.7379,DESERT,2024,48781347.16,93.88
MPLADS-4214,Meghalaya,RAJYA_SABHA,Sanitation,13143865.95,12040387.72,326,234,68.96,CTR-133,1,103,1.0929,0.8297,HILLY,2024,17213351.57,132.05
MPLADS-4215,Odisha,LOK_SABHA,Education,24673508.05,20133293.58,169,88,60.44,CTR-119,3,73,1.069,0.4875,COASTAL,2025,25847878.23,57.06
MPLADS-4216,Jammu and Kashmir,LOK_SABHA,Roads,31841424.23,28567341.51,352,206,58.67,CTR-026,10,38,1.2511,0.4069,HILLY,2023,47567469.56,87.91
MPLADS-4217,Punjab,RAJYA_SABHA,Sanitation,19011335.85,17730356.87,294,299,100.0,CTR-008,11,33,1.0784,0.2101,PLAIN,2025,21106581.36,56.81
MPLADS-4218,Andhra Pradesh,LOK_SABHA,Other Public Assets,30158168.13,25532212.54,463,431,97.09,CTR-138,0,64,1.0556,0.3768,PLAIN,2025,29635855.52,61.12
MPLADS-4219,Delhi,RAJYA_SABHA,Electrification,38715484.58,31465975.57,469,175,21.17,CTR-104,0,38,1.1815,0.9919,PLAIN,2025,41107366.07,32.18
MPLADS-4220,Punjab,LOK_SABHA,Bridges,36857661.39,37037680.05,454,301,62.03,CTR-118,2,41,1.2086,0.7891,PLAIN,2024,51821920.44,42.36
MPLADS-4221,Andaman and Nicobar Islands,LOK_SABHA,Community Halls,35296219.31,32995996.65,238,27,5.77,CTR-175,11,0,1.0081,0.7772,COASTAL,2023,38822436.68,83.54
MPLADS-4222,Delhi,LOK_SABHA,Sanitation,48299426.54,48443123.35,161,210,100.0,CTR-139,5,31,1.0241,0.3325,HILLY,2023,60677174.4,66.89
MPLADS-4223,Andhra Pradesh,RAJYA_SABHA,Education,7828010.33,6485719.65,465,212,37.65,CTR-054,7,61,1.2377,0.5123,DESERT,2025,10515193.11,93.55
MPLADS-4224,Uttar Pradesh,LOK_SABHA,Sports Infrastructure,11077937.78,10157851.12,494,393,75.14,CTR-059,11,55,1.1582,0.6749,PLAIN,2023,14202895.2,90.58
MPLADS-4225,Jharkhand,LOK_SABHA,Sports Infrastructure,26757332.34,22000086.52,410,380,100.0,CTR-154,4,64,1.0444,0.7131,PLAIN,2024,25495867.34,68.79
MPLADS-4226,Puducherry,LOK_SABHA,Community Halls,32062319.35,31723817.44,140,207,70.82,CTR-008,11,24,1.3348,0.9877,HILLY,2024,56603338.77,116.29
MPLADS-4227,Lakshadweep,RAJYA_SABHA,Roads,19664558.08,19427917.54,336,243,48.83,CTR-038,13,49,1.0796,0.0993,COASTAL,2025,25366051.04,76.69
MPLADS-4228,Mizoram,LOK_SABHA,Sanitation,12153955.28,12101500.59,296,224,79.93,CTR-104,0,23,1.223,0.7578,HILLY,2025,19227845.3,69.95
MPLADS-4229,Bihar,LOK_SABHA,Roads,28307544.34,25165674.48,130,88,60.59,CTR-024,14,0,1.3279,0.2244,COASTAL,2025,40265833.07,64.09
MPLADS-4230,Nagaland,RAJYA_SABHA,Roads,22287918.87,23167138.6,505,321,62.27,CTR-111,4,45,1.0541,0.3073,HILLY,2025,30641225.98,68.22
MPLADS-4231,Sikkim,LOK_SABHA,Bridges,34803099.67,34060093.17,356,336,88.53,CTR-122,10,52,1.043,0.3345,HILLY,2024,46286260.03,114.06
MPLADS-4232,Uttar Pradesh,RAJYA_SABHA,Drinking Water,47771771.05,41774707.16,448,405,89.04,CTR-172,1,59,1.2047,0.7929,PLAIN,2024,56449382.96,46.98
MPLADS-4233,Assam,LOK_SABHA,Sanitation,33644201.34,28052996.71,112,122,73.22,CTR-128,12,0,1.1711,0.7027,HILLY,2025,43310756.73,85.39
MPLADS-4234,Kerala,LOK_SABHA,Electrification,24585377.3,21473633.61,473,563,87.98,CTR-070,7,90,1.3446,0.2728,COASTAL,2024,35640148.11,96.95
MPLADS-4235,Jharkhand,RAJYA_SABHA,Community Halls,44263932.18,40465911.27,492,610,96.14,CTR-158,8,61,1.2697,0.7186,PLAIN,2024,60842652.06,86.58
MPLADS-4236,Dadra and Nagar Haveli and Daman and Diu,RAJYA_SABHA,Healthcare,45917798.77,41645010.18,512,673,100.0,CTR-138,0,48,1.3213,0.3777,PLAIN,2025,63838724.04,50.35
MPLADS-4237,Rajasthan,RAJYA_SABHA,Electrification,45395234.32,39430566.78,490,368,58.12,CTR-142,3,33,0.9947,0.4909,PLAIN,2024,42288709.82,62.89
MPLADS-4238,Andhra Pradesh,LOK_SABHA,Bridges,17659014.44,17043482.96,337,403,100.0,CTR-088,4,63,1.2985,0.3973,COASTAL,2023,26768676.35,66.32
MPLADS-4239,Mizoram,LOK_SABHA,Drinking Water,6237260.03,6018145.94,253,309,100.0,CTR-039,4,50,1.1524,0.9833,HILLY,2023,9060636.46,102.25
MPLADS-4240,Sikkim,RAJYA_SABHA,Education,5946574.68,5966641.03,351,503,74.17,CTR-051,12,51,1.0683,0.9594,HILLY,2024,8532029.52,140.73
MPLADS-4241,Tripura,RAJYA_SABHA,Healthcare,1100597.25,959609.37,193,123,65.95,CTR-052,3,24,1.2568,0.6901,PLAIN,2023,1406290.3,32.59
MPLADS-4242,Arunachal Pradesh,RAJYA_SABHA,Other Public Assets,40013038.01,38507571.82,498,51,0.0,CTR-120,1,50,0.9703,0.5719,PLAIN,2024,41680490.09,41.09
MPLADS-4243,Tamil Nadu,RAJYA_SABHA,Bridges,33421150.46,31301792.37,182,106,69.97,CTR-152,4,0,1.1494,0.7831,COASTAL,2025,43924141.9,43.36
MPLADS-4244,Chandigarh,LOK_SABHA,Electrification,49114290.12,41067828.71,121,6,7.06,CTR-133,1,0,1.1331,0.6188,COASTAL,2023,55334734.45,32.98
MPLADS-4245,Jammu and Kashmir,RAJYA_SABHA,Healthcare,12043996.27,11439797.09,97,80,85.18,CTR-198,1,20,1.2173,0.7267,HILLY,2025,18219453.54,53.46
MPLADS-4246,West Bengal,LOK_SABHA,Bridges,39314918.34,34389359.58,420,423,82.74,CTR-020,7,66,1.2257,0.2172,COASTAL,2023,52691365.57,77.6
MPLADS-4247,Manipur,LOK_SABHA,Bridges,25773282.6,22167040.8,151,105,85.81,CTR-037,13,51,1.0959,0.715,DESERT,2023,31753585.21,124.67
MPLADS-4248,Karnataka,LOK_SABHA,Healthcare,45026901.6,39697572.47,120,97,83.59,CTR-015,11,0,1.2913,0.9363,HILLY,2025,70227107.43,107.99
MPLADS-4249,Chandigarh,LOK_SABHA,Bridges,48187082.98,48246027.34,359,137,49.87,CTR-038,13,48,0.9695,0.593,PLAIN,2025,54678979.41,96.18
MPLADS-4250,Jammu and Kashmir,LOK_SABHA,Electrification,31692327.84,26907566.6,263,125,63.82,CTR-034,8,29,0.9642,1.0,DESERT,2024,32900020.21,97.46
MPLADS-4251,Meghalaya,LOK_SABHA,Electrification,21477074.4,18238445.99,403,242,64.12,CTR-148,3,88,1.0293,1.0,DESERT,2023,24691963.21,98.99
MPLADS-4252,Uttarakhand,LOK_SABHA,Drinking Water,2178123.28,2179400.02,446,442,93.78,CTR-042,12,67,1.2391,0.3357,PLAIN,2024,3302048.04,75.0
MPLADS-4253,Mizoram,RAJYA_SABHA,Roads,4412279.87,3977768.53,471,273,65.01,CTR-062,11,49,1.3004,0.3407,HILLY,2025,6855876.7,112.32
MPLADS-4254,Andaman and Nicobar Islands,LOK_SABHA,Sports Infrastructure,9088559.95,8544106.81,509,290,66.94,CTR-111,4,50,1.0699,0.9287,COASTAL,2024,11579336.14,80.68
MPLADS-4255,Assam,LOK_SABHA,Sports Infrastructure,41075321.02,43050110.85,210,69,41.39,CTR-043,11,45,0.9679,0.9785,PLAIN,2025,47441478.38,91.37
MPLADS-4256,Goa,LOK_SABHA,Healthcare,17485033.45,16473119.29,255,344,100.0,CTR-030,7,80,1.1163,0.8123,PLAIN,2023,22128193.54,103.23
MPLADS-4257,Uttarakhand,LOK_SABHA,Healthcare,28278420.3,23902226.11,196,155,94.65,CTR-195,15,18,1.007,0.3634,PLAIN,2025,25745494.72,90.61
MPLADS-4258,Nagaland,RAJYA_SABHA,Sports Infrastructure,43044560.77,44619778.85,401,557,82.75,CTR-144,6,45,1.0325,0.7869,HILLY,2025,59688094.99,103.12
MPLADS-4259,Jharkhand,LOK_SABHA,Bridges,4096817.81,3647755.65,223,288,73.86,CTR-012,15,14,1.0215,0.857,HILLY,2023,4833841.55,166.85
MPLADS-4260,West Bengal,RAJYA_SABHA,Other Public Assets,32119732.1,30132812.28,420,469,100.0,CTR-008,11,66,1.0097,0.6254,PLAIN,2025,34506307.64,108.18
MPLADS-4261,Meghalaya,RAJYA_SABHA,Other Public Assets,8913860.53,7148778.73,521,285,62.95,CTR-171,1,96,0.9564,0.3039,HILLY,2023,8336226.54,101.08
MPLADS-4262,Andhra Pradesh,LOK_SABHA,Bridges,41797511.07,39478029.64,367,289,91.38,CTR-101,13,71,1.2147,0.7887,PLAIN,2025,58946287.97,125.4
MPLADS-4263,Telangana,RAJYA_SABHA,Sports Infrastructure,7422000.15,7154129.76,260,233,75.48,CTR-120,1,38,1.176,0.469,PLAIN,2024,9316996.16,42.52
MPLADS-4264,Uttar Pradesh,LOK_SABHA,Sports Infrastructure,7327688.19,6845404.7,540,737,75.01,CTR-137,9,59,1.1039,0.548,PLAIN,2024,8868296.35,84.01
MPLADS-4265,Sikkim,LOK_SABHA,Electrification,25987644.09,23865542.52,283,282,95.16,CTR-101,13,25,1.1723,0.9845,HILLY,2024,37854592.53,95.02
MPLADS-4266,Delhi,LOK_SABHA,Bridges,38600541.43,38471184.21,230,206,87.37,CTR-172,1,36,1.0409,0.0069,PLAIN,2024,42149498.98,26.86
MPLADS-4267,Bihar,LOK_SABHA,Education,21146712.39,20653759.87,216,322,100.0,CTR-144,6,36,1.1619,1.0,HILLY,2024,31863561.74,125.39
MPLADS-4268,Maharashtra,LOK_SABHA,Roads,20175021.63,20548040.91,472,663,97.16,CTR-165,6,74,1.2093,0.5311,PLAIN,2024,28913163.8,72.41
MPLADS-4269,Telangana,LOK_SABHA,Electrification,14432646.46,13320679.02,434,165,18.02,CTR-014,12,48,1.1875,0.8382,PLAIN,2024,19239783.09,114.67
MPLADS-4270,Madhya Pradesh,LOK_SABHA,Sports Infrastructure,13971542.66,11467600.41,188,88,42.66,CTR-176,7,0,1.3128,0.6178,PLAIN,2025,16938359.88,33.7
MPLADS-4271,Andhra Pradesh,LOK_SABHA,Education,2345563.49,2362782.8,398,369,97.25,CTR-123,10,67,1.0345,0.9789,PLAIN,2024,2798334.62,81.13
MPLADS-4272,Goa,LOK_SABHA,Electrification,35571036.06,30976982.15,141,194,94.77,CTR-106,12,43,1.1711,0.3686,COASTAL,2025,44772266.81,79.04
MPLADS-4273,Andhra Pradesh,LOK_SABHA,Roads,38952826.31,37105145.9,463,187,49.37,CTR-133,1,68,1.1642,0.3337,PLAIN,2025,48254112.0,38.33
MPLADS-4274,Rajasthan,LOK_SABHA,Sanitation,37277301.64,36543098.12,293,8,0.0,CTR-021,8,27,1.067,0.5626,DESERT,2024,48010752.2,71.04
MPLADS-4275,Telangana,LOK_SABHA,Sanitation,42472289.1,36696456.46,327,155,59.47,CTR-177,11,50,1.0813,0.0891,PLAIN,2023,44191611.31,51.41
MPLADS-4276,Gujarat,RAJYA_SABHA,Healthcare,49433200.59,47210138.23,150,112,79.45,CTR-150,0,44,1.0362,0.8402,PLAIN,2023,51153291.85,49.02
MPLADS-4277,Maharashtra,LOK_SABHA,Drinking Water,31616196.4,32784264.14,125,26,15.78,CTR-135,12,38,1.057,0.2153,DESERT,2024,42485203.11,116.76
MPLADS-4278,Maharashtra,RAJYA_SABHA,Education,25690474.22,25520315.25,474,333,62.8,CTR-147,0,69,1.1342,0.9459,COASTAL,2023,35698626.75,64.79
MPLADS-4279,West Bengal,LOK_SABHA,Healthcare,14107198.99,12371096.41,90,124,100.0,CTR-024,14,55,1.0052,0.3997,PLAIN,2025,14391138.29,80.44
MPLADS-4280,Tripura,LOK_SABHA,Sports Infrastructure,21058809.91,20065333.73,190,20,0.0,CTR-099,10,50,1.2327,0.4446,PLAIN,2024,29117356.73,65.87
MPLADS-4281,Uttar Pradesh,RAJYA_SABHA,Sanitation,33010597.89,26824310.59,304,239,66.09,CTR-159,8,43,1.2093,0.9562,PLAIN,2024,39974248.49,95.59
MPLADS-4282,Haryana,LOK_SABHA,Community Halls,38195107.21,31225234.48,360,518,96.46,CTR-137,9,40,1.2392,1.0,HILLY,2023,53108516.3,140.53
MPLADS-4283,Goa,LOK_SABHA,Sports Infrastructure,35968186.85,30145653.13,537,217,57.85,CTR-003,10,81,1.1115,0.0374,COASTAL,2024,41680728.6,92.69
MPLADS-4284,Jammu and Kashmir,RAJYA_SABHA,Education,37294996.21,37942444.85,126,58,38.83,CTR-165,6,28,1.2429,1.0,HILLY,2023,62227638.82,95.73
MPLADS-4285,Bihar,LOK_SABHA,Sports Infrastructure,11157797.9,8972800.58,113,41,40.61,CTR-166,13,49,0.973,0.5994,DESERT,2023,11155946.94,97.64
MPLADS-4286,Kerala,LOK_SABHA,Community Halls,45453311.96,43723502.02,371,69,25.43,CTR-143,4,90,0.9593,0.5271,COASTAL,2025,48692562.32,97.65
MPLADS-4287,Nagaland,LOK_SABHA,Sports Infrastructure,24342129.99,22353259.42,221,270,100.0,CTR-137,9,27,0.9853,0.4034,DESERT,2025,25830081.19,55.41
MPLADS-4288,Arunachal Pradesh,LOK_SABHA,Electrification,23931137.06,21652283.18,444,480,100.0,CTR-116,9,55,1.1452,0.5824,HILLY,2025,31801468.58,95.5
MPLADS-4289,Chandigarh,RAJYA_SABHA,Sports Infrastructure,42558279.12,43368223.97,281,114,25.89,CTR-198,1,46,0.9893,0.5893,COASTAL,2023,49177658.14,68.31
MPLADS-4290,Odisha,LOK_SABHA,Healthcare,13801938.1,14313543.4,229,315,67.25,CTR-088,4,20,1.1396,0.4934,DESERT,2025,20102199.53,64.9
MPLADS-4291,Bihar,LOK_SABHA,Sports Infrastructure,3170703.29,2656869.79,371,164,29.07,CTR-149,13,69,1.178,0.0491,PLAIN,2024,3558568.29,77.33
MPLADS-4292,Haryana,LOK_SABHA,Roads,1710714.87,1593272.72,473,582,97.16,CTR-024,14,39,1.3214,0.5323,PLAIN,2024,2571801.58,100.9
MPLADS-4293,Tripura,LOK_SABHA,Bridges,48917753.41,45441113.0,117,28,14.34,CTR-057,8,27,1.3081,0.4152,PLAIN,2025,70761938.68,70.12
MPLADS-4294,Tripura,LOK_SABHA,Education,49445792.53,50166235.43,181,180,96.0,CTR-170,0,0,1.2125,0.7845,DESERT,2024,77104884.17,22.91
MPLADS-4295,Himachal Pradesh,RAJYA_SABHA,Sanitation,834343.86,848092.27,186,252,98.59,CTR-169,5,67,1.0519,0.9116,DESERT,2024,1134830.35,117.39
MPLADS-4296,Puducherry,RAJYA_SABHA,Education,45101888.14,36386801.74,402,367,100.0,CTR-097,3,49,1.2483,0.4257,COASTAL,2025,56655562.89,53.22
MPLADS-4297,Kerala,RAJYA_SABHA,Healthcare,39655260.68,36233194.12,431,254,50.5,CTR-139,5,89,0.9516,1.0,HILLY,2023,46005954.18,112.03
MPLADS-4298,Tamil Nadu,LOK_SABHA,Healthcare,33350317.75,31682171.89,133,11,31.75,CTR-115,8,11,1.1212,0.4373,PLAIN,2025,39727140.34,34.47
MPLADS-4299,Jharkhand,LOK_SABHA,Other Public Assets,3437193.51,2904638.81,188,101,46.07,CTR-196,1,46,0.9509,0.2233,PLAIN,2023,2745496.03,30.8
MPLADS-4300,Nagaland,LOK_SABHA,Other Public Assets,12460242.58,10539418.65,111,90,88.25,CTR-165,6,48,1.1702,0.993,HILLY,2023,16009028.75,123.8
MPLADS-4301,Nagaland,RAJYA_SABHA,Roads,9165588.75,8181424.44,466,612,100.0,CTR-119,3,52,1.2372,0.3191,HILLY,2024,13266325.0,74.86
MPLADS-4302,Ladakh,LOK_SABHA,Sports Infrastructure,11558749.71,9498627.02,172,230,72.31,CTR-130,10,10,1.2079,0.547,DESERT,2025,14616203.01,110.05
MPLADS-4303,Dadra and Nagar Haveli and Daman and Diu,LOK_SABHA,Bridges,3863952.25,3453567.63,300,365,85.68,CTR-155,6,36,1.0599,0.9785,DESERT,2024,4653665.58,91.38
MPLADS-4304,Arunachal Pradesh,LOK_SABHA,Bridges,3695351.97,3733089.62,267,153,56.74,CTR-187,2,24,1.2485,0.6609,HILLY,2023,6197796.29,45.53
MPLADS-4305,Jammu and Kashmir,RAJYA_SABHA,Community Halls,5535002.84,4679843.75,282,113,57.46,CTR-200,15,19,1.2447,0.7761,HILLY,2024,8041383.75,105.72
MPLADS-4306,Gujarat,LOK_SABHA,Healthcare,35709260.33,34793535.45,454,607,100.0,CTR-140,6,49,1.1096,1.0,DESERT,2024,47773816.05,91.87
MPLADS-4307,Chhattisgarh,LOK_SABHA,Drinking Water,10334726.51,8460975.51,291,278,100.0,CTR-034,8,45,1.3316,0.2693,PLAIN,2024,13302436.24,64.55
MPLADS-4308,Dadra and Nagar Haveli and Daman and Diu,LOK_SABHA,Community Halls,37765449.43,36122905.42,339,481,100.0,CTR-133,1,49,1.1531,0.9467,HILLY,2023,53802421.12,108.58
MPLADS-4309,Assam,RAJYA_SABHA,Other Public Assets,12769725.14,10847435.9,127,162,91.44,CTR-041,2,25,1.1416,0.3355,HILLY,2023,14921967.5,72.44
MPLADS-4310,Gujarat,LOK_SABHA,Drinking Water,29179635.09,30167596.5,187,269,64.78,CTR-021,8,34,1.1308,0.0093,PLAIN,2024,36843868.82,61.81
MPLADS-4311,Goa,RAJYA_SABHA,Other Public Assets,32113684.42,32716957.54,533,728,100.0,CTR-199,5,85,0.9945,0.22,COASTAL,2025,34191324.61,89.02
MPLADS-4312,Goa,RAJYA_SABHA,Sports Infrastructure,36411956.8,30115324.67,513,589,100.0,CTR-156,10,90,1.2546,0.3477,COASTAL,2025,47521278.91,127.96
MPLADS-4313,Rajasthan,RAJYA_SABHA,Drinking Water,48901359.97,39268361.7,458,523,89.46,CTR-127,1,33,1.3393,0.7734,PLAIN,2024,62515552.83,53.05
MPLADS-4314,Tamil Nadu,RAJYA_SABHA,Drinking Water,10768548.82,9274892.02,100,112,66.78,CTR-085,10,36,1.143,0.6447,DESERT,2024,13215891.58,114.15
MPLADS-4315,Madhya Pradesh,LOK_SABHA,Education,47636754.72,47696643.93,146,67,42.32,CTR-012,15,36,1.2709,0.5775,PLAIN,2024,72524638.07,54.3
MPLADS-4316,Jharkhand,LOK_SABHA,Drinking Water,30192394.13,28807485.3,457,227,45.31,CTR-151,13,56,1.3407,0.6943,HILLY,2024,53256469.17,141.81
MPLADS-4317,Delhi,RAJYA_SABHA,Sanitation,36006547.94,35325534.2,304,103,52.64,CTR-164,6,40,1.1356,0.8585,PLAIN,2023,47051497.79,51.54
MPLADS-4318,Rajasthan,RAJYA_SABHA,Electrification,29217849.71,25597739.8,387,463,100.0,CTR-184,11,33,1.2721,0.8647,DESERT,2024,42071883.61,91.4
MPLADS-4319,Chhattisgarh,RAJYA_SABHA,Other Public Assets,4969629.72,3996763.02,303,224,76.41,CTR-031,7,58,1.3423,0.1354,PLAIN,2023,6442191.49,71.18
MPLADS-4320,Karnataka,LOK_SABHA,Education,40717753.66,40235300.54,451,136,56.68,CTR-177,11,77,1.2768,0.0783,PLAIN,2023,60936595.98,91.98
MPLADS-4321,Jammu and Kashmir,RAJYA_SABHA,Healthcare,28626817.69,23799044.31,279,211,74.49,CTR-126,9,36,1.1435,1.0,HILLY,2024,36817068.8,114.51
MPLADS-4322,Punjab,RAJYA_SABHA,Bridges,12436976.24,11692859.82,142,79,40.14,CTR-098,10,12,1.0625,0.4013,PLAIN,2025,13339453.64,46.29
MPLADS-4323,Andaman and Nicobar Islands,LOK_SABHA,Drinking Water,25754328.97,25815347.09,273,134,53.87,CTR-012,15,36,1.193,0.1016,COASTAL,2025,38447432.27,95.7
MPLADS-4324,Goa,RAJYA_SABHA,Drinking Water,48575649.77,42378084.59,465,505,70.86,CTR-014,12,91,1.026,0.8181,PLAIN,2024,51037931.18,144.42
MPLADS-4325,Sikkim,LOK_SABHA,Education,25347071.17,20620014.43,188,219,75.9,CTR-106,12,37,1.1109,0.6686,HILLY,2024,30928394.44,84.19
MPLADS-4326,Mizoram,LOK_SABHA,Bridges,45748975.95,47016767.75,207,137,55.91,CTR-078,3,0,0.9986,0.4795,HILLY,2024,57572479.25,47.6
MPLADS-4327,Telangana,LOK_SABHA,Education,33191930.77,28347922.87,443,637,96.16,CTR-033,1,50,1.1771,0.9095,PLAIN,2023,40348200.41,55.13
MPLADS-4328,Puducherry,LOK_SABHA,Sports Infrastructure,48041490.67,41810991.21,421,314,86.77,CTR-006,13,48,1.1824,0.908,PLAIN,2023,60158064.78,103.68
MPLADS-4329,Punjab,LOK_SABHA,Bridges,15438438.05,12422574.36,198,165,80.29,CTR-153,14,0,0.9898,0.7867,DESERT,2025,15156562.35,41.66
MPLADS-4330,Himachal Pradesh,LOK_SABHA,Sports Infrastructure,20582089.2,19728022.49,176,69,38.14,CTR-005,6,12,1.2796,0.0175,PLAIN,2024,28873115.76,35.15
MPLADS-4331,Lakshadweep,RAJYA_SABHA,Community Halls,33288690.96,31867301.88,224,329,99.67,CTR-072,3,25,1.0792,0.7143,COASTAL,2024,41934724.7,62.8
MPLADS-4332,West Bengal,LOK_SABHA,Community Halls,40667441.05,37602838.27,230,170,76.44,CTR-054,7,69,1.266,0.9151,PLAIN,2024,56340430.5,95.43
MPLADS-4333,Meghalaya,LOK_SABHA,Other Public Assets,36458439.26,34304000.62,282,142,38.4,CTR-040,10,91,1.2007,1.0,HILLY,2023,54936201.32,164.21
MPLADS-4334,Manipur,LOK_SABHA,Sports Infrastructure,5215930.04,4286943.42,488,512,100.0,CTR-102,3,51,1.0418,0.5186,HILLY,2023,5775809.78,80.61
MPLADS-4335,Uttarakhand,LOK_SABHA,Sanitation,30297587.89,30980142.75,230,143,33.73,CTR-188,6,65,1.2247,0.4128,HILLY,2025,49649883.54,87.21
MPLADS-4336,Madhya Pradesh,RAJYA_SABHA,Sports Infrastructure,16463155.22,17266636.52,143,190,78.12,CTR-131,9,0,0.9516,0.1166,PLAIN,2023,15539972.87,41.76
MPLADS-4337,Delhi,LOK_SABHA,Bridges,33613672.24,33525235.51,356,106,20.15,CTR-060,10,36,1.3456,1.0,HILLY,2024,62092602.91,140.94
MPLADS-4338,Tripura,LOK_SABHA,Education,6308471.78,5921408.8,232,48,9.32,CTR-032,3,12,0.987,0.4801,HILLY,2023,6923809.08,67.43
MPLADS-4339,Lakshadweep,LOK_SABHA,Electrification,806042.53,745003.25,278,275,100.0,CTR-162,10,49,1.2844,0.598,COASTAL,2025,1213380.22,99.4
MPLADS-4340,Andaman and Nicobar Islands,RAJYA_SABHA,Roads,29998562.74,29666025.85,211,227,96.12,CTR-196,1,39,0.9532,0.4225,COASTAL,2023,29546410.89,39.63
MPLADS-4341,Chhattisgarh,RAJYA_SABHA,Education,46711214.15,44841924.61,404,307,75.92,CTR-182,2,55,0.9805,0.3862,HILLY,2023,54919338.5,102.76
MPLADS-4342,Odisha,RAJYA_SABHA,Drinking Water,781066.17,637551.66,255,67,26.68,CTR-014,12,68,1.3363,0.8141,COASTAL,2023,1068337.27,109.99
MPLADS-4343,Kerala,LOK_SABHA,Sanitation,3849360.38,3326113.21,352,180,52.72,CTR-192,10,95,1.1104,0.9104,PLAIN,2024,4322915.62,158.07
MPLADS-4344,Maharashtra,LOK_SABHA,Drinking Water,35333120.4,31188300.56,148,13,10.56,CTR-169,5,71,0.9597,0.9907,COASTAL,2024,36341550.29,104.11
MPLADS-4345,Haryana,RAJYA_SABHA,Community Halls,47674351.13,48924476.48,426,177,26.06,CTR-075,10,37,1.1322,0.5517,COASTAL,2025,69073028.08,60.67
MPLADS-4346,Kerala,LOK_SABHA,Other Public Assets,42291715.31,40803548.91,410,507,95.25,CTR-075,10,85,1.2162,0.9725,COASTAL,2024,62717290.92,119.82
MPLADS-4347,Uttarakhand,LOK_SABHA,Community Halls,41166315.49,37782490.13,525,460,89.55,CTR-040,10,62,1.1618,0.3571,DESERT,2025,56734470.95,95.46
MPLADS-4348,Telangana,RAJYA_SABHA,Sports Infrastructure,23384573.11,20339444.2,536,601,100.0,CTR-168,2,53,1.1122,0.7911,DESERT,2024,28362440.46,73.1
MPLADS-4349,Tripura,LOK_SABHA,Roads,29071980.27,24099328.06,390,525,100.0,CTR-112,12,50,1.1487,0.6046,HILLY,2024,37069455.72,117.61
MPLADS-4350,Gujarat,RAJYA_SABHA,Sanitation,25557603.33,20874882.46,350,122,18.02,CTR-173,12,49,1.2964,0.2826,HILLY,2023,36404856.53,113.22
MPLADS-4351,Arunachal Pradesh,LOK_SABHA,Electrification,17339735.68,15477106.14,159,171,99.56,CTR-200,15,0,1.0297,0.205,HILLY,2024,20683980.13,101.1
MPLADS-4352,Uttar Pradesh,LOK_SABHA,Healthcare,578588.08,587418.14,93,76,82.55,CTR-095,14,15,1.2343,0.7399,PLAIN,2024,877684.34,112.49
MPLADS-4353,Chandigarh,LOK_SABHA,Education,34880701.26,34479750.62,284,11,0.0,CTR-065,6,46,1.173,0.055,PLAIN,2023,45697626.33,43.24
MPLADS-4354,Gujarat,LOK_SABHA,Sports Infrastructure,27650801.04,28319947.83,313,81,31.03,CTR-080,10,50,1.3029,0.2458,PLAIN,2024,43362127.72,71.0
MPLADS-4355,Madhya Pradesh,LOK_SABHA,Roads,45543887.65,37690206.08,370,248,94.73,CTR-168,2,55,1.0815,0.2562,PLAIN,2024,46943448.07,34.85
MPLADS-4356,Haryana,LOK_SABHA,Drinking Water,14130296.95,13023662.04,239,173,53.35,CTR-158,8,27,0.9851,0.1637,PLAIN,2025,12972671.47,49.41
MPLADS-4357,Meghalaya,RAJYA_SABHA,Education,4115536.02,4289367.3,253,270,100.0,CTR-197,5,96,1.0964,0.5754,PLAIN,2025,5369391.47,74.22
MPLADS-4358,Gujarat,LOK_SABHA,Sports Infrastructure,46855924.18,39971052.36,356,237,57.56,CTR-032,3,48,1.285,0.2273,HILLY,2024,66677341.88,74.38
MPLADS-4359,Dadra and Nagar Haveli and Daman and Diu,RAJYA_SABHA,Electrification,17431488.29,17923050.34,344,174,62.15,CTR-087,1,49,1.335,0.8476,HILLY,2023,31298886.95,63.94
MPLADS-4360,Madhya Pradesh,LOK_SABHA,Drinking Water,22940640.85,23147031.65,216,208,81.76,CTR-145,15,29,0.9822,0.9944,HILLY,2025,31015674.04,152.11
MPLADS-4361,West Bengal,LOK_SABHA,Other Public Assets,1023502.72,879895.42,166,207,100.0,CTR-095,14,57,1.1636,0.3896,COASTAL,2024,1288189.17,67.77
MPLADS-4362,Maharashtra,RAJYA_SABHA,Healthcare,27448096.35,26706329.27,148,61,61.76,CTR-198,1,0,1.3096,0.5594,PLAIN,2023,39639162.3,39.74
MPLADS-4363,Dadra and Nagar Haveli and Daman and Diu,LOK_SABHA,Healthcare,26618465.23,25326140.97,274,28,9.55,CTR-145,15,50,1.2361,0.5405,PLAIN,2025,38594295.04,116.71
MPLADS-4364,Nagaland,LOK_SABHA,Other Public Assets,15636267.28,14886119.19,110,24,21.89,CTR-132,8,0,1.2473,0.4003,HILLY,2023,24655463.51,52.84
MPLADS-4365,Mizoram,RAJYA_SABHA,Community Halls,26593817.99,27511320.98,334,16,0.14,CTR-052,3,49,1.2949,0.8518,HILLY,2023,47640447.03,95.16
MPLADS-4366,Chandigarh,LOK_SABHA,Drinking Water,26965046.53,22603173.36,428,122,48.12,CTR-109,7,49,1.1021,0.5845,PLAIN,2025,27439149.5,90.99
MPLADS-4367,Rajasthan,LOK_SABHA,Roads,25513554.84,21443503.45,121,42,53.25,CTR-192,10,25,1.2201,0.3763,PLAIN,2025,30602565.75,67.33
MPLADS-4368,Tripura,LOK_SABHA,Healthcare,21824015.08,20012786.23,203,198,87.01,CTR-061,14,49,0.9632,0.4374,HILLY,2024,25742589.35,140.74
MPLADS-4369,Haryana,LOK_SABHA,Bridges,41345361.05,36653487.01,491,416,79.43,CTR-105,12,41,1.3073,0.4384,PLAIN,2023,54760023.85,99.85
MPLADS-4370,Chandigarh,LOK_SABHA,Drinking Water,12736484.8,12310527.31,158,236,100.0,CTR-179,14,45,0.9602,0.4772,PLAIN,2025,13137552.87,93.84
MPLADS-4371,Tamil Nadu,RAJYA_SABHA,Other Public Assets,47798212.73,49468877.04,228,154,64.27,CTR-058,2,10,0.9647,0.5994,HILLY,2025,58298332.87,63.39
MPLADS-4372,Kerala,LOK_SABHA,Sports Infrastructure,27106366.98,22942059.56,209,21,0.0,CTR-185,7,23,1.046,0.6192,PLAIN,2023,26912697.78,74.36
MPLADS-4373,Himachal Pradesh,RAJYA_SABHA,Sanitation,23564338.73,20342274.06,123,142,99.34,CTR-120,1,47,1.194,1.0,HILLY,2025,30759998.69,88.77
MPLADS-4374,Uttarakhand,LOK_SABHA,Electrification,7701610.28,7628933.69,514,767,100.0,CTR-040,10,69,0.9926,1.0,HILLY,2025,10095192.85,100.79
MPLADS-4375,Delhi,RAJYA_SABHA,Electrification,47122823.47,39825018.93,516,169,32.87,CTR-166,13,36,0.9881,0.3479,PLAIN,2024,43811006.75,65.87
MPLADS-4376,Bihar,LOK_SABHA,Other Public Assets,18626025.17,17155641.92,212,235,100.0,CTR-132,8,74,1.0349,0.6192,PLAIN,2025,19836456.11,95.68
MPLADS-4377,Uttarakhand,LOK_SABHA,Roads,41345930.23,35605711.73,291,268,100.0,CTR-060,10,67,1.0117,1.0,HILLY,2025,46949900.61,117.13
MPLADS-4378,Odisha,LOK_SABHA,Roads,35617565.14,36941948.4,293,153,52.66,CTR-149,13,81,0.9854,0.2993,PLAIN,2024,41296527.29,90.85
MPLADS-4379,Madhya Pradesh,LOK_SABHA,Sanitation,45817925.64,47724062.52,359,210,89.78,CTR-189,3,52,1.0821,0.005,PLAIN,2025,56116133.44,42.21
MPLADS-4380,Haryana,LOK_SABHA,Sports Infrastructure,14893532.58,15126276.29,135,194,100.0,CTR-102,3,9,1.1361,0.3181,PLAIN,2024,18735010.83,19.42
MPLADS-4381,Uttarakhand,LOK_SABHA,Electrification,7175033.93,6827353.33,170,55,42.98,CTR-161,15,18,1.3202,1.0,HILLY,2025,12111328.57,146.09
MPLADS-4382,Meghalaya,LOK_SABHA,Healthcare,7553494.91,7162317.15,453,89,0.0,CTR-071,12,85,1.1037,0.2343,HILLY,2025,10302676.53,112.08
MPLADS-4383,Mizoram,LOK_SABHA,Other Public Assets,18236766.44,15767123.12,266,257,100.0,CTR-119,3,49,1.1765,0.3145,HILLY,2024,24226756.16,67.44
MPLADS-4384,Puducherry,RAJYA_SABHA,Sanitation,44555465.21,42608214.14,505,506,100.0,CTR-090,13,47,1.0653,0.1163,PLAIN,2024,50229497.44,99.87
MPLADS-4385,Chhattisgarh,LOK_SABHA,Sports Infrastructure,29788152.69,26781155.82,350,107,14.3,CTR-018,2,59,0.9903,0.4935,DESERT,2024,31801108.57,65.69
MPLADS-4386,Chhattisgarh,LOK_SABHA,Electrification,48782203.64,49146998.14,527,491,83.07,CTR-071,12,61,1.2025,0.3817,PLAIN,2025,69780749.05,68.21
MPLADS-4387,Himachal Pradesh,LOK_SABHA,Other Public Assets,20513880.29,20020798.43,145,129,97.25,CTR-178,2,45,1.2292,0.1215,PLAIN,2025,27647908.53,21.83
MPLADS-4388,Ladakh,LOK_SABHA,Education,9523990.82,9116917.73,447,574,89.16,CTR-141,15,14,1.262,0.805,HILLY,2024,15531573.14,117.53
MPLADS-4389,West Bengal,RAJYA_SABHA,Community Halls,16482301.37,15938758.36,371,208,65.35,CTR-051,12,66,1.1108,0.6301,COASTAL,2023,21416414.51,104.65
MPLADS-4390,Rajasthan,RAJYA_SABHA,Bridges,37507170.39,32674986.26,178,166,91.65,CTR-129,9,26,1.267,0.8185,HILLY,2025,56263479.44,130.4
MPLADS-4391,Bihar,LOK_SABHA,Drinking Water,10600247.6,11031780.43,338,63,40.61,CTR-106,12,74,1.3458,0.3136,HILLY,2025,19976087.2,104.84
MPLADS-4392,West Bengal,LOK_SABHA,Roads,24953192.32,21832912.6,398,425,100.0,CTR-114,7,66,0.9703,0.7578,DESERT,2024,26002398.83,67.81
MPLADS-4393,Assam,LOK_SABHA,Other Public Assets,20255870.64,20276963.19,365,77,5.08,CTR-175,11,93,1.0356,0.5343,PLAIN,2025,22829608.47,116.3
MPLADS-4394,Himachal Pradesh,RAJYA_SABHA,Sports Infrastructure,24232601.69,23377904.03,104,91,86.47,CTR-145,15,44,1.1546,0.4132,PLAIN,2024,31083525.1,104.68
MPLADS-4395,Puducherry,LOK_SABHA,Electrification,18178149.05,16082998.49,123,73,74.01,CTR-092,12,0,1.0969,0.3618,PLAIN,2025,20367452.2,71.85
MPLADS-4396,Ladakh,LOK_SABHA,Drinking Water,42931719.17,44736031.94,208,167,72.02,CTR-024,14,10,1.2636,0.2556,DESERT,2024,71265772.42,76.2
MPLADS-4397,Punjab,LOK_SABHA,Sports Infrastructure,2477210.2,2283478.69,354,162,58.97,CTR-192,10,43,1.3221,0.0458,PLAIN,2023,3546548.42,46.85
MPLADS-4398,Meghalaya,RAJYA_SABHA,Sanitation,37355207.97,36265106.47,183,149,100.0,CTR-200,15,0,1.3134,0.5414,HILLY,2023,63656601.4,125.17
MPLADS-4399,Andaman and Nicobar Islands,LOK_SABHA,Healthcare,16739588.55,16130983.16,224,216,100.0,CTR-004,7,24,1.0162,0.1539,PLAIN,2024,17672314.88,47.38
MPLADS-4400,Jharkhand,LOK_SABHA,Healthcare,45958701.25,45666529.48,319,234,59.36,CTR-107,12,65,1.2875,0.3646,COASTAL,2025,76619525.95,120.76
MPLADS-4401,Puducherry,LOK_SABHA,Bridges,33983516.0,28638755.58,430,270,74.79,CTR-199,5,52,1.249,0.9506,HILLY,2024,47638078.12,92.04
MPLADS-4402,Rajasthan,LOK_SABHA,Bridges,14730871.25,14197903.26,461,521,100.0,CTR-012,15,37,1.0147,0.068,PLAIN,2025,15603915.29,75.99
MPLADS-4403,Madhya Pradesh,LOK_SABHA,Community Halls,7507117.53,7563891.64,434,587,99.64,CTR-012,15,52,1.0551,0.9808,HILLY,2024,11072003.09,159.59
MPLADS-4404,Mizoram,LOK_SABHA,Healthcare,29472671.91,30248887.12,104,98,68.94,CTR-197,5,26,0.9678,0.2519,HILLY,2025,36336302.02,82.13
MPLADS-4405,Rajasthan,LOK_SABHA,Healthcare,31906832.43,29882948.61,510,264,65.51,CTR-066,5,35,1.3426,1.0,DESERT,2025,53701672.52,99.52
MPLADS-4406,Chhattisgarh,LOK_SABHA,Sanitation,6557601.87,5412574.83,172,231,100.0,CTR-039,4,54,1.307,0.6612,PLAIN,2023,8486612.88,69.85
MPLADS-4407,Lakshadweep,RAJYA_SABHA,Electrification,20615813.39,20226704.77,290,171,55.88,CTR-187,2,27,1.2802,0.4924,COASTAL,2025,31310571.51,41.07
MPLADS-4408,Bihar,RAJYA_SABHA,Community Halls,23888794.51,21480882.88,300,13,0.0,CTR-169,5,65,1.199,0.5128,PLAIN,2025,30060821.91,65.39
MPLADS-4409,Delhi,RAJYA_SABHA,Sports Infrastructure,15307199.45,14031401.93,325,476,85.61,CTR-163,6,27,1.2741,0.6882,HILLY,2024,23300288.78,77.92
MPLADS-4410,Jharkhand,RAJYA_SABHA,Healthcare,18180558.22,15282886.6,290,362,100.0,CTR-190,4,52,1.0205,0.2873,HILLY,2025,19955445.48,86.88
MPLADS-4411,Sikkim,LOK_SABHA,Community Halls,28586865.0,28652257.33,202,11,0.0,CTR-072,3,11,1.027,1.0,HILLY,2024,36757475.98,60.01
MPLADS-4412,Himachal Pradesh,LOK_SABHA,Bridges,44147123.66,39172071.59,461,117,21.27,CTR-167,5,57,1.1538,1.0,HILLY,2023,61313842.85,108.82
MPLADS-4413,Maharashtra,LOK_SABHA,Community Halls,45066986.37,43756136.42,507,760,100.0,CTR-094,6,79,1.1893,0.5412,PLAIN,2025,59152791.9,97.69
MPLADS-4414,Maharashtra,LOK_SABHA,Other Public Assets,3119762.18,3076609.5,330,427,100.0,CTR-127,1,75,1.2882,0.2928,COASTAL,2023,4535990.2,74.24
MPLADS-4415,Mizoram,LOK_SABHA,Electrification,23828371.14,19191397.33,485,647,49.15,CTR-182,2,52,1.0047,0.5763,HILLY,2025,24913874.28,99.42
MPLADS-4416,Assam,LOK_SABHA,Community Halls,33689870.85,32069136.64,456,215,34.61,CTR-169,5,91,1.2686,0.1771,PLAIN,2024,46822727.65,101.1
MPLADS-4417,Assam,RAJYA_SABHA,Electrification,48258167.5,43268700.41,263,351,100.0,CTR-124,7,22,1.1448,0.9139,PLAIN,2025,55916623.94,74.39
MPLADS-4418,Jammu and Kashmir,LOK_SABHA,Electrification,32559303.34,33351651.99,503,143,38.06,CTR-055,7,38,1.0311,0.6187,HILLY,2024,44238805.43,90.3
MPLADS-4419,Andhra Pradesh,RAJYA_SABHA,Community Halls,33898483.81,34392064.47,94,63,70.47,CTR-083,2,0,1.115,0.5466,PLAIN,2025,41967811.06,32.79
MPLADS-4420,Rajasthan,RAJYA_SABHA,Roads,36945342.76,38417828.73,258,360,100.0,CTR-130,10,26,1.0108,0.3532,DESERT,2023,46163361.52,57.63
MPLADS-4421,Tamil Nadu,LOK_SABHA,Roads,28983097.78,25739859.03,503,477,88.62,CTR-108,10,42,1.3133,0.4088,DESERT,2024,42587041.27,104.58
MPLADS-4422,Himachal Pradesh,LOK_SABHA,Healthcare,10843918.88,9244801.94,191,229,100.0,CTR-198,1,42,1.0191,0.2327,DESERT,2025,11066195.29,64.56
MPLADS-4423,Chandigarh,RAJYA_SABHA,Drinking Water,18392881.54,15287094.4,162,46,33.11,CTR-130,10,37,1.0711,0.7367,PLAIN,2024,18693192.11,56.63
MPLADS-4424,Jammu and Kashmir,RAJYA_SABHA,Drinking Water,23369672.17,22331942.25,537,639,80.51,CTR-052,3,36,1.3461,0.8181,HILLY,2023,39944312.26,116.24
MPLADS-4425,Sikkim,LOK_SABHA,Bridges,26062420.75,23401618.24,205,23,4.32,CTR-137,9,21,1.2819,0.6953,DESERT,2024,40166172.14,64.68
MPLADS-4426,Madhya Pradesh,LOK_SABHA,Healthcare,40693941.17,33581506.17,409,57,7.65,CTR-035,14,53,1.1735,0.6164,PLAIN,2025,47313361.29,104.35
MPLADS-4427,Tripura,LOK_SABHA,Other Public Assets,14460931.33,14199888.48,121,124,99.03,CTR-067,14,11,1.105,0.5423,PLAIN,2025,17922444.75,60.85
MPLADS-4428,Mizoram,LOK_SABHA,Drinking Water,32415345.22,33201912.39,305,143,43.37,CTR-030,7,49,1.3078,1.0,HILLY,2024,59025727.18,81.75
MPLADS-4429,Jharkhand,RAJYA_SABHA,Healthcare,30563836.59,27539464.41,440,45,18.56,CTR-056,0,63,1.0329,0.2649,HILLY,2024,35444081.7,60.08
MPLADS-4430,Sikkim,LOK_SABHA,Roads,9885711.27,8331625.44,235,16,7.23,CTR-172,1,39,0.9781,0.6433,HILLY,2025,10445337.52,65.07
MPLADS-4431,Chandigarh,RAJYA_SABHA,Community Halls,24938826.12,24358952.89,351,315,91.69,CTR-100,2,52,1.2544,0.9215,PLAIN,2023,35541298.11,44.35
MPLADS-4432,Jammu and Kashmir,LOK_SABHA,Sanitation,43252139.92,36570735.89,458,446,93.96,CTR-085,10,39,1.0867,1.0,HILLY,2024,52415626.04,115.27
MPLADS-4433,Sikkim,LOK_SABHA,Education,11117388.35,10609189.73,115,155,96.1,CTR-180,8,13,1.2052,1.0,HILLY,2023,17273043.79,75.43
MPLADS-4434,Rajasthan,LOK_SABHA,Sanitation,38609338.11,31502831.63,274,338,93.1,CTR-143,4,32,1.0143,0.2425,DESERT,2025,36363207.99,59.4
MPLADS-4435,Sikkim,LOK_SABHA,Healthcare,35532896.77,30328091.41,369,175,68.91,CTR-130,10,50,1.155,0.4277,HILLY,2023,45426161.63,92.92
MPLADS-4436,Haryana,LOK_SABHA,Healthcare,15706400.68,14031820.79,295,168,44.44,CTR-017,8,16,1.247,0.5432,HILLY,2025,23121039.85,109.53
MPLADS-4437,Andaman and Nicobar Islands,LOK_SABHA,Community Halls,48215517.8,45083464.63,164,244,77.41,CTR-006,13,34,1.3334,0.2252,HILLY,2024,80852697.93,113.37
MPLADS-4438,Puducherry,LOK_SABHA,Sports Infrastructure,36139789.08,33189568.78,443,45,2.98,CTR-104,0,53,0.9712,0.907,HILLY,2024,40286680.44,83.48
MPLADS-4439,Assam,LOK_SABHA,Drinking Water,22939613.22,19732677.32,182,261,90.72,CTR-173,12,88,1.1182,0.0311,PLAIN,2024,25066790.37,83.94
MPLADS-4440,Puducherry,LOK_SABHA,Drinking Water,41104677.3,37868237.24,219,48,18.68,CTR-170,0,52,1.2992,0.7917,PLAIN,2024,58285057.24,46.52
MPLADS-4441,Haryana,RAJYA_SABHA,Education,13478636.8,12451099.54,178,141,80.26,CTR-044,5,18,1.1188,0.2187,HILLY,2025,18026834.42,59.45
MPLADS-4442,Assam,LOK_SABHA,Education,36242877.43,36247713.44,257,373,100.0,CTR-193,9,67,1.2136,0.8805,COASTAL,2025,55142623.85,111.93
MPLADS-4443,Tamil Nadu,LOK_SABHA,Other Public Assets,33905865.24,29113339.1,246,369,81.26,CTR-195,15,12,0.9789,0.2426,COASTAL,2025,32930225.78,85.66
MPLADS-4444,Madhya Pradesh,LOK_SABHA,Education,33025431.72,29494303.86,477,102,28.21,CTR-084,13,58,1.1628,1.0,DESERT,2023,44580131.65,85.53
MPLADS-4445,Ladakh,LOK_SABHA,Education,22122473.42,21999718.32,402,48,0.04,CTR-161,15,16,1.0491,0.9578,HILLY,2025,30007380.32,129.98
MPLADS-4446,Meghalaya,LOK_SABHA,Drinking Water,47948926.19,40518318.6,322,9,0.0,CTR-096,4,97,0.9541,0.4673,DESERT,2025,45309180.19,72.32
MPLADS-4447,Goa,RAJYA_SABHA,Community Halls,1618468.78,1571411.14,117,27,13.73,CTR-179,14,0,1.1718,0.7917,PLAIN,2025,2210735.34,61.18
MPLADS-4448,Punjab,LOK_SABHA,Drinking Water,7516580.1,6572130.11,305,295,100.0,CTR-061,14,44,1.0441,0.488,PLAIN,2023,7987268.61,120.74
MPLADS-4449,Karnataka,RAJYA_SABHA,Education,31826700.96,32048897.45,205,2,2.59,CTR-151,13,0,1.1127,0.1869,COASTAL,2025,42826717.62,55.77
MPLADS-4450,Odisha,LOK_SABHA,Education,22618449.94,22235637.94,470,162,0.0,CTR-131,9,75,1.0111,0.3002,PLAIN,2023,26005294.87,96.27
MPLADS-4451,Delhi,LOK_SABHA,Community Halls,17363672.39,14630943.37,493,305,72.09,CTR-100,2,40,1.2274,0.3969,PLAIN,2024,21309531.27,48.59
MPLADS-4452,Jammu and Kashmir,LOK_SABHA,Roads,11581340.34,10969766.97,296,32,22.06,CTR-164,6,35,1.3169,1.0,HILLY,2024,19383159.16,73.2
MPLADS-4453,Tripura,LOK_SABHA,Sports Infrastructure,23987906.4,23019569.91,417,190,43.61,CTR-142,3,50,1.0523,0.7,PLAIN,2023,28143868.96,68.38
MPLADS-4454,Telangana,LOK_SABHA,Healthcare,18613779.99,16322223.01,279,199,52.94,CTR-160,12,52,1.2069,0.2859,PLAIN,2025,22422575.21,90.69
MPLADS-4455,Odisha,RAJYA_SABHA,Electrification,32247192.33,28792438.64,399,199,28.65,CTR-110,11,68,1.3026,0.3452,HILLY,2024,50598180.57,147.85
MPLADS-4456,Haryana,LOK_SABHA,Roads,32636599.26,33115539.45,253,196,95.41,CTR-197,5,39,1.0306,0.8133,HILLY,2023,43529445.46,107.28
MPLADS-4457,Sikkim,LOK_SABHA,Healthcare,6935224.74,7095390.47,143,108,84.23,CTR-175,11,55,1.2366,0.7929,HILLY,2023,11714780.93,111.54
MPLADS-4458,Delhi,LOK_SABHA,Electrification,42156846.54,44210614.03,474,575,100.0,CTR-157,2,38,1.1264,0.3325,HILLY,2024,61826396.08,70.34
MPLADS-4459,Andaman and Nicobar Islands,RAJYA_SABHA,Other Public Assets,42440592.07,39055112.01,529,690,64.33,CTR-126,9,47,1.0359,0.7476,PLAIN,2025,44885670.65,109.44
MPLADS-4460,Telangana,RAJYA_SABHA,Roads,9407023.91,7835447.53,429,593,85.15,CTR-177,11,49,1.0873,0.8668,HILLY,2025,11196708.64,110.23
MPLADS-4461,Tripura,LOK_SABHA,Bridges,7161211.35,6430266.76,304,96,23.83,CTR-035,14,37,1.1603,0.6546,PLAIN,2024,9105096.38,111.59
MPLADS-4462,Uttar Pradesh,RAJYA_SABHA,Other Public Assets,29810263.6,27520016.3,223,288,100.0,CTR-142,3,47,1.2534,0.6963,HILLY,2024,45351977.79,103.23
MPLADS-4463,Puducherry,RAJYA_SABHA,Bridges,4088441.01,4120950.84,315,238,94.45,CTR-119,3,47,1.0275,0.7432,HILLY,2023,5214337.43,102.32
MPLADS-4464,Manipur,RAJYA_SABHA,Roads,32430372.87,27783713.15,439,297,59.45,CTR-160,12,46,1.1359,0.9006,HILLY,2025,42910887.19,141.97
MPLADS-4465,Sikkim,LOK_SABHA,Drinking Water,17253464.61,17901781.85,144,55,42.47,CTR-073,7,12,1.2695,1.0,HILLY,2025,31590017.26,73.92
MPLADS-4466,Haryana,RAJYA_SABHA,Sports Infrastructure,30318102.58,30412098.75,98,49,70.01,CTR-080,10,0,1.1177,1.0,DESERT,2025,45045616.63,81.78
MPLADS-4467,Delhi,RAJYA_SABHA,Sanitation,38132269.69,36840491.22,303,172,74.55,CTR-093,13,39,1.0231,0.0368,PLAIN,2024,41559372.46,62.74
MPLADS-4468,Himachal Pradesh,LOK_SABHA,Healthcare,11180590.57,9346480.88,360,74,40.21,CTR-035,14,58,1.1001,0.4428,HILLY,2023,13606337.88,122.59
MPLADS-4469,Punjab,RAJYA_SABHA,Sports Infrastructure,37345584.24,30476475.42,195,144,55.45,CTR-031,7,46,1.2565,0.1469,PLAIN,2024,44138924.06,67.54
MPLADS-4470,Uttar Pradesh,LOK_SABHA,Education,13725265.94,11861822.99,332,173,33.13,CTR-142,3,59,1.1805,0.4397,COASTAL,2023,16925394.03,82.78
MPLADS-4471,Nagaland,LOK_SABHA,Drinking Water,7427887.64,6570124.95,401,156,48.01,CTR-146,13,49,1.2112,0.6623,HILLY,2024,10448434.87,117.06
MPLADS-4472,Andaman and Nicobar Islands,LOK_SABHA,Education,14855804.6,12267008.55,183,230,100.0,CTR-157,2,49,1.1102,0.0955,COASTAL,2023,15830370.43,43.46
MPLADS-4473,Telangana,LOK_SABHA,Education,10928938.97,9803689.23,326,456,97.98,CTR-084,13,50,1.012,0.2436,PLAIN,2024,11342894.93,94.7
MPLADS-4474,Tripura,LOK_SABHA,Community Halls,3433551.28,3527867.42,405,250,33.32,CTR-042,12,51,1.2711,0.7896,HILLY,2025,6316233.5,113.47
MPLADS-4475,Kerala,LOK_SABHA,Other Public Assets,18631319.83,14966544.53,283,266,90.31,CTR-031,7,84,1.2668,0.3409,PLAIN,2023,22483949.38,46.21
MPLADS-4476,Jharkhand,LOK_SABHA,Education,4202427.64,3520035.55,512,401,89.25,CTR-122,10,61,1.1724,0.6993,PLAIN,2023,5082808.07,94.17
MPLADS-4477,Uttarakhand,LOK_SABHA,Sanitation,18891033.03,19140389.87,384,266,64.24,CTR-122,10,66,1.0955,0.9984,DESERT,2025,27238863.47,130.59
MPLADS-4478,Goa,RAJYA_SABHA,Sports Infrastructure,49199011.95,44809397.19,353,400,77.88,CTR-056,0,87,1.1106,0.1107,COASTAL,2025,58894585.62,65.8
MPLADS-4479,Andaman and Nicobar Islands,LOK_SABHA,Roads,36877678.14,33405213.23,254,67,16.96,CTR-116,9,52,1.0641,0.9701,COASTAL,2023,43284997.26,89.75
MPLADS-4480,Lakshadweep,RAJYA_SABHA,Community Halls,26167459.04,26284550.48,204,271,90.49,CTR-167,5,23,1.2075,0.714,COASTAL,2024,37864620.9,75.23
MPLADS-4481,West Bengal,LOK_SABHA,Education,16049996.27,14881010.15,526,100,30.25,CTR-139,5,68,1.212,0.6604,PLAIN,2025,21552909.17,63.62
MPLADS-4482,Himachal Pradesh,LOK_SABHA,Sports Infrastructure,22726468.12,19695010.35,137,126,94.37,CTR-080,10,0,1.3412,0.6166,DESERT,2024,34416734.11,59.7
MPLADS-4483,Kerala,RAJYA_SABHA,Drinking Water,5532079.07,5649260.74,376,541,76.66,CTR-097,3,84,1.004,0.0767,COASTAL,2023,6556994.04,66.06
MPLADS-4484,Chandigarh,LOK_SABHA,Drinking Water,18112840.46,19001292.76,486,624,94.11,CTR-040,10,45,1.0908,0.3298,PLAIN,2025,22976900.45,97.82
MPLADS-4485,Ladakh,LOK_SABHA,Education,33393096.3,33185614.48,356,467,100.0,CTR-059,11,14,1.2992,0.9606,DESERT,2025,57294289.32,66.46
MPLADS-4486,Arunachal Pradesh,RAJYA_SABHA,Bridges,18283681.54,16633443.36,270,345,100.0,CTR-096,4,50,1.3344,0.9341,PLAIN,2023,26963797.86,50.44
MPLADS-4487,Arunachal Pradesh,LOK_SABHA,Other Public Assets,25810817.51,25317938.64,352,21,3.0,CTR-173,12,47,1.1736,0.5596,HILLY,2024,38844068.71,92.34
MPLADS-4488,Telangana,RAJYA_SABHA,Electrification,43844509.11,45463558.88,515,226,33.93,CTR-173,12,53,0.9913,0.9165,HILLY,2024,59862703.21,140.71
MPLADS-4489,Andhra Pradesh,LOK_SABHA,Sports Infrastructure,16529679.96,15109459.11,96,29,25.15,CTR-171,1,52,0.9825,0.4711,COASTAL,2024,17066816.78,48.34
MPLADS-4490,Mizoram,RAJYA_SABHA,Healthcare,11796302.28,12126852.31,359,443,100.0,CTR-082,6,45,1.0382,0.6296,HILLY,2025,15662656.01,111.29
MPLADS-4491,Uttar Pradesh,LOK_SABHA,Community Halls,3548163.32,3242645.23,127,110,68.91,CTR-130,10,28,1.1547,0.2208,PLAIN,2024,4292440.49,81.24
MPLADS-4492,Punjab,LOK_SABHA,Sanitation,14325457.46,12718964.51,143,41,9.73,CTR-158,8,45,1.0034,0.6701,DESERT,2025,15398034.99,104.79
MPLADS-4493,Goa,LOK_SABHA,Healthcare,34762482.72,35450190.25,505,345,60.06,CTR-151,13,88,1.1163,0.7528,COASTAL,2024,51271626.53,110.4
MPLADS-4494,Kerala,RAJYA_SABHA,Education,38281609.68,31670277.17,241,273,100.0,CTR-011,8,26,0.9863,0.1574,COASTAL,2025,32884369.13,53.46
MPLADS-4495,Dadra and Nagar Haveli and Daman and Diu,RAJYA_SABHA,Sanitation,44211241.73,36095151.55,359,505,100.0,CTR-056,0,45,1.1264,0.8902,DESERT,2023,50773096.6,72.85
MPLADS-4496,Uttar Pradesh,LOK_SABHA,Education,15886962.07,14886952.35,397,77,7.3,CTR-099,10,57,1.2477,1.0,HILLY,2024,25633853.15,95.01
MPLADS-4497,Delhi,RAJYA_SABHA,Sanitation,35288274.72,31266558.88,393,336,100.0,CTR-040,10,36,1.3386,0.3865,HILLY,2024,55508145.34,81.36
MPLADS-4498,Haryana,RAJYA_SABHA,Community Halls,23186984.56,23568566.9,241,231,92.21,CTR-057,8,19,1.087,0.5268,COASTAL,2024,29575143.17,43.93
MPLADS-4499,Himachal Pradesh,RAJYA_SABHA,Bridges,12618646.76,11612528.24,155,83,62.08,CTR-118,2,0,0.9552,0.4115,HILLY,2023,13714038.91,35.99
MPLADS-4500,Haryana,LOK_SABHA,Other Public Assets,37699865.5,38100880.88,315,144,26.29,CTR-052,3,37,1.0588,0.1658,COASTAL,2023,47697914.64,72.29
MPLADS-4501,Madhya Pradesh,RAJYA_SABHA,Education,17219781.63,17088606.87,274,2,1.48,CTR-064,15,55,1.3216,0.2782,DESERT,2023,28832049.8,113.95
MPLADS-4502,Gujarat,LOK_SABHA,Electrification,42464699.95,35480084.82,320,64,18.07,CTR-155,6,50,0.9602,0.3583,PLAIN,2023,36076149.55,61.9
MPLADS-4503,Jammu and Kashmir,LOK_SABHA,Electrification,5279041.31,5056009.51,296,53,18.1,CTR-138,0,17,1.2024,0.8476,HILLY,2024,7988811.21,71.35
MPLADS-4504,Haryana,LOK_SABHA,Other Public Assets,17761615.27,14406666.08,431,89,37.69,CTR-006,13,40,0.9609,1.0,HILLY,2023,18577256.86,115.98
MPLADS-4505,Maharashtra,LOK_SABHA,Education,41551898.61,42083949.92,341,327,98.2,CTR-069,1,79,1.3206,0.2545,COASTAL,2023,67551638.09,53.49
MPLADS-4506,Karnataka,LOK_SABHA,Drinking Water,30099266.86,29799018.05,216,237,95.03,CTR-173,12,74,1.1367,0.8323,HILLY,2023,47124084.77,108.8
MPLADS-4507,Chandigarh,LOK_SABHA,Sanitation,10757740.86,9200528.06,148,147,95.77,CTR-129,9,0,1.2936,0.6129,HILLY,2023,16096352.72,79.38
MPLADS-4508,Odisha,RAJYA_SABHA,Healthcare,2096462.23,1738769.59,227,316,100.0,CTR-103,12,19,0.9721,0.7811,COASTAL,2024,1948652.02,81.8
MPLADS-4509,Chandigarh,RAJYA_SABHA,Bridges,36235715.54,32457829.1,102,137,100.0,CTR-116,9,12,1.0619,0.1135,PLAIN,2025,37418355.23,38.25
MPLADS-4510,Rajasthan,LOK_SABHA,Sanitation,38429069.72,32800009.77,235,282,100.0,CTR-031,7,20,1.0922,0.1074,PLAIN,2024,38955573.43,44.71
MPLADS-4511,Goa,LOK_SABHA,Other Public Assets,9105782.14,8405379.03,380,258,89.47,CTR-007,1,86,0.9917,0.179,COASTAL,2023,9290626.74,61.78
MPLADS-4512,Madhya Pradesh,LOK_SABHA,Other Public Assets,49256245.09,49550843.82,310,170,59.36,CTR-113,8,36,1.2145,0.7853,PLAIN,2023,70938979.95,89.45
MPLADS-4513,Rajasthan,RAJYA_SABHA,Drinking Water,35966993.28,32939848.32,364,415,97.35,CTR-141,15,32,1.1987,0.2083,DESERT,2023,48329894.11,92.57
MPLADS-4514,Bihar,RAJYA_SABHA,Sanitation,27726003.05,28569827.59,449,8,39.88,CTR-200,15,75,1.064,0.7754,DESERT,2025,37951717.31,154.06
MPLADS-4515,Tripura,LOK_SABHA,Community Halls,13064102.73,11280882.16,419,210,42.99,CTR-162,10,47,0.9946,0.4968,HILLY,2024,14009074.72,94.43
MPLADS-4516,Chhattisgarh,RAJYA_SABHA,Electrification,42258536.46,37066739.86,105,81,76.28,CTR-143,4,15,1.0838,0.1425,PLAIN,2025,41923649.3,29.45
MPLADS-4517,Punjab,LOK_SABHA,Bridges,11362108.26,11327870.1,246,222,100.0,CTR-023,2,33,1.0746,0.2189,PLAIN,2023,13164432.64,19.79
MPLADS-4518,Maharashtra,LOK_SABHA,Sanitation,19555252.18,17046122.95,146,13,17.8,CTR-027,6,0,1.1189,0.6427,PLAIN,2024,22186362.54,35.54
MPLADS-4519,Uttar Pradesh,LOK_SABHA,Sports Infrastructure,40794160.97,34919752.18,351,13,5.22,CTR-086,11,57,1.1775,0.3134,DESERT,2024,50782797.25,100.55
MPLADS-4520,Ladakh,LOK_SABHA,Drinking Water,31086605.84,31247115.51,363,189,34.32,CTR-016,12,14,1.0278,1.0,DESERT,2023,41106895.42,115.27
MPLADS-4521,Karnataka,LOK_SABHA,Bridges,43084209.23,38328618.52,150,164,99.53,CTR-070,7,54,1.0538,0.6365,HILLY,2024,52697983.59,108.45
MPLADS-4522,Uttarakhand,RAJYA_SABHA,Other Public Assets,25056784.67,21326681.77,298,132,56.05,CTR-065,6,28,1.0024,0.8567,HILLY,2025,27315286.53,76.23
MPLADS-4523,Puducherry,LOK_SABHA,Electrification,758836.86,722599.71,302,216,76.02,CTR-072,3,37,1.3464,0.5879,PLAIN,2024,1141460.58,34.21
MPLADS-4524,Jharkhand,RAJYA_SABHA,Drinking Water,35842355.79,36165000.66,276,337,100.0,CTR-095,14,70,1.1777,0.9499,PLAIN,2025,52758731.14,128.91
MPLADS-4525,Jharkhand,LOK_SABHA,Bridges,36245115.8,36252684.8,285,193,52.25,CTR-166,13,68,1.094,0.0258,PLAIN,2025,44079807.83,90.67
MPLADS-4526,Jammu and Kashmir,LOK_SABHA,Electrification,28970593.59,28040633.79,185,31,7.7,CTR-185,7,29,1.0882,1.0,HILLY,2024,40133411.81,114.19
MPLADS-4527,Jammu and Kashmir,LOK_SABHA,Electrification,21446309.66,19270772.82,519,47,16.22,CTR-010,1,40,0.9715,0.7554,PLAIN,2025,19622320.42,60.94
MPLADS-4528,Uttar Pradesh,LOK_SABHA,Bridges,12410634.06,10424632.53,116,86,65.98,CTR-177,11,0,0.9616,0.0284,PLAIN,2024,10858961.92,36.27
MPLADS-4529,Goa,RAJYA_SABHA,Other Public Assets,8144511.3,8222858.67,266,76,48.69,CTR-164,6,82,0.9654,0.3431,HILLY,2024,10169774.25,93.72
MPLADS-4530,West Bengal,LOK_SABHA,Education,35961302.98,29180904.43,408,90,18.07,CTR-175,11,69,0.9645,0.1719,PLAIN,2024,30191957.28,95.92
MPLADS-4531,Assam,LOK_SABHA,Electrification,23086199.99,23311270.38,363,433,86.53,CTR-061,14,93,1.0077,0.4135,HILLY,2023,30548660.32,125.15
MPLADS-4532,Ladakh,RAJYA_SABHA,Drinking Water,36068889.12,36233089.11,100,62,74.92,CTR-156,10,0,0.9688,0.5664,HILLY,2025,43376374.61,100.56
MPLADS-4533,Sikkim,LOK_SABHA,Community Halls,29741002.62,29838490.11,102,61,74.1,CTR-142,3,47,1.2706,0.2014,HILLY,2023,50150517.38,85.18
MPLADS-4534,Assam,LOK_SABHA,Bridges,17581929.69,14530156.49,526,291,51.49,CTR-148,3,86,1.3218,0.193,PLAIN,2024,22543309.07,86.04
MPLADS-4535,Telangana,RAJYA_SABHA,Drinking Water,12125375.74,10136739.73,500,473,100.0,CTR-030,7,51,1.0093,0.6301,PLAIN,2025,11062386.59,82.09
MPLADS-4536,Chhattisgarh,RAJYA_SABHA,Education,38492259.07,39304089.78,446,648,100.0,CTR-109,7,62,1.2435,0.4691,PLAIN,2024,57650283.8,60.86
MPLADS-4537,Gujarat,RAJYA_SABHA,Drinking Water,32182352.33,31789902.66,238,177,77.34,CTR-087,1,54,1.2199,0.5317,PLAIN,2023,45035414.78,30.86
MPLADS-4538,Tamil Nadu,LOK_SABHA,Drinking Water,3874727.76,3972743.14,125,19,12.63,CTR-116,9,0,1.1973,0.1741,PLAIN,2025,5282198.19,18.24
MPLADS-4539,Andaman and Nicobar Islands,RAJYA_SABHA,Healthcare,27576968.58,22498081.45,454,53,0.74,CTR-083,2,54,1.1843,0.2487,COASTAL,2024,31811949.17,42.45
MPLADS-4540,Tripura,RAJYA_SABHA,Sports Infrastructure,42933858.2,34764146.55,313,317,100.0,CTR-186,7,37,1.2637,0.4994,PLAIN,2023,51936715.12,44.85
MPLADS-4541,Telangana,RAJYA_SABHA,Drinking Water,40261684.95,37258718.28,467,499,100.0,CTR-023,2,50,1.1347,0.3154,PLAIN,2025,47008433.82,41.37
MPLADS-4542,Mizoram,RAJYA_SABHA,Sports Infrastructure,27537574.24,22493487.54,105,54,50.8,CTR-091,6,14,1.0823,0.2276,HILLY,2024,30561533.32,57.86
MPLADS-4543,Tripura,LOK_SABHA,Sports Infrastructure,45039481.79,46919488.14,354,423,100.0,CTR-132,8,49,1.2014,0.4517,COASTAL,2025,67041669.41,88.86
MPLADS-4544,Karnataka,RAJYA_SABHA,Sanitation,37174380.34,33524986.23,166,25,20.31,CTR-115,8,73,0.9711,1.0,DESERT,2023,40671547.53,119.75
MPLADS-4545,Gujarat,RAJYA_SABHA,Sanitation,21970824.88,21582556.54,411,391,100.0,CTR-174,11,50,1.1217,0.4236,COASTAL,2024,29206220.19,81.83
MPLADS-4546,Chandigarh,LOK_SABHA,Other Public Assets,1870102.72,1831428.52,230,133,56.96,CTR-026,10,49,1.0666,0.5369,DESERT,2024,2417163.06,97.29
MPLADS-4547,Uttarakhand,RAJYA_SABHA,Roads,29845935.77,30243822.53,167,96,43.58,CTR-104,0,0,1.0693,0.8207,HILLY,2025,42222536.65,65.49
MPLADS-4548,Bihar,LOK_SABHA,Sports Infrastructure,36295484.23,31468599.83,394,532,91.44,CTR-061,14,70,1.08,0.4725,HILLY,2025,43395343.93,158.84
MPLADS-4549,Lakshadweep,LOK_SABHA,Sanitation,27742098.95,25749791.39,441,479,100.0,CTR-075,10,50,0.9827,0.1161,COASTAL,2023,28743237.86,81.91
MPLADS-4550,Andhra Pradesh,LOK_SABHA,Education,10889511.68,9087162.39,193,226,100.0,CTR-034,8,48,1.292,0.5568,COASTAL,2023,14790294.02,78.01
MPLADS-4551,Jharkhand,LOK_SABHA,Healthcare,28154580.76,24326481.46,220,289,100.0,CTR-117,0,68,1.3295,0.4156,PLAIN,2023,36958877.02,47.19
MPLADS-4552,Chhattisgarh,RAJYA_SABHA,Drinking Water,45621929.61,42304051.45,148,113,68.31,CTR-151,13,0,1.1941,0.4292,HILLY,2024,67065697.95,103.16
MPLADS-4553,Jammu and Kashmir,LOK_SABHA,Community Halls,11764647.59,12057948.23,302,88,64.84,CTR-165,6,34,1.1089,0.5248,HILLY,2024,16714962.66,65.5
MPLADS-4554,Maharashtra,RAJYA_SABHA,Roads,37610716.84,33504324.45,236,142,52.27,CTR-039,4,0,0.9836,0.2888,COASTAL,2025,37293858.69,37.38
MPLADS-4555,Madhya Pradesh,LOK_SABHA,Education,8556340.84,6952879.9,204,10,4.84,CTR-028,13,51,0.9602,0.9916,PLAIN,2025,7486299.34,61.92
MPLADS-4556,Delhi,RAJYA_SABHA,Education,25928949.61,26761291.25,468,461,99.33,CTR-140,6,41,1.0909,0.0646,COASTAL,2025,33983479.75,68.31
MPLADS-4557,Himachal Pradesh,RAJYA_SABHA,Sanitation,43821786.47,38569167.65,131,82,69.44,CTR-098,10,0,1.214,1.0,HILLY,2024,61318256.79,92.87
MPLADS-4558,Uttar Pradesh,LOK_SABHA,Healthcare,27651442.46,25050689.82,383,302,64.02,CTR-169,5,62,1.3203,1.0,DESERT,2024,43212202.59,105.9
MPLADS-4559,Chandigarh,RAJYA_SABHA,Electrification,41993139.18,34951389.57,503,459,85.92,CTR-031,7,50,0.9817,0.2967,DESERT,2025,41231734.53,64.42
MPLADS-4560,Ladakh,LOK_SABHA,Electrification,30015518.61,26701467.66,98,95,100.0,CTR-183,7,4,1.0328,0.9905,HILLY,2024,35117235.34,55.37
MPLADS-4561,Bihar,LOK_SABHA,Sanitation,2336322.58,2100694.35,290,39,0.0,CTR-128,12,70,1.1803,0.3758,COASTAL,2023,3102535.57,113.68
MPLADS-4562,Jammu and Kashmir,LOK_SABHA,Education,35746762.03,35021296.97,306,326,100.0,CTR-136,4,36,1.2279,0.3436,HILLY,2024,56098377.55,76.55
MPLADS-4563,Rajasthan,RAJYA_SABHA,Healthcare,29361349.23,27188864.94,166,90,32.57,CTR-140,6,22,1.1231,0.9628,PLAIN,2024,33614776.65,66.02
MPLADS-4564,Karnataka,RAJYA_SABHA,Community Halls,18090686.09,15646970.13,536,598,98.81,CTR-168,2,76,1.2267,0.6622,HILLY,2024,25203156.09,98.46
MPLADS-4565,Meghalaya,LOK_SABHA,Sports Infrastructure,27237497.05,26094124.68,435,367,84.56,CTR-093,13,94,1.2432,0.4271,HILLY,2025,44195255.94,113.92
MPLADS-4566,Meghalaya,RAJYA_SABHA,Sports Infrastructure,22323574.81,21024232.72,510,112,30.22,CTR-137,9,99,1.1267,0.2359,HILLY,2024,30270833.55,124.02
MPLADS-4567,Ladakh,RAJYA_SABHA,Sports Infrastructure,5853130.47,5171764.53,448,507,100.0,CTR-173,12,13,1.3466,0.9464,HILLY,2025,9415508.12,104.65
MPLADS-4568,Andhra Pradesh,LOK_SABHA,Sanitation,15012299.0,15571305.44,383,7,0.0,CTR-160,12,64,1.0672,0.8261,COASTAL,2025,20060546.22,109.92
MPLADS-4569,Madhya Pradesh,LOK_SABHA,Education,1585226.27,1442799.48,147,6,1.12,CTR-116,9,58,1.0149,0.0758,PLAIN,2025,1557667.99,68.09
MPLADS-4570,Uttar Pradesh,RAJYA_SABHA,Roads,7739746.08,7187681.22,459,179,25.43,CTR-116,9,63,1.1809,0.6826,HILLY,2024,10978701.91,109.78
MPLADS-4571,Rajasthan,LOK_SABHA,Electrification,29854756.29,26485583.5,228,195,87.96,CTR-063,5,26,1.1884,0.4557,DESERT,2024,39592020.35,74.84
MPLADS-4572,Uttarakhand,RAJYA_SABHA,Healthcare,11034642.24,9510542.63,172,208,97.54,CTR-041,2,65,1.3079,1.0,HILLY,2024,16759883.62,101.96
MPLADS-4573,Odisha,RAJYA_SABHA,Healthcare,47506157.63,38617947.22,206,123,35.62,CTR-097,3,70,1.1858,0.4264,COASTAL,2024,55239775.98,77.1
MPLADS-4574,Arunachal Pradesh,RAJYA_SABHA,Electrification,20310349.39,17516344.45,352,179,42.57,CTR-002,12,49,0.9836,0.9875,HILLY,2024,22247399.25,123.79
MPLADS-4575,Punjab,LOK_SABHA,Drinking Water,17377507.29,17561629.42,507,247,39.32,CTR-198,1,43,1.1255,0.1202,COASTAL,2025,22320395.41,38.62
MPLADS-4576,Ladakh,RAJYA_SABHA,Community Halls,23032874.73,22502279.84,306,123,38.63,CTR-035,14,11,1.1631,0.579,HILLY,2025,34849211.6,106.38
MPLADS-4577,Madhya Pradesh,RAJYA_SABHA,Sanitation,45443818.55,38696981.06,205,32,14.89,CTR-114,7,12,1.0213,0.2929,COASTAL,2023,44775605.27,60.82
MPLADS-4578,Andaman and Nicobar Islands,RAJYA_SABHA,Other Public Assets,43522870.85,37918459.93,487,456,81.35,CTR-021,8,47,1.1847,0.4856,COASTAL,2023,54851762.94,85.65
MPLADS-4579,Haryana,LOK_SABHA,Healthcare,17556674.38,15800608.26,253,351,92.09,CTR-030,7,20,1.3066,0.7728,PLAIN,2023,24545485.0,70.36
MPLADS-4580,Himachal Pradesh,LOK_SABHA,Bridges,6259255.32,5386707.8,320,249,71.28,CTR-093,13,53,1.0702,0.7806,PLAIN,2024,6683546.23,147.33
MPLADS-4581,Odisha,LOK_SABHA,Healthcare,24307840.58,19986588.65,224,18,22.82,CTR-067,14,79,1.0806,0.2434,HILLY,2024,28551060.94,163.49
MPLADS-4582,Chhattisgarh,LOK_SABHA,Healthcare,18370355.47,17582199.6,312,83,26.8,CTR-119,3,64,0.9689,0.3589,COASTAL,2025,19360810.64,73.93
MPLADS-4583,Bihar,RAJYA_SABHA,Education,20169007.07,19075323.34,297,332,100.0,CTR-029,8,40,1.036,1.0,DESERT,2025,25619578.92,122.72
MPLADS-4584,Haryana,LOK_SABHA,Bridges,35469326.38,33911674.96,511,342,60.12,CTR-010,1,37,1.1182,0.4645,PLAIN,2025,42085480.21,60.41
MPLADS-4585,Telangana,LOK_SABHA,Drinking Water,46078627.57,47520461.71,146,206,96.84,CTR-048,14,25,1.1201,0.4614,PLAIN,2024,61378758.13,58.71
MPLADS-4586,Andaman and Nicobar Islands,LOK_SABHA,Roads,2202345.62,2181229.73,248,208,92.44,CTR-075,10,23,1.145,0.2939,COASTAL,2025,2923371.67,67.66
MPLADS-4587,Puducherry,RAJYA_SABHA,Community Halls,45211714.17,44657238.63,314,457,100.0,CTR-112,12,50,1.3405,0.7951,PLAIN,2023,74938755.79,78.21
MPLADS-4588,Haryana,RAJYA_SABHA,Drinking Water,17211740.82,15238160.91,308,197,58.81,CTR-087,1,39,1.1554,0.1951,PLAIN,2023,18349832.94,27.12
MPLADS-4589,Manipur,RAJYA_SABHA,Sanitation,32422054.74,28266571.29,455,256,61.34,CTR-056,0,45,1.3323,0.8028,DESERT,2024,48362761.91,64.44
MPLADS-4590,Haryana,RAJYA_SABHA,Sanitation,10948708.86,10660097.99,363,178,33.64,CTR-082,6,39,1.1443,0.0062,COASTAL,2024,14629778.44,56.0
MPLADS-4591,Chandigarh,RAJYA_SABHA,Community Halls,42382423.15,43658406.92,176,227,100.0,CTR-196,1,11,1.0569,1.0,HILLY,2024,59667426.66,63.85
MPLADS-4592,Ladakh,LOK_SABHA,Community Halls,20567073.83,21202118.4,251,74,10.86,CTR-087,1,6,1.0124,0.6161,HILLY,2023,26622276.89,44.1
MPLADS-4593,Chhattisgarh,LOK_SABHA,Bridges,43591665.73,38299440.04,540,498,95.62,CTR-059,11,57,1.0429,0.0836,PLAIN,2025,42678457.93,80.6
MPLADS-4594,Uttar Pradesh,LOK_SABHA,Healthcare,28048531.18,26496649.43,159,201,100.0,CTR-069,1,34,1.0202,0.6284,PLAIN,2023,29278285.9,42.48
MPLADS-4595,Goa,LOK_SABHA,Sports Infrastructure,42162293.05,34682009.36,462,326,67.24,CTR-037,13,91,1.0826,1.0,HILLY,2025,51671462.83,136.45
MPLADS-4596,Odisha,RAJYA_SABHA,Community Halls,14579223.48,15088543.71,507,324,61.35,CTR-030,7,68,1.266,0.8202,PLAIN,2025,23077086.53,117.65
MPLADS-4597,Goa,LOK_SABHA,Bridges,47005101.96,45608302.97,453,627,100.0,CTR-119,3,91,1.2463,0.8821,HILLY,2024,77045144.93,130.06
MPLADS-4598,West Bengal,LOK_SABHA,Sanitation,1495799.08,1269870.24,506,61,28.85,CTR-007,1,71,1.2231,0.6964,PLAIN,2025,1821842.9,94.5
MPLADS-4599,Andaman and Nicobar Islands,LOK_SABHA,Sports Infrastructure,28666603.5,24874013.24,461,305,55.82,CTR-099,10,50,1.2146,0.0895,COASTAL,2023,37194228.54,73.19
MPLADS-4600,Karnataka,LOK_SABHA,Sanitation,42642147.44,39794623.04,322,173,50.97,CTR-087,1,74,1.155,0.8015,PLAIN,2024,52025908.78,90.54
MPLADS-4601,Chandigarh,LOK_SABHA,Healthcare,9852015.54,9305775.83,305,101,19.93,CTR-052,3,36,1.26,0.6646,COASTAL,2024,15190309.07,70.43
MPLADS-4602,Kerala,LOK_SABHA,Sports Infrastructure,19772554.96,16487610.56,380,277,100.0,CTR-157,2,85,1.1728,0.6915,COASTAL,2025,23627744.46,117.63
MPLADS-4603,Delhi,LOK_SABHA,Community Halls,41832494.88,43311968.71,144,81,28.4,CTR-131,9,18,1.1773,0.2649,PLAIN,2023,58062558.05,86.71
MPLADS-4604,Sikkim,RAJYA_SABHA,Electrification,26029988.77,25306371.23,95,133,81.39,CTR-065,6,0,0.9551,0.6091,HILLY,2023,29502018.89,86.25
MPLADS-4605,Punjab,RAJYA_SABHA,Other Public Assets,28357772.6,24237498.68,194,103,44.7,CTR-024,14,29,1.0161,0.6531,PLAIN,2025,28932727.78,89.03
MPLADS-4606,Mizoram,LOK_SABHA,Bridges,13011835.08,12168001.64,532,230,51.48,CTR-116,9,49,1.2505,0.7479,HILLY,2023,21132322.35,122.54
MPLADS-4607,Nagaland,RAJYA_SABHA,Bridges,5873432.3,5594856.84,107,93,72.08,CTR-010,1,36,1.0659,1.0,DESERT,2025,7367527.82,83.15
MPLADS-4608,Goa,RAJYA_SABHA,Sanitation,20110348.1,20910684.62,492,471,59.74,CTR-143,4,81,1.1997,0.0127,COASTAL,2025,29983188.16,54.78
MPLADS-4609,Ladakh,LOK_SABHA,Healthcare,18554211.16,16211799.05,388,294,69.6,CTR-067,14,14,1.0926,1.0,HILLY,2024,23373295.55,103.33
MPLADS-4610,Jharkhand,LOK_SABHA,Roads,27981922.45,25111277.3,254,20,12.79,CTR-063,5,62,1.1838,1.0,HILLY,2024,38582979.4,111.25
MPLADS-4611,Maharashtra,RAJYA_SABHA,Bridges,34306266.69,35425690.61,421,500,77.77,CTR-193,9,77,1.0442,0.9805,PLAIN,2025,42368611.26,132.67
MPLADS-4612,Kerala,RAJYA_SABHA,Community Halls,37407317.58,36523173.57,94,118,85.6,CTR-121,7,70,1.1851,0.4541,PLAIN,2024,49564434.25,73.82
MPLADS-4613,Jammu and Kashmir,RAJYA_SABHA,Healthcare,9582336.03,9429388.36,296,240,87.43,CTR-042,12,37,1.2927,1.0,HILLY,2023,16549954.88,128.43
MPLADS-4614,Punjab,LOK_SABHA,Education,23161414.8,22693402.76,522,427,71.63,CTR-193,9,45,1.1562,0.9433,PLAIN,2024,30337961.79,104.95
MPLADS-4615,Sikkim,LOK_SABHA,Healthcare,4749061.93,4903126.48,145,155,100.0,CTR-122,10,22,1.1772,0.4991,HILLY,2025,7497198.66,93.96
MPLADS-4616,Meghalaya,LOK_SABHA,Sports Infrastructure,31752451.11,30148306.3,131,8,0.3,CTR-150,0,24,1.0708,0.3834,PLAIN,2025,33971250.52,16.3
MPLADS-4617,Bihar,LOK_SABHA,Roads,31720946.08,28462220.77,507,348,100.0,CTR-150,0,66,0.9666,0.2768,PLAIN,2024,28048740.3,35.07
MPLADS-4618,Jammu and Kashmir,LOK_SABHA,Electrification,28734338.58,25296711.23,386,417,100.0,CTR-162,10,39,1.1484,0.887,PLAIN,2024,34054070.57,100.05
MPLADS-4619,Maharashtra,RAJYA_SABHA,Community Halls,27272701.33,22728192.5,267,299,100.0,CTR-055,7,37,1.0221,0.9595,COASTAL,2024,27828980.98,87.32
MPLADS-4620,Tamil Nadu,LOK_SABHA,Bridges,23494521.4,22210467.22,330,422,100.0,CTR-102,3,47,1.1726,0.8303,COASTAL,2024,31371791.32,65.54
MPLADS-4621,Goa,LOK_SABHA,Drinking Water,8952551.64,9216553.79,502,653,70.22,CTR-131,9,81,1.1884,0.5578,HILLY,2023,14502577.91,157.5
MPLADS-4622,Meghalaya,RAJYA_SABHA,Community Halls,13246925.35,12148576.65,463,60,30.48,CTR-160,12,98,1.3245,0.6026,HILLY,2024,22002662.89,139.12
MPLADS-4623,Odisha,LOK_SABHA,Other Public Assets,36441061.33,33476163.67,352,377,100.0,CTR-086,11,77,1.0666,0.6747,COASTAL,2024,43116288.63,147.88
MPLADS-4624,Nagaland,LOK_SABHA,Roads,2197754.11,2134441.15,266,149,59.48,CTR-103,12,39,1.1281,0.7475,HILLY,2023,3228642.8,121.78
MPLADS-4625,Mizoram,LOK_SABHA,Sanitation,21129567.83,17524508.23,264,291,84.12,CTR-020,7,26,1.1767,1.0,DESERT,2024,27093216.93,93.42
MPLADS-4626,Bihar,LOK_SABHA,Sports Infrastructure,31859058.69,26880000.87,492,330,91.03,CTR-062,11,64,1.2587,0.4029,COASTAL,2023,41520135.18,119.04
MPLADS-4627,Chandigarh,RAJYA_SABHA,Healthcare,3344129.01,3263393.87,241,243,87.69,CTR-178,2,12,0.9971,0.4539,HILLY,2024,3952487.83,76.27
MPLADS-4628,Kerala,LOK_SABHA,Healthcare,43265551.76,41657196.23,195,12,0.0,CTR-088,4,22,1.2353,0.9024,PLAIN,2024,60883436.68,56.06
MPLADS-4629,Tripura,LOK_SABHA,Electrification,43408125.16,40998455.31,469,401,100.0,CTR-077,5,48,1.2216,0.6139,PLAIN,2023,58420641.01,65.13
MPLADS-4630,Jammu and Kashmir,RAJYA_SABHA,Other Public Assets,30476934.0,24750619.76,438,113,11.11,CTR-139,5,36,1.1206,0.3256,DESERT,2023,34926110.48,84.07
MPLADS-4631,Ladakh,LOK_SABHA,Education,14389635.25,12649610.79,329,98,23.95,CTR-011,8,9,1.1311,0.2271,HILLY,2023,18595594.35,68.45
MPLADS-4632,Tamil Nadu,LOK_SABHA,Sanitation,16728699.34,14159635.15,516,519,100.0,CTR-200,15,48,0.9873,0.0671,COASTAL,2023,16205422.81,104.44
MPLADS-4633,Meghalaya,LOK_SABHA,Education,48519124.47,43579823.91,439,80,24.33,CTR-104,0,93,1.2974,0.9702,HILLY,2024,75701144.52,135.76
MPLADS-4634,Uttarakhand,LOK_SABHA,Healthcare,11076999.98,10716276.4,516,329,53.36,CTR-042,12,63,0.962,0.3953,HILLY,2025,13162721.95,93.85
MPLADS-4635,Jammu and Kashmir,LOK_SABHA,Roads,6745959.29,6227850.9,512,641,100.0,CTR-030,7,41,0.9973,1.0,HILLY,2025,8065602.34,102.95
MPLADS-4636,Uttar Pradesh,LOK_SABHA,Bridges,7661737.98,7494361.06,235,150,78.41,CTR-142,3,29,1.1816,0.3256,PLAIN,2023,9889850.85,42.04
MPLADS-4637,Karnataka,LOK_SABHA,Healthcare,40633334.18,42424875.54,451,140,24.69,CTR-012,15,75,1.3347,0.8092,PLAIN,2024,72721260.85,106.92
MPLADS-4638,Rajasthan,LOK_SABHA,Roads,14959418.58,15427210.79,383,421,100.0,CTR-200,15,35,1.0138,0.8138,PLAIN,2024,18068178.57,83.98
MPLADS-4639,Manipur,LOK_SABHA,Other Public Assets,35976882.44,33171244.04,337,55,4.05,CTR-195,15,46,1.2637,0.2083,PLAIN,2024,49194511.07,109.12
MPLADS-4640,Jammu and Kashmir,LOK_SABHA,Sports Infrastructure,26131494.04,27135757.72,162,220,89.15,CTR-195,15,17,1.2116,0.3871,HILLY,2025,42931970.33,75.9
MPLADS-4641,Madhya Pradesh,LOK_SABHA,Healthcare,5884797.23,5778182.7,374,333,91.93,CTR-156,10,50,1.186,0.3562,PLAIN,2024,7794865.0,73.44
MPLADS-4642,Manipur,LOK_SABHA,Education,8938550.19,7963013.19,383,570,68.08,CTR-045,1,52,0.9862,0.754,HILLY,2024,9803856.97,84.54
MPLADS-4643,Nagaland,RAJYA_SABHA,Education,28176328.35,24817581.09,111,91,92.17,CTR-161,15,0,0.9833,0.4033,HILLY,2024,31312797.03,87.19
MPLADS-4644,Karnataka,RAJYA_SABHA,Sports Infrastructure,38771804.71,32003978.32,399,140,62.3,CTR-059,11,73,1.3187,0.9445,HILLY,2025,58216444.6,123.34
MPLADS-4645,Ladakh,LOK_SABHA,Sports Infrastructure,3687382.68,3561155.75,422,580,98.62,CTR-143,4,15,1.2595,0.5484,DESERT,2023,5574435.36,50.9
MPLADS-4646,Karnataka,RAJYA_SABHA,Healthcare,28708839.48,26115031.59,428,211,21.69,CTR-048,14,69,0.9756,0.1434,PLAIN,2024,29934428.36,98.75
MPLADS-4647,Puducherry,LOK_SABHA,Healthcare,46373522.88,43112453.32,302,56,3.75,CTR-180,8,36,1.1704,0.4621,PLAIN,2025,58375046.99,59.52
MPLADS-4648,Chandigarh,RAJYA_SABHA,Sanitation,45279756.45,37994984.11,128,94,81.03,CTR-151,13,22,0.9705,0.8098,PLAIN,2024,43308383.88,62.6
MPLADS-4649,Puducherry,RAJYA_SABHA,Bridges,46586939.75,40544565.34,438,263,69.3,CTR-094,6,52,1.0723,1.0,HILLY,2025,55564766.41,114.99
MPLADS-4650,Madhya Pradesh,LOK_SABHA,Bridges,2509472.32,2352642.84,420,37,18.99,CTR-064,15,57,1.0965,0.9512,PLAIN,2025,3241374.11,111.46
MPLADS-4651,Dadra and Nagar Haveli and Daman and Diu,RAJYA_SABHA,Sports Infrastructure,700333.38,712995.49,122,50,37.84,CTR-019,13,0,1.2307,0.1011,PLAIN,2023,1017425.81,61.54
MPLADS-4652,Andhra Pradesh,LOK_SABHA,Bridges,19384357.94,18086438.66,535,575,79.55,CTR-161,15,69,1.1216,0.712,COASTAL,2025,25734924.69,170.28
MPLADS-4653,Himachal Pradesh,LOK_SABHA,Electrification,30346638.4,27892604.77,429,410,100.0,CTR-003,10,61,1.1292,0.4788,HILLY,2023,40640761.19,93.56
MPLADS-4654,Tamil Nadu,RAJYA_SABHA,Education,16757216.54,13916941.13,293,362,100.0,CTR-168,2,39,1.2846,0.0724,PLAIN,2024,19891064.27,13.43
MPLADS-4655,Haryana,LOK_SABHA,Sports Infrastructure,21869594.86,17614303.17,520,512,100.0,CTR-100,2,38,1.1069,0.83,COASTAL,2025,23291608.17,87.84
MPLADS-4656,Jammu and Kashmir,LOK_SABHA,Community Halls,45720681.41,46953666.88,444,242,37.69,CTR-102,3,36,1.3316,0.7835,HILLY,2024,81324088.38,98.29
MPLADS-4657,Madhya Pradesh,LOK_SABHA,Education,38328591.68,32518930.11,268,276,100.0,CTR-029,8,33,1.1317,0.5508,PLAIN,2023,41618623.8,64.94
MPLADS-4658,Uttarakhand,RAJYA_SABHA,Bridges,37365050.2,30705616.2,396,373,84.79,CTR-155,6,64,1.0014,1.0,HILLY,2024,39447721.4,117.32
MPLADS-4659,Delhi,RAJYA_SABHA,Sports Infrastructure,35005285.78,29876913.45,437,93,0.36,CTR-073,7,39,1.273,0.9993,PLAIN,2025,46324120.77,115.13
MPLADS-4660,Telangana,LOK_SABHA,Other Public Assets,10719308.26,9597397.01,203,301,85.89,CTR-138,0,12,1.2394,0.6692,COASTAL,2023,14338924.49,38.59
MPLADS-4661,Andaman and Nicobar Islands,RAJYA_SABHA,Education,22937022.99,18810647.92,209,230,100.0,CTR-023,2,36,1.3013,1.0,HILLY,2025,31960979.34,107.51
MPLADS-4662,Puducherry,LOK_SABHA,Bridges,26352021.27,27539387.62,386,349,96.35,CTR-190,4,48,1.0011,0.8806,COASTAL,2023,32212548.75,86.63
MPLADS-4663,Ladakh,RAJYA_SABHA,Bridges,43868367.94,45011968.82,372,120,41.52,CTR-132,8,13,1.0004,0.5086,DESERT,2025,56677002.93,81.43
MPLADS-4664,Tripura,LOK_SABHA,Sports Infrastructure,22813148.35,23435220.99,438,251,75.0,CTR-148,3,46,1.0335,0.5268,DESERT,2023,28689900.62,74.91
MPLADS-4665,Mizoram,RAJYA_SABHA,Bridges,43989279.07,38838535.04,162,156,99.03,CTR-089,12,50,1.3406,1.0,HILLY,2023,72936974.46,112.76
MPLADS-4666,Telangana,LOK_SABHA,Education,2162748.91,2177509.3,469,430,83.2,CTR-097,3,49,0.9595,0.5539,HILLY,2025,2574033.82,76.61
MPLADS-4667,Madhya Pradesh,LOK_SABHA,Electrification,27571421.41,24175564.03,272,146,70.09,CTR-109,7,24,1.3238,0.2083,DESERT,2023,40207881.22,57.55
MPLADS-4668,Punjab,LOK_SABHA,Education,40587785.65,36958873.47,247,237,100.0,CTR-013,11,10,0.9965,0.234,COASTAL,2024,43331953.84,57.93
MPLADS-4669,Haryana,RAJYA_SABHA,Community Halls,5717044.76,4850522.75,460,178,37.52,CTR-031,7,40,1.2677,0.4702,PLAIN,2024,7500581.95,46.88
MPLADS-4670,Chhattisgarh,LOK_SABHA,Drinking Water,6312035.36,5843461.47,279,155,44.64,CTR-158,8,59,0.971,0.7002,PLAIN,2025,6242766.71,93.97
MPLADS-4671,Chhattisgarh,RAJYA_SABHA,Community Halls,14063088.69,14445970.45,191,92,36.02,CTR-188,6,61,1.2073,0.8533,DESERT,2023,22120826.89,100.89
MPLADS-4672,Rajasthan,LOK_SABHA,Healthcare,41831835.35,42166805.52,286,280,100.0,CTR-076,7,18,1.1566,0.4633,DESERT,2024,61714650.2,56.81
MPLADS-4673,Meghalaya,LOK_SABHA,Other Public Assets,37386393.31,31183908.5,502,384,56.42,CTR-171,1,96,1.3328,1.0,HILLY,2025,54417470.95,126.3
MPLADS-4674,Karnataka,LOK_SABHA,Healthcare,30705898.96,31288961.94,184,249,100.0,CTR-052,3,0,1.0388,0.5485,PLAIN,2024,34785143.5,43.8
MPLADS-4675,Ladakh,RAJYA_SABHA,Sanitation,42686464.97,35615212.51,198,7,0.6,CTR-086,11,9,1.2525,1.0,HILLY,2025,59923028.81,101.88
MPLADS-4676,Tripura,LOK_SABHA,Other Public Assets,1644028.62,1641103.91,226,247,100.0,CTR-180,8,52,1.0754,0.7285,PLAIN,2024,2029116.15,73.5
MPLADS-4677,Uttar Pradesh,LOK_SABHA,Bridges,28412177.62,28836411.4,454,663,95.82,CTR-136,4,58,1.2114,0.835,DESERT,2024,44447040.44,68.08
MPLADS-4678,Lakshadweep,LOK_SABHA,Community Halls,1114052.06,1003475.53,322,152,34.38,CTR-067,14,47,1.0281,0.0339,COASTAL,2024,1172934.2,114.96
MPLADS-4679,Assam,RAJYA_SABHA,Other Public Assets,11722157.97,11158723.1,162,108,57.18,CTR-171,1,0,0.9977,0.9505,PLAIN,2023,12063360.87,48.45
MPLADS-4680,Chhattisgarh,LOK_SABHA,Electrification,38120592.01,35794687.0,436,247,46.77,CTR-124,7,55,1.0075,0.6081,PLAIN,2025,40066505.02,111.03
MPLADS-4681,Nagaland,RAJYA_SABHA,Bridges,42307881.0,37033019.07,423,221,42.68,CTR-006,13,45,1.1733,0.4986,HILLY,2025,58329994.5,130.95
MPLADS-4682,Karnataka,RAJYA_SABHA,Community Halls,3546656.5,2935517.27,133,91,78.21,CTR-117,0,21,0.9588,0.7436,COASTAL,2023,3227269.75,55.06
MPLADS-4683,Uttar Pradesh,LOK_SABHA,Other Public Assets,14450701.95,11858151.9,479,74,0.0,CTR-037,13,54,1.1995,0.1234,PLAIN,2024,17180232.8,50.52
MPLADS-4684,Maharashtra,RAJYA_SABHA,Roads,31399006.54,31720770.12,390,265,63.86,CTR-071,12,77,1.1312,0.0016,PLAIN,2025,38665051.99,82.44
MPLADS-4685,Haryana,RAJYA_SABHA,Community Halls,36561327.65,35306803.52,213,48,32.6,CTR-066,5,41,1.2424,0.2742,HILLY,2023,57406987.35,44.77
MPLADS-4686,Arunachal Pradesh,RAJYA_SABHA,Other Public Assets,4682824.91,4717864.93,483,27,13.79,CTR-092,12,48,1.3286,0.198,PLAIN,2025,7545945.29,90.16
MPLADS-4687,Himachal Pradesh,RAJYA_SABHA,Healthcare,26691057.84,21782626.7,449,548,79.86,CTR-118,2,61,1.2053,0.5992,HILLY,2024,33204524.75,120.77
MPLADS-4688,Goa,LOK_SABHA,Community Halls,21827469.47,18064595.14,253,252,93.5,CTR-067,14,86,1.0551,0.7216,COASTAL,2024,24461990.09,130.7
MPLADS-4689,Madhya Pradesh,LOK_SABHA,Other Public Assets,20644966.76,17581291.87,152,72,44.08,CTR-200,15,57,1.2777,0.5955,PLAIN,2025,27016869.18,113.56
MPLADS-4690,Ladakh,RAJYA_SABHA,Sports Infrastructure,20859125.75,17039789.38,531,540,100.0,CTR-055,7,14,1.1466,1.0,DESERT,2024,24475776.11,80.49
MPLADS-4691,Chhattisgarh,LOK_SABHA,Drinking Water,27620789.89,27030308.6,234,194,86.83,CTR-005,6,57,1.2054,0.7543,HILLY,2024,43722726.86,108.17
MPLADS-4692,Andaman and Nicobar Islands,LOK_SABHA,Healthcare,8586642.77,7935119.52,228,125,43.37,CTR-167,5,12,1.3374,0.7308,COASTAL,2024,13095545.8,82.6
MPLADS-4693,Odisha,LOK_SABHA,Sanitation,43575501.74,44169643.36,392,88,13.99,CTR-188,6,67,1.3489,0.8879,PLAIN,2024,73546144.13,114.71
MPLADS-4694,Chhattisgarh,RAJYA_SABHA,Healthcare,46996081.86,44487088.05,123,63,57.18,CTR-018,2,0,1.2082,0.1373,COASTAL,2024,62828505.62,12.42
MPLADS-4695,Odisha,RAJYA_SABHA,Roads,19630774.68,16223584.58,299,229,48.7,CTR-158,8,49,1.3148,0.716,HILLY,2024,28694439.38,129.48
MPLADS-4696,Madhya Pradesh,LOK_SABHA,Roads,8690862.81,8472365.59,325,326,100.0,CTR-061,14,52,1.2517,0.562,PLAIN,2025,12903564.97,53.75
MPLADS-4697,Uttarakhand,LOK_SABHA,Electrification,29757993.07,28814494.68,238,255,92.59,CTR-185,7,32,1.2104,0.1831,PLAIN,2023,40096284.58,81.67
MPLADS-4698,Madhya Pradesh,LOK_SABHA,Other Public Assets,18869083.19,19331035.68,167,10,2.32,CTR-104,0,23,1.1369,0.8121,HILLY,2024,28493759.92,76.35
MPLADS-4699,Madhya Pradesh,LOK_SABHA,Roads,2747915.03,2732302.0,453,346,50.82,CTR-138,0,54,1.3399,0.9041,COASTAL,2025,4445627.34,76.11
MPLADS-4700,Uttar Pradesh,LOK_SABHA,Healthcare,25670311.6,20685490.06,272,16,23.56,CTR-011,8,55,1.1524,0.5244,PLAIN,2024,27459454.76,88.83
MPLADS-4701,Ladakh,LOK_SABHA,Bridges,47762698.04,38239126.73,201,71,27.24,CTR-047,7,14,1.076,0.9605,HILLY,2025,52958791.88,99.43
MPLADS-4702,Arunachal Pradesh,LOK_SABHA,Roads,30367629.83,31838222.63,527,698,100.0,CTR-088,4,48,1.1947,0.9291,PLAIN,2025,45636623.25,71.01
MPLADS-4703,Arunachal Pradesh,RAJYA_SABHA,Education,25913190.03,26529008.45,378,70,29.47,CTR-120,1,49,1.3205,0.6637,HILLY,2023,45441678.17,61.05
MPLADS-4704,West Bengal,LOK_SABHA,Healthcare,41267426.47,34538435.07,207,182,99.44,CTR-002,12,57,0.9924,0.0132,COASTAL,2024,39711114.82,75.89
MPLADS-4705,Goa,LOK_SABHA,Sports Infrastructure,19291528.94,18375310.62,241,304,100.0,CTR-098,10,23,1.1557,0.1964,COASTAL,2023,25059870.74,65.3
MPLADS-4706,Meghalaya,LOK_SABHA,Community Halls,39432146.69,34906037.91,444,372,100.0,CTR-089,12,87,1.2409,0.5183,HILLY,2023,58147641.0,141.77
MPLADS-4707,Andaman and Nicobar Islands,RAJYA_SABHA,Electrification,9193487.77,8298905.4,392,177,37.78,CTR-014,12,47,1.2076,0.7967,COASTAL,2024,12415688.89,89.48
MPLADS-4708,Punjab,LOK_SABHA,Bridges,46013495.33,38084702.2,521,582,100.0,CTR-196,1,47,1.2372,0.8286,PLAIN,2025,54134981.19,42.34
MPLADS-4709,Goa,LOK_SABHA,Roads,42447488.35,38404535.15,148,195,91.93,CTR-197,5,19,1.0637,0.3488,COASTAL,2025,47919841.72,62.07
MPLADS-4710,Puducherry,RAJYA_SABHA,Electrification,24113923.64,23758915.48,348,454,98.96,CTR-169,5,48,1.3244,0.9378,HILLY,2025,42300515.46,94.65
MPLADS-4711,Haryana,RAJYA_SABHA,Sanitation,40552096.85,32993443.13,363,4,30.15,CTR-071,12,41,0.9504,0.2793,PLAIN,2024,33862461.53,98.75
MPLADS-4712,Arunachal Pradesh,RAJYA_SABHA,Roads,9077875.4,8799979.8,512,630,100.0,CTR-103,12,45,1.0131,0.3692,HILLY,2024,10981085.65,123.71
MPLADS-4713,Jharkhand,LOK_SABHA,Electrification,27255017.15,26503672.37,237,42,9.44,CTR-175,11,66,1.1146,0.1874,PLAIN,2024,33116467.49,98.84
MPLADS-4714,Lakshadweep,LOK_SABHA,Sports Infrastructure,34633829.5,31936871.93,178,166,96.02,CTR-056,0,44,1.1088,0.2205,COASTAL,2025,40338523.91,34.95
MPLADS-4715,Chhattisgarh,LOK_SABHA,Sanitation,5579628.79,4742986.83,399,411,95.85,CTR-111,4,61,1.0578,0.8651,PLAIN,2023,5670833.72,89.19
MPLADS-4716,Himachal Pradesh,RAJYA_SABHA,Community Halls,5521693.59,5694606.77,394,534,100.0,CTR-192,10,58,1.2151,0.2815,PLAIN,2025,8056127.83,92.11
MPLADS-4717,Chhattisgarh,LOK_SABHA,Roads,8583023.8,8799856.8,229,56,47.42,CTR-073,7,63,1.2562,1.0,HILLY,2025,15001970.74,118.79
MPLADS-4718,Puducherry,LOK_SABHA,Roads,30145302.04,28623743.35,176,198,86.58,CTR-091,6,21,1.1991,0.364,PLAIN,2024,37845119.33,46.92
MPLADS-4719,Assam,LOK_SABHA,Drinking Water,45370111.15,47247792.36,214,254,86.51,CTR-007,1,66,1.2448,0.5433,PLAIN,2025,66560741.18,59.35
MPLADS-4720,Gujarat,RAJYA_SABHA,Roads,23320686.52,21217838.85,338,190,74.71,CTR-036,1,46,1.2558,1.0,DESERT,2025,33926818.53,51.83
MPLADS-4721,Uttar Pradesh,LOK_SABHA,Community Halls,15672109.04,16120964.74,242,309,96.02,CTR-200,15,16,1.2052,0.5676,PLAIN,2023,23404034.04,75.87
MPLADS-4722,Andaman and Nicobar Islands,RAJYA_SABHA,Community Halls,22925826.37,23628506.15,431,494,100.0,CTR-015,11,49,1.1049,0.7774,COASTAL,2025,32053531.8,113.75
MPLADS-4723,Assam,RAJYA_SABHA,Electrification,24769784.53,24352062.94,234,95,35.2,CTR-094,6,59,1.2009,0.3454,PLAIN,2025,33832330.68,67.93
MPLADS-4724,Sikkim,LOK_SABHA,Drinking Water,23026465.66,22445820.35,314,445,100.0,CTR-188,6,34,1.0645,0.6443,DESERT,2023,30164730.15,87.73
MPLADS-4725,West Bengal,LOK_SABHA,Electrification,34548817.77,35821268.15,527,356,82.78,CTR-103,12,67,1.295,0.791,PLAIN,2023,55565080.75,105.66
MPLADS-4726,Manipur,RAJYA_SABHA,Healthcare,3377513.24,3545706.57,321,454,99.14,CTR-164,6,38,1.0497,0.7014,HILLY,2023,4710310.42,91.72
MPLADS-4727,Nagaland,LOK_SABHA,Community Halls,16181535.98,15437120.34,94,108,100.0,CTR-057,8,0,1.1517,0.9617,HILLY,2024,23948356.04,59.64
MPLADS-4728,Mizoram,LOK_SABHA,Other Public Assets,42404668.64,38591564.88,120,47,19.23,CTR-107,12,0,1.0705,0.334,DESERT,2025,50484595.88,67.87
MPLADS-4729,Rajasthan,RAJYA_SABHA,Roads,29719633.18,25334364.7,144,91,91.88,CTR-188,6,28,0.9864,0.2415,DESERT,2024,29326210.35,84.1
MPLADS-4730,Assam,RAJYA_SABHA,Sports Infrastructure,31788746.67,28546987.21,392,102,22.89,CTR-031,7,93,1.0396,0.6261,DESERT,2024,37812744.85,113.16
MPLADS-4731,Dadra and Nagar Haveli and Daman and Diu,RAJYA_SABHA,Sanitation,37953282.43,38764009.47,530,691,90.2,CTR-079,9,47,1.1476,0.6502,PLAIN,2025,53386452.57,105.02
MPLADS-4732,Tamil Nadu,LOK_SABHA,Community Halls,18910118.81,17192424.33,527,408,88.03,CTR-143,4,51,1.3466,0.6634,PLAIN,2024,27851989.2,48.77
MPLADS-4733,Sikkim,LOK_SABHA,Bridges,4165355.37,3590356.68,137,43,29.07,CTR-093,13,11,1.2897,0.8184,HILLY,2025,6296570.23,66.23
MPLADS-4734,Uttar Pradesh,LOK_SABHA,Drinking Water,41348378.51,36911397.89,442,596,100.0,CTR-188,6,62,1.1723,0.4277,PLAIN,2025,50032403.18,85.43
MPLADS-4735,Odisha,RAJYA_SABHA,Sanitation,3199106.41,3167713.31,403,359,92.89,CTR-127,1,80,1.1702,0.0594,COASTAL,2024,4236620.79,48.6
MPLADS-4736,Gujarat,LOK_SABHA,Electrification,8162841.64,7816911.39,326,442,100.0,CTR-076,7,51,1.045,0.0351,COASTAL,2024,9356237.01,48.44
MPLADS-4737,Bihar,LOK_SABHA,Other Public Assets,24885295.0,20388107.82,155,10,5.94,CTR-165,6,0,1.2106,0.9009,PLAIN,2024,28846853.02,56.99
MPLADS-4738,Sikkim,RAJYA_SABHA,Electrification,40075007.8,33141433.79,182,258,99.98,CTR-091,6,51,1.0807,0.7096,HILLY,2023,47951935.05,70.74
MPLADS-4739,Nagaland,RAJYA_SABHA,Electrification,14649981.02,12031439.52,404,420,100.0,CTR-195,15,44,1.3025,0.7032,HILLY,2025,21447983.13,129.52
MPLADS-4740,Bihar,LOK_SABHA,Community Halls,2810801.63,2528172.0,118,45,30.56,CTR-188,6,55,1.2849,0.1173,PLAIN,2025,3646614.3,46.61
MPLADS-4741,Ladakh,LOK_SABHA,Sanitation,9711913.58,7911505.22,175,150,90.89,CTR-018,2,14,1.2757,1.0,HILLY,2023,13573293.68,71.88
MPLADS-4742,Manipur,RAJYA_SABHA,Other Public Assets,7898377.06,8113696.58,298,229,73.96,CTR-143,4,36,1.158,1.0,HILLY,2025,12460696.71,76.33
MPLADS-4743,Assam,LOK_SABHA,Sanitation,6247754.46,6022492.41,199,22,7.68,CTR-094,6,86,1.3182,0.9988,DESERT,2023,10583665.66,154.04
MPLADS-4744,Haryana,RAJYA_SABHA,Other Public Assets,28043566.24,23938370.74,317,83,15.12,CTR-183,7,35,0.9679,0.9715,HILLY,2025,30115161.88,133.56
MPLADS-4745,Chandigarh,LOK_SABHA,Roads,40902428.74,39648184.18,147,198,98.11,CTR-038,13,22,1.0564,0.3341,HILLY,2024,54833696.11,85.5
MPLADS-4746,Lakshadweep,RAJYA_SABHA,Community Halls,12190591.15,12594634.67,521,664,100.0,CTR-008,11,47,1.2205,0.8044,COASTAL,2025,19115187.73,96.64
MPLADS-4747,Uttar Pradesh,LOK_SABHA,Education,32795792.49,28154864.5,96,44,54.53,CTR-058,2,0,1.3108,0.8839,PLAIN,2025,43787706.2,29.07
MPLADS-4748,Mizoram,LOK_SABHA,Sanitation,14237986.08,14948061.18,357,458,94.07,CTR-056,0,47,1.2103,0.778,HILLY,2023,23629180.72,86.39
MPLADS-4749,West Bengal,LOK_SABHA,Healthcare,20564758.3,21128854.25,322,481,98.6,CTR-195,15,51,0.9968,0.042,PLAIN,2025,23509233.29,89.51
MPLADS-4750,Nagaland,LOK_SABHA,Roads,30079142.76,26752793.76,133,90,73.31,CTR-111,4,10,1.3179,0.5523,HILLY,2023,45770162.33,63.02
MPLADS-4751,Rajasthan,LOK_SABHA,Sports Infrastructure,17848773.2,17994393.31,472,393,77.86,CTR-053,5,34,1.1854,0.4131,DESERT,2023,26205142.69,76.75
MPLADS-4752,Delhi,RAJYA_SABHA,Electrification,42159174.98,38729746.93,453,237,49.2,CTR-199,5,39,1.1758,0.4069,COASTAL,2025,55834057.56,44.49
MPLADS-4753,Tripura,RAJYA_SABHA,Roads,25054323.49,23871878.85,119,169,82.11,CTR-013,11,13,1.0914,0.3226,PLAIN,2023,29725940.73,69.2
MPLADS-4754,Gujarat,LOK_SABHA,Other Public Assets,9828529.26,9333303.14,125,53,44.06,CTR-131,9,12,1.2955,0.7372,PLAIN,2025,14457277.24,54.49
MPLADS-4755,Goa,RAJYA_SABHA,Drinking Water,21427704.12,19714069.56,531,25,6.27,CTR-180,8,79,1.2579,0.1222,COASTAL,2024,30213744.43,103.83
MPLADS-4756,Odisha,RAJYA_SABHA,Drinking Water,48921844.18,42733604.44,376,432,98.01,CTR-199,5,78,1.0632,0.0826,PLAIN,2024,50238292.54,68.69
MPLADS-4757,Madhya Pradesh,LOK_SABHA,Sanitation,15951338.29,13166299.16,92,63,58.56,CTR-090,13,28,0.9693,0.8922,PLAIN,2025,14621282.32,85.62
MPLADS-4758,Arunachal Pradesh,LOK_SABHA,Electrification,17379495.93,17641814.34,311,278,79.3,CTR-179,14,49,1.1619,0.4852,HILLY,2023,28399645.73,109.8
MPLADS-4759,Gujarat,RAJYA_SABHA,Roads,11103317.42,10997734.56,500,512,91.96,CTR-079,9,47,1.3341,0.97,DESERT,2025,19787995.06,90.02
MPLADS-4760,Ladakh,RAJYA_SABHA,Roads,45131707.62,38311611.06,390,384,85.85,CTR-047,7,13,1.1055,1.0,HILLY,2025,56055077.78,81.45
MPLADS-4761,Kerala,LOK_SABHA,Sanitation,2205267.96,2177841.06,399,496,62.69,CTR-010,1,88,1.1638,0.4277,HILLY,2023,3215851.62,106.98
MPLADS-4762,Haryana,LOK_SABHA,Healthcare,19985218.83,19923195.03,295,273,79.7,CTR-179,14,17,1.0961,0.8028,PLAIN,2024,25038553.6,105.1
MPLADS-4763,Odisha,LOK_SABHA,Education,26865956.82,23848488.36,474,94,33.41,CTR-151,13,77,1.0755,0.5995,PLAIN,2024,29293488.29,104.76
MPLADS-4764,Chandigarh,RAJYA_SABHA,Other Public Assets,34781968.71,35334954.02,178,121,58.5,CTR-183,7,53,1.0331,0.448,PLAIN,2023,39356399.05,63.07
MPLADS-4765,Andhra Pradesh,RAJYA_SABHA,Healthcare,44869182.53,43599519.99,340,416,100.0,CTR-132,8,69,1.262,0.1913,PLAIN,2025,65857323.96,68.48
MPLADS-4766,Puducherry,RAJYA_SABHA,Other Public Assets,41686946.85,34188961.78,239,285,100.0,CTR-065,6,52,1.0427,0.6541,PLAIN,2024,40086208.43,66.67
MPLADS-4767,Dadra and Nagar Haveli and Daman and Diu,RAJYA_SABHA,Roads,13804860.66,11204448.22,352,148,37.55,CTR-130,10,45,1.2862,0.4003,HILLY,2024,19000569.54,106.98
MPLADS-4768,Nagaland,RAJYA_SABHA,Healthcare,30141742.32,30107357.04,415,607,98.31,CTR-141,15,51,1.153,0.5967,HILLY,2023,45326189.47,138.09
MPLADS-4769,Tripura,LOK_SABHA,Drinking Water,22956535.53,23709669.16,230,317,90.2,CTR-117,0,34,1.076,0.5948,HILLY,2025,31829715.28,81.1
MPLADS-4770,Mizoram,RAJYA_SABHA,Sports Infrastructure,27571087.75,23562802.05,114,20,18.92,CTR-106,12,0,1.1421,0.5868,HILLY,2024,34415680.41,106.4
MPLADS-4771,Manipur,RAJYA_SABHA,Electrification,11469914.44,10624091.59,204,110,63.43,CTR-044,5,39,1.0896,0.8823,PLAIN,2025,13214424.01,91.57
MPLADS-4772,Jharkhand,LOK_SABHA,Sanitation,24052152.55,24038949.43,422,573,100.0,CTR-035,14,56,1.2629,0.8068,DESERT,2024,40290277.35,104.34
MPLADS-4773,Andaman and Nicobar Islands,LOK_SABHA,Drinking Water,29816270.03,30801199.75,363,173,61.93,CTR-081,15,48,1.1011,0.264,COASTAL,2024,42300829.88,98.47
MPLADS-4774,Bihar,LOK_SABHA,Sanitation,36595853.18,30825463.68,176,259,100.0,CTR-070,7,39,1.0008,0.5703,COASTAL,2025,36090932.24,84.34
MPLADS-4775,Chandigarh,RAJYA_SABHA,Electrification,8066102.49,6692967.14,407,423,96.11,CTR-194,5,45,1.2802,0.3486,PLAIN,2024,9868701.37,56.45
MPLADS-4776,Tripura,LOK_SABHA,Bridges,5889592.68,4776976.54,177,17,4.12,CTR-019,13,48,1.345,0.6479,PLAIN,2024,8010836.95,91.52
MPLADS-4777,Jharkhand,RAJYA_SABHA,Other Public Assets,43454652.49,40798908.88,211,119,50.85,CTR-118,2,58,1.1202,0.8338,PLAIN,2024,51969137.62,67.79
MPLADS-4778,Mizoram,LOK_SABHA,Drinking Water,14046795.2,11751234.78,433,418,100.0,CTR-106,12,45,1.1476,0.5282,HILLY,2023,17810061.02,137.67
MPLADS-4779,Ladakh,LOK_SABHA,Healthcare,15304673.42,15455755.64,210,312,81.31,CTR-035,14,0,1.0589,0.3431,HILLY,2023,21266187.83,114.96
MPLADS-4780,Uttarakhand,LOK_SABHA,Roads,38791775.95,39158547.08,376,236,79.96,CTR-057,8,60,1.0512,0.4738,PLAIN,2024,44591157.32,91.69
MPLADS-4781,Maharashtra,RAJYA_SABHA,Other Public Assets,25691709.83,26790959.23,418,68,39.49,CTR-138,0,76,1.1922,0.5268,DESERT,2023,40248854.89,97.86
MPLADS-4782,Chandigarh,LOK_SABHA,Community Halls,33794923.05,27652639.42,375,58,16.95,CTR-122,10,54,1.1835,0.4663,PLAIN,2023,37307146.7,98.08
MPLADS-4783,Mizoram,LOK_SABHA,Bridges,5736734.78,5222186.43,278,292,100.0,CTR-091,6,49,1.1144,0.2088,HILLY,2025,7312883.58,88.32
MPLADS-4784,Jammu and Kashmir,LOK_SABHA,Community Halls,608483.28,588360.88,324,460,100.0,CTR-145,15,41,1.2224,0.6434,HILLY,2024,999490.85,132.14
MPLADS-4785,Gujarat,RAJYA_SABHA,Electrification,5694883.08,5834831.07,118,173,77.41,CTR-193,9,26,1.2841,0.3057,COASTAL,2024,9316922.39,90.83
MPLADS-4786,Punjab,RAJYA_SABHA,Roads,49658005.33,40360412.02,319,460,100.0,CTR-125,13,39,1.2883,0.9763,PLAIN,2025,63133974.72,99.59
MPLADS-4787,Chandigarh,LOK_SABHA,Education,32988694.87,28698047.15,391,60,2.96,CTR-053,5,49,1.209,0.2402,PLAIN,2025,40173805.31,64.42
MPLADS-4788,Punjab,RAJYA_SABHA,Drinking Water,37569913.37,35789534.36,186,33,21.74,CTR-034,8,0,1.145,0.8937,HILLY,2023,53987290.79,62.96
MPLADS-4789,Puducherry,LOK_SABHA,Sports Infrastructure,24794083.73,22761770.59,326,351,72.3,CTR-068,5,44,1.3313,0.5522,HILLY,2025,40156008.11,91.7
MPLADS-4790,Andhra Pradesh,RAJYA_SABHA,Sports Infrastructure,43224499.97,42492509.47,190,265,100.0,CTR-102,3,30,1.1655,0.3826,PLAIN,2023,53686697.54,40.32
MPLADS-4791,West Bengal,RAJYA_SABHA,Electrification,15784547.76,14471384.72,522,27,0.0,CTR-150,0,72,1.1001,0.6397,PLAIN,2024,16857450.98,50.62
MPLADS-4792,Chhattisgarh,LOK_SABHA,Roads,22265030.5,20431843.13,488,63,24.64,CTR-077,5,61,1.3264,0.6545,DESERT,2024,34136204.45,77.53
MPLADS-4793,Jammu and Kashmir,LOK_SABHA,Other Public Assets,2523243.39,2412241.7,195,99,42.54,CTR-106,12,29,1.2771,0.9469,HILLY,2024,4174116.61,93.89
MPLADS-4794,Punjab,RAJYA_SABHA,Education,47584666.59,48180152.74,278,147,53.5,CTR-061,14,44,1.3062,0.4162,PLAIN,2023,76077898.45,98.0
MPLADS-4795,Puducherry,LOK_SABHA,Bridges,14368747.49,12796485.1,284,200,67.28,CTR-071,12,46,1.0221,0.5403,DESERT,2024,16422327.25,112.04
MPLADS-4796,Mizoram,LOK_SABHA,Healthcare,15990299.61,14822766.17,174,228,97.17,CTR-149,13,26,1.171,0.3333,HILLY,2024,23166348.34,102.93
MPLADS-4797,Chandigarh,RAJYA_SABHA,Other Public Assets,5829089.61,5512590.99,310,329,78.17,CTR-058,2,46,1.1159,0.6756,PLAIN,2025,6910851.22,70.28
MPLADS-4798,West Bengal,RAJYA_SABHA,Roads,19866747.33,18460000.49,222,13,0.0,CTR-178,2,69,1.0467,0.6296,COASTAL,2025,22003418.28,71.02
MPLADS-4799,Kerala,LOK_SABHA,Bridges,35863075.74,32426651.07,211,21,32.57,CTR-186,7,72,1.0543,0.6805,PLAIN,2023,37584648.7,98.06
MPLADS-4800,Dadra and Nagar Haveli and Daman and Diu,LOK_SABHA,Education,28386113.06,28269320.11,366,124,0.83,CTR-107,12,49,1.1293,0.0074,PLAIN,2024,35840115.13,118.92
MPLADS-4801,Meghalaya,LOK_SABHA,Sports Infrastructure,26004328.08,23445488.99,363,114,62.69,CTR-131,9,93,1.0189,0.409,HILLY,2025,30410712.92,95.02
MPLADS-4802,Himachal Pradesh,RAJYA_SABHA,Roads,2616338.17,2438643.63,420,553,79.93,CTR-092,12,61,1.237,0.5167,DESERT,2024,3938815.04,110.71
MPLADS-4803,Andaman and Nicobar Islands,LOK_SABHA,Education,23236233.26,23996814.91,134,173,100.0,CTR-075,10,13,0.9991,0.0611,COASTAL,2023,27267531.42,68.74
MPLADS-4804,Puducherry,RAJYA_SABHA,Healthcare,23578318.95,21210660.66,104,66,47.72,CTR-180,8,12,1.0465,0.3068,DESERT,2024,27365026.91,62.42
MPLADS-4805,Kerala,LOK_SABHA,Other Public Assets,41614201.18,40717537.44,272,167,59.44,CTR-165,6,93,0.9698,0.3032,COASTAL,2024,45738469.65,112.25
MPLADS-4806,Punjab,LOK_SABHA,Electrification,44659107.26,42157522.35,495,138,40.83,CTR-173,12,46,1.1018,0.0111,PLAIN,2024,50361150.72,80.85
MPLADS-4807,Karnataka,LOK_SABHA,Community Halls,10385457.89,8899493.02,171,85,47.83,CTR-091,6,0,0.9615,0.7631,PLAIN,2023,9592821.16,34.18
MPLADS-4808,Sikkim,LOK_SABHA,Education,45461846.48,45079032.28,445,124,23.38,CTR-046,15,46,1.1005,0.9686,HILLY,2024,64179914.33,113.2
MPLADS-4809,Puducherry,LOK_SABHA,Electrification,47299265.23,46554823.93,186,27,36.96,CTR-180,8,25,1.3322,0.1082,COASTAL,2025,75729061.32,54.02
MPLADS-4810,Madhya Pradesh,LOK_SABHA,Electrification,6111718.36,5945845.47,186,2,0.0,CTR-012,15,26,1.3161,0.9341,DESERT,2023,10496812.92,113.6
MPLADS-4811,Sikkim,LOK_SABHA,Electrification,28712381.3,25840556.19,524,420,94.89,CTR-024,14,53,1.1668,0.8851,DESERT,2024,40465742.07,123.52
MPLADS-4812,Karnataka,LOK_SABHA,Sanitation,47371347.03,40407317.9,312,135,43.12,CTR-109,7,52,1.2381,0.1847,COASTAL,2025,59802149.5,52.31
MPLADS-4813,Punjab,LOK_SABHA,Drinking Water,36070071.92,32668690.57,520,98,3.59,CTR-025,12,44,1.3275,0.6454,PLAIN,2025,53204204.33,112.8
MPLADS-4814,Ladakh,RAJYA_SABHA,Electrification,29063535.81,27556774.1,186,269,94.86,CTR-178,2,14,1.1781,0.4114,HILLY,2025,41999032.73,52.47
MPLADS-4815,Chandigarh,RAJYA_SABHA,Community Halls,12252625.01,12210259.52,257,54,24.57,CTR-136,4,13,1.2997,0.8467,PLAIN,2024,18522747.78,54.72
MPLADS-4816,Jharkhand,LOK_SABHA,Community Halls,9580576.85,8885342.15,143,97,61.39,CTR-018,2,50,0.9845,0.6651,DESERT,2024,10433355.09,77.7
MPLADS-4817,Arunachal Pradesh,LOK_SABHA,Other Public Assets,43863408.51,37927977.66,376,538,100.0,CTR-107,12,51,1.2675,1.0,HILLY,2024,65005111.6,137.45
MPLADS-4818,Assam,LOK_SABHA,Roads,32244221.68,30732250.16,399,338,83.01,CTR-140,6,91,1.1973,0.7287,COASTAL,2025,45850808.32,110.21
MPLADS-4819,Uttarakhand,LOK_SABHA,Sanitation,7865482.84,7171018.9,112,95,84.35,CTR-122,10,49,1.2928,0.2809,DESERT,2024,11601709.55,90.79
MPLADS-4820,Kerala,RAJYA_SABHA,Education,46122088.51,47749104.47,191,172,88.99,CTR-161,15,88,1.0229,0.4971,PLAIN,2024,54013515.96,128.36
MPLADS-4821,West Bengal,RAJYA_SABHA,Sanitation,41580895.3,37054443.21,480,43,5.67,CTR-190,4,74,1.1714,0.1824,COASTAL,2024,53056997.98,74.47
MPLADS-4822,West Bengal,LOK_SABHA,Electrification,18050841.54,16097133.14,393,450,100.0,CTR-169,5,66,1.2338,0.7938,COASTAL,2024,24363568.3,101.46
MPLADS-4823,West Bengal,LOK_SABHA,Roads,19041059.73,18278528.61,99,106,100.0,CTR-137,9,52,1.2696,0.6864,COASTAL,2025,29674165.92,78.52
MPLADS-4824,Madhya Pradesh,LOK_SABHA,Sports Infrastructure,12407486.19,11024099.7,192,110,55.34,CTR-104,0,14,1.1638,0.2353,COASTAL,2024,14363304.12,30.92
MPLADS-4825,Nagaland,RAJYA_SABHA,Other Public Assets,42792805.73,41636576.55,501,666,99.44,CTR-169,5,51,1.2844,0.2765,HILLY,2024,69104357.44,85.81
MPLADS-4826,Mizoram,LOK_SABHA,Education,9237934.29,8955410.28,359,417,100.0,CTR-180,8,46,1.1122,1.0,DESERT,2025,12473030.99,87.61
MPLADS-4827,Telangana,LOK_SABHA,Drinking Water,25212381.17,25000916.91,209,198,100.0,CTR-200,15,46,1.2967,0.9299,PLAIN,2024,40116784.3,107.35
MPLADS-4828,Arunachal Pradesh,LOK_SABHA,Other Public Assets,26033460.97,26183126.07,318,348,100.0,CTR-070,7,50,1.1224,0.2138,HILLY,2023,36762072.94,93.09
MPLADS-4829,Goa,LOK_SABHA,Drinking Water,7297667.88,6074773.47,499,285,52.02,CTR-054,7,86,1.1184,0.7047,COASTAL,2024,8305174.27,96.43
MPLADS-4830,Madhya Pradesh,RAJYA_SABHA,Roads,10439500.4,9278640.39,527,648,84.91,CTR-015,11,49,1.0497,0.8399,PLAIN,2025,11479705.96,85.15
MPLADS-4831,Himachal Pradesh,LOK_SABHA,Drinking Water,26653161.09,21516465.07,505,440,70.31,CTR-179,14,59,0.9946,0.5218,HILLY,2025,28187076.36,140.65
MPLADS-4832,Chhattisgarh,RAJYA_SABHA,Roads,29613851.44,25975504.96,154,159,100.0,CTR-054,7,53,1.343,0.0333,COASTAL,2024,43410302.22,59.63
MPLADS-4833,Tamil Nadu,RAJYA_SABHA,Sanitation,11572688.05,11995791.95,352,147,42.61,CTR-122,10,51,1.2949,0.451,COASTAL,2024,20079467.0,84.27
MPLADS-4834,Uttarakhand,RAJYA_SABHA,Community Halls,27712338.95,24187192.65,148,40,22.38,CTR-072,3,0,1.1961,0.778,HILLY,2025,36487515.81,53.72
MPLADS-4835,Andaman and Nicobar Islands,LOK_SABHA,Community Halls,39904363.61,32352996.4,176,258,100.0,CTR-056,0,0,1.1116,0.7935,PLAIN,2023,40470357.42,39.29
MPLADS-4836,Odisha,RAJYA_SABHA,Electrification,16724311.45,15475935.29,428,602,100.0,CTR-108,10,72,0.9771,0.7323,COASTAL,2024,17950108.36,91.7
MPLADS-4837,Jammu and Kashmir,RAJYA_SABHA,Sanitation,43837354.64,39408807.66,413,8,4.18,CTR-065,6,40,1.2795,1.0,DESERT,2025,65448066.82,86.5
MPLADS-4838,Ladakh,LOK_SABHA,Community Halls,30772480.72,26005673.68,282,47,59.22,CTR-098,10,13,1.0697,0.8863,DESERT,2023,34410897.89,78.65
MPLADS-4839,Punjab,RAJYA_SABHA,Roads,6987208.64,6663415.34,519,477,97.91,CTR-178,2,45,1.2523,0.9547,PLAIN,2025,9507855.04,51.9
MPLADS-4840,Karnataka,RAJYA_SABHA,Other Public Assets,29768794.71,24129127.24,400,49,5.38,CTR-181,15,76,1.1532,0.3699,HILLY,2023,38437370.28,123.7
MPLADS-4841,Haryana,RAJYA_SABHA,Other Public Assets,9026910.0,7756249.98,333,78,0.0,CTR-113,8,39,1.0433,0.3103,HILLY,2024,10664992.79,86.97
MPLADS-4842,Delhi,RAJYA_SABHA,Roads,25065910.24,25761155.35,451,293,80.9,CTR-092,12,35,1.3424,0.8846,PLAIN,2024,41760537.08,70.84
MPLADS-4843,Chhattisgarh,RAJYA_SABHA,Education,44310493.55,38481202.96,108,153,100.0,CTR-054,7,50,1.1069,1.0,HILLY,2025,56996781.1,94.65
MPLADS-4844,Gujarat,RAJYA_SABHA,Roads,961846.52,871275.93,518,183,58.57,CTR-069,1,49,0.9931,0.3951,HILLY,2023,1105181.57,79.94
MPLADS-4845,Dadra and Nagar Haveli and Daman and Diu,LOK_SABHA,Community Halls,43347112.55,35558048.66,327,429,100.0,CTR-130,10,49,1.02,0.4389,PLAIN,2023,41270663.68,79.96
MPLADS-4846,Tripura,LOK_SABHA,Healthcare,15845038.15,16045743.07,346,366,80.01,CTR-126,9,50,1.235,0.8868,COASTAL,2024,24081963.36,119.9
MPLADS-4847,Telangana,RAJYA_SABHA,Community Halls,3780104.22,3236611.54,299,127,83.61,CTR-047,7,38,0.9639,0.6944,PLAIN,2025,3298128.29,65.53
MPLADS-4848,Meghalaya,LOK_SABHA,Roads,27384612.53,27354671.88,291,318,89.03,CTR-131,9,93,1.2722,1.0,HILLY,2024,46494991.23,159.85
MPLADS-4849,Nagaland,LOK_SABHA,Other Public Assets,1648622.17,1547031.22,138,81,25.72,CTR-192,10,0,1.1405,1.0,HILLY,2025,2348811.79,124.98
MPLADS-4850,Manipur,RAJYA_SABHA,Roads,49697579.96,42262122.12,284,383,100.0,CTR-169,5,44,1.1438,0.6655,PLAIN,2023,56409863.83,71.13
MPLADS-4851,Himachal Pradesh,LOK_SABHA,Roads,11114198.8,11280648.72,304,95,36.9,CTR-067,14,46,1.1245,0.2886,HILLY,2024,16638011.94,133.96
MPLADS-4852,Puducherry,RAJYA_SABHA,Community Halls,43397031.74,38923826.41,459,124,24.77,CTR-146,13,44,1.3046,0.9049,COASTAL,2024,66360968.2,101.32
MPLADS-4853,Manipur,RAJYA_SABHA,Sanitation,48297740.39,43976994.24,522,246,57.33,CTR-084,13,47,1.0269,0.2393,HILLY,2024,59302105.21,112.17
MPLADS-4854,Jharkhand,RAJYA_SABHA,Healthcare,27465297.87,28393083.92,140,1,0.0,CTR-192,10,47,1.3374,0.6019,PLAIN,2023,47108433.01,70.21
MPLADS-4855,Sikkim,LOK_SABHA,Roads,41751869.33,41934303.23,322,225,55.29,CTR-115,8,46,0.9817,0.5425,PLAIN,2023,42655965.36,93.54
MPLADS-4856,Madhya Pradesh,RAJYA_SABHA,Education,4194138.77,4295758.73,171,194,94.03,CTR-193,9,14,1.0589,0.3531,PLAIN,2025,5115681.39,55.35
MPLADS-4857,West Bengal,RAJYA_SABHA,Sports Infrastructure,1499696.51,1221879.27,302,126,41.78,CTR-056,0,72,1.0238,0.2463,PLAIN,2024,1336867.38,50.44
MPLADS-4858,West Bengal,LOK_SABHA,Roads,2621603.75,2104524.59,509,64,10.62,CTR-057,8,67,1.3056,0.7582,PLAIN,2024,3354280.01,98.87
MPLADS-4859,Goa,LOK_SABHA,Education,4634421.99,3901555.4,122,36,44.64,CTR-126,9,61,1.2045,0.0347,COASTAL,2025,5531018.83,40.68
MPLADS-4860,Telangana,LOK_SABHA,Sanitation,31387654.11,29652022.71,146,32,20.78,CTR-048,14,23,1.1774,0.78,PLAIN,2024,41388414.07,76.22
MPLADS-4861,Punjab,RAJYA_SABHA,Community Halls,43371194.3,41813714.77,262,221,71.44,CTR-131,9,30,1.2995,0.9973,PLAIN,2024,64834061.56,97.28
MPLADS-4862,Haryana,RAJYA_SABHA,Community Halls,38848109.18,32500499.84,513,81,29.41,CTR-045,1,42,1.3494,0.2272,HILLY,2023,57645535.05,33.78
MPLADS-4863,Uttar Pradesh,LOK_SABHA,Sports Infrastructure,6107919.91,4991576.63,488,719,97.0,CTR-003,10,57,0.9625,0.8445,COASTAL,2024,5796364.44,122.59
MPLADS-4864,Delhi,LOK_SABHA,Education,40894217.23,33860618.69,370,117,42.21,CTR-142,3,38,1.2288,0.8175,PLAIN,2025,47896570.25,66.31
MPLADS-4865,Karnataka,RAJYA_SABHA,Roads,35794064.98,32227658.16,117,9,0.0,CTR-132,8,0,1.0745,0.455,COASTAL,2025,41243170.5,46.46
MPLADS-4866,Kerala,LOK_SABHA,Drinking Water,8311516.77,7475803.71,342,383,100.0,CTR-130,10,91,1.3489,0.4231,COASTAL,2024,12658062.45,123.01
MPLADS-4867,Andaman and Nicobar Islands,LOK_SABHA,Healthcare,32739389.65,33430418.0,108,46,65.23,CTR-115,8,39,1.2232,0.064,COASTAL,2023,47426489.77,37.46
MPLADS-4868,Uttar Pradesh,LOK_SABHA,Drinking Water,7792453.44,7322595.58,498,35,5.02,CTR-086,11,62,1.318,0.0921,PLAIN,2024,11145467.43,73.77
MPLADS-4869,Dadra and Nagar Haveli and Daman and Diu,LOK_SABHA,Bridges,5717758.03,4609788.72,113,115,100.0,CTR-117,0,11,1.2858,0.5258,PLAIN,2025,6745306.31,9.2
MPLADS-4870,Punjab,LOK_SABHA,Healthcare,1077415.28,1056950.85,296,267,100.0,CTR-008,11,45,1.0232,0.9623,PLAIN,2024,1265603.12,89.42
MPLADS-4871,Ladakh,RAJYA_SABHA,Other Public Assets,19931404.38,18942900.32,188,44,0.0,CTR-165,6,16,1.2785,0.3221,HILLY,2025,31803732.45,70.54
MPLADS-4872,Assam,LOK_SABHA,Electrification,14201540.58,11677051.9,464,281,45.5,CTR-102,3,84,1.0406,0.63,PLAIN,2025,13757241.09,115.93
MPLADS-4873,Odisha,LOK_SABHA,Education,20969394.24,19563702.67,519,493,72.49,CTR-180,8,78,1.0933,0.9145,COASTAL,2024,25439516.69,108.65
MPLADS-4874,Himachal Pradesh,LOK_SABHA,Electrification,14322093.47,12166749.41,441,310,78.44,CTR-053,5,56,1.204,0.2235,PLAIN,2024,15895998.23,68.39
MPLADS-4875,Lakshadweep,LOK_SABHA,Electrification,7633815.26,6611304.56,429,262,17.83,CTR-078,3,51,0.9857,0.5117,COASTAL,2024,7567521.55,65.61
MPLADS-4876,Jammu and Kashmir,LOK_SABHA,Sports Infrastructure,46927039.75,37875358.24,121,176,100.0,CTR-174,11,0,1.2937,0.5561,HILLY,2024,64890052.16,95.29
MPLADS-4877,Arunachal Pradesh,RAJYA_SABHA,Bridges,27423394.72,26360173.45,522,687,100.0,CTR-177,11,54,0.9898,0.5112,HILLY,2025,33897087.5,117.15
MPLADS-4878,Mizoram,LOK_SABHA,Education,17120497.43,15046961.4,292,419,100.0,CTR-157,2,47,1.0463,0.7805,HILLY,2023,19682634.86,95.42
MPLADS-4879,Maharashtra,LOK_SABHA,Other Public Assets,38538289.3,31682596.27,268,364,100.0,CTR-058,2,79,1.3113,0.3203,COASTAL,2025,50486352.56,85.38
MPLADS-4880,Telangana,LOK_SABHA,Bridges,31929176.98,32055178.19,127,9,13.85,CTR-084,13,0,0.9615,0.8129,COASTAL,2024,37832403.62,83.64
MPLADS-4881,Andhra Pradesh,RAJYA_SABHA,Bridges,16840010.81,15826653.85,109,123,51.25,CTR-097,3,0,1.1937,0.8745,COASTAL,2025,22922577.6,80.6
MPLADS-4882,Bihar,LOK_SABHA,Sports Infrastructure,28117775.24,26682711.43,501,285,41.84,CTR-034,8,68,1.3435,0.7267,PLAIN,2025,41980706.18,56.54
MPLADS-4883,Lakshadweep,RAJYA_SABHA,Education,3074414.8,2711947.24,373,289,91.36,CTR-097,3,46,0.9628,0.547,COASTAL,2025,2913833.4,44.52
MPLADS-4884,Gujarat,RAJYA_SABHA,Sports Infrastructure,31833764.01,33274595.74,518,442,59.89,CTR-088,4,48,1.2972,0.4387,PLAIN,2025,51374990.91,57.9
MPLADS-4885,Andaman and Nicobar Islands,LOK_SABHA,Education,11279152.87,11836168.07,197,84,46.09,CTR-078,3,33,1.2146,0.6459,COASTAL,2024,18001775.89,72.56
MPLADS-4886,Haryana,LOK_SABHA,Drinking Water,6537854.63,6617114.75,255,57,7.26,CTR-018,2,19,1.0091,0.4294,PLAIN,2023,7183932.62,40.26
MPLADS-4887,Karnataka,LOK_SABHA,Community Halls,48664184.31,46450748.28,331,261,92.06,CTR-041,2,75,1.2904,0.2141,HILLY,2024,77935129.03,103.07
MPLADS-4888,Arunachal Pradesh,LOK_SABHA,Drinking Water,12471099.29,11036830.31,211,58,35.09,CTR-083,2,39,1.0882,1.0,HILLY,2023,16265142.3,116.95
MPLADS-4889,Gujarat,LOK_SABHA,Other Public Assets,23236690.62,19088370.53,491,644,100.0,CTR-146,13,45,1.2251,0.0226,PLAIN,2025,27138315.67,76.2
MPLADS-4890,Haryana,LOK_SABHA,Education,35095113.59,32858011.93,173,121,59.45,CTR-187,2,28,1.3499,1.0,HILLY,2023,59501429.9,103.24
MPLADS-4891,Delhi,RAJYA_SABHA,Sanitation,35866248.77,35631848.8,298,263,99.27,CTR-187,2,37,1.1807,0.3585,DESERT,2024,50703952.05,71.09
MPLADS-4892,Assam,RAJYA_SABHA,Bridges,12442679.27,12462073.62,484,456,78.86,CTR-128,12,87,1.0495,0.275,PLAIN,2025,14783234.74,93.76
MPLADS-4893,Manipur,RAJYA_SABHA,Roads,26732157.56,24230266.17,383,373,100.0,CTR-022,5,47,1.1244,0.4233,HILLY,2024,35207353.97,89.89
MPLADS-4894,Dadra and Nagar Haveli and Daman and Diu,LOK_SABHA,Sports Infrastructure,12983397.99,11465987.35,219,247,100.0,CTR-025,12,12,1.0504,0.2947,PLAIN,2024,13395122.5,66.86
MPLADS-4895,Madhya Pradesh,LOK_SABHA,Drinking Water,34426961.44,34029511.48,276,126,59.25,CTR-075,10,30,1.2755,0.3016,HILLY,2024,57445389.38,77.33
MPLADS-4896,Rajasthan,LOK_SABHA,Roads,9818776.41,7941279.56,198,282,95.34,CTR-186,7,26,1.0877,0.3226,DESERT,2024,10651871.32,72.08
MPLADS-4897,Andhra Pradesh,LOK_SABHA,Healthcare,15744738.27,13625922.77,433,407,100.0,CTR-108,10,71,1.2621,0.1892,PLAIN,2024,20832766.75,44.89
MPLADS-4898,Meghalaya,RAJYA_SABHA,Electrification,13210525.92,12712434.36,509,416,59.44,CTR-196,1,97,1.2813,0.983,PLAIN,2023,19832843.83,90.84
MPLADS-4899,Ladakh,LOK_SABHA,Healthcare,49288928.44,50798923.39,295,124,59.78,CTR-052,3,13,1.1401,0.5243,HILLY,2025,68738912.53,44.91
MPLADS-4900,Rajasthan,LOK_SABHA,Sports Infrastructure,12214233.87,10698109.94,402,288,74.33,CTR-153,14,31,1.0329,0.5564,PLAIN,2025,12764420.14,82.06
MPLADS-4901,Uttarakhand,RAJYA_SABHA,Sports Infrastructure,29928935.49,25358596.05,245,178,71.78,CTR-091,6,48,0.9856,0.4218,HILLY,2025,31530299.45,81.95
MPLADS-4902,Andaman and Nicobar Islands,RAJYA_SABHA,Roads,37078451.37,32967565.58,527,753,90.46,CTR-166,13,50,1.0568,0.2145,COASTAL,2025,40356132.84,88.71
MPLADS-4903,Delhi,LOK_SABHA,Healthcare,11982139.85,11271549.24,207,94,35.88,CTR-179,14,10,1.0201,0.376,DESERT,2025,14505233.25,104.84
MPLADS-4904,Delhi,LOK_SABHA,Sports Infrastructure,2250211.31,1955345.43,529,704,100.0,CTR-167,5,41,1.0052,0.3338,HILLY,2024,2425773.91,60.69
MPLADS-4905,Uttar Pradesh,RAJYA_SABHA,Electrification,33688623.82,29655175.06,141,99,66.7,CTR-055,7,62,1.2157,0.6305,HILLY,2023,48517338.59,107.78
MPLADS-4906,Jharkhand,LOK_SABHA,Electrification,41485777.71,36032986.9,323,32,30.16,CTR-098,10,50,1.1433,0.7023,COASTAL,2025,48534223.05,77.66
MPLADS-4907,West Bengal,LOK_SABHA,Sports Infrastructure,10429179.42,10487692.78,531,34,47.82,CTR-032,3,64,1.173,0.456,COASTAL,2025,14465823.11,38.93
MPLADS-4908,Manipur,LOK_SABHA,Electrification,26842932.56,22152265.98,376,502,73.86,CTR-115,8,52,1.299,1.0,HILLY,2024,39862367.39,162.32
MPLADS-4909,Puducherry,RAJYA_SABHA,Sports Infrastructure,37012589.96,30895741.53,204,96,52.1,CTR-200,15,25,1.2367,0.9293,PLAIN,2025,46255612.36,120.96
MPLADS-4910,Nagaland,LOK_SABHA,Electrification,44753334.92,45624952.32,212,53,29.52,CTR-138,0,50,1.1068,0.4044,HILLY,2024,61209684.29,57.51
MPLADS-4911,Dadra and Nagar Haveli and Daman and Diu,RAJYA_SABHA,Sports Infrastructure,47548385.73,44094598.1,147,193,81.4,CTR-081,15,0,1.2216,0.9082,PLAIN,2025,63515196.92,134.54
MPLADS-4912,Rajasthan,RAJYA_SABHA,Other Public Assets,6815516.51,6850739.58,233,180,67.44,CTR-088,4,21,1.1463,0.3907,DESERT,2025,9788901.87,42.33
MPLADS-4913,Punjab,RAJYA_SABHA,Other Public Assets,33666296.22,29215405.61,437,0,9.04,CTR-144,6,40,1.0555,0.7766,PLAIN,2024,33631474.56,72.58
MPLADS-4914,Haryana,RAJYA_SABHA,Bridges,19569123.86,19614291.43,215,314,100.0,CTR-168,2,22,1.2112,0.391,COASTAL,2025,27941189.69,22.65
MPLADS-4915,Meghalaya,RAJYA_SABHA,Sports Infrastructure,34556078.99,35500322.03,133,101,87.65,CTR-046,15,0,1.0449,0.6914,HILLY,2024,48537359.19,125.28
MPLADS-4916,Sikkim,LOK_SABHA,Sports Infrastructure,47675358.52,44157222.39,424,343,100.0,CTR-045,1,55,1.2664,1.0,HILLY,2023,74714333.11,67.47
MPLADS-4917,Arunachal Pradesh,LOK_SABHA,Community Halls,26835678.86,27321122.58,315,357,69.13,CTR-007,1,32,1.047,0.9964,HILLY,2025,37885655.13,112.93
MPLADS-4918,Uttarakhand,LOK_SABHA,Bridges,21919262.25,21073215.33,530,427,76.41,CTR-087,1,58,1.1715,0.1424,PLAIN,2023,27795590.23,26.75
MPLADS-4919,Delhi,RAJYA_SABHA,Bridges,33661778.4,34189966.12,510,214,42.71,CTR-087,1,42,1.1152,0.9244,PLAIN,2025,43296870.22,74.85
MPLADS-4920,Nagaland,LOK_SABHA,Education,23346493.36,19494753.2,242,121,52.84,CTR-049,10,23,1.0044,1.0,HILLY,2025,26110405.56,111.05
MPLADS-4921,Nagaland,LOK_SABHA,Healthcare,5020643.76,4653992.16,343,390,87.09,CTR-179,14,46,1.0217,0.619,DESERT,2024,5673834.96,114.62
MPLADS-4922,Ladakh,RAJYA_SABHA,Sports Infrastructure,26043842.15,25098562.11,505,424,91.31,CTR-127,1,15,1.0215,0.4714,HILLY,2024,30427201.76,66.29
MPLADS-4923,Rajasthan,LOK_SABHA,Community Halls,38335750.91,31228719.56,416,236,52.64,CTR-177,11,30,0.9857,0.5937,DESERT,2023,38161277.9,105.87
MPLADS-4924,Madhya Pradesh,LOK_SABHA,Healthcare,28101713.55,25121745.02,216,8,0.0,CTR-045,1,46,1.3052,0.559,PLAIN,2025,38722791.88,30.62
MPLADS-4925,Himachal Pradesh,LOK_SABHA,Electrification,16244888.07,13572994.07,496,558,100.0,CTR-084,13,54,1.3355,0.7086,HILLY,2023,24538164.5,105.94
MPLADS-4926,Tamil Nadu,RAJYA_SABHA,Electrification,13147157.95,12456087.17,91,85,88.77,CTR-034,8,23,1.3066,0.014,PLAIN,2023,19170761.91,33.36
MPLADS-4927,West Bengal,LOK_SABHA,Electrification,16833260.05,14710456.05,540,84,15.87,CTR-190,4,71,1.2166,0.369,COASTAL,2025,21285334.93,72.5
MPLADS-4928,Tripura,LOK_SABHA,Community Halls,25933971.13,23722505.88,454,633,94.7,CTR-059,11,45,1.3053,0.2219,PLAIN,2024,35754608.94,66.69
MPLADS-4929,Ladakh,LOK_SABHA,Roads,22828642.06,23769474.54,385,203,25.22,CTR-187,2,14,1.3379,0.4361,HILLY,2025,40282313.3,73.11
MPLADS-4930,Lakshadweep,LOK_SABHA,Sports Infrastructure,6490823.61,6703104.93,538,758,80.41,CTR-177,11,51,1.2908,0.2784,COASTAL,2024,10937192.44,98.86
MPLADS-4931,Andaman and Nicobar Islands,LOK_SABHA,Education,6299266.84,5637042.34,139,58,53.46,CTR-062,11,10,0.9527,0.8199,COASTAL,2025,6604124.92,60.27
MPLADS-4932,Puducherry,RAJYA_SABHA,Drinking Water,18188735.39,18968248.51,195,256,100.0,CTR-042,12,45,1.2298,0.2964,PLAIN,2023,26409542.9,85.97
MPLADS-4933,Kerala,LOK_SABHA,Electrification,4152859.35,3460014.74,241,344,100.0,CTR-084,13,48,1.285,0.4453,COASTAL,2024,5668234.9,85.4
MPLADS-4934,Tamil Nadu,RAJYA_SABHA,Other Public Assets,28364093.6,24089490.84,485,332,88.52,CTR-055,7,48,1.1146,0.3717,HILLY,2025,33243292.1,77.56
MPLADS-4935,Andhra Pradesh,RAJYA_SABHA,Sports Infrastructure,38143681.64,37623835.28,454,517,87.14,CTR-160,12,72,1.1799,0.6267,COASTAL,2025,56846417.28,87.04
MPLADS-4936,Jammu and Kashmir,LOK_SABHA,Other Public Assets,1176840.34,1067275.6,512,285,49.08,CTR-011,8,40,1.0574,0.487,HILLY,2024,1458744.36,79.79
MPLADS-4937,Goa,RAJYA_SABHA,Sports Infrastructure,41520673.05,36130004.77,531,540,90.97,CTR-062,11,95,1.2886,0.1919,COASTAL,2024,59470215.55,105.38
MPLADS-4938,Rajasthan,RAJYA_SABHA,Electrification,44199485.47,41973481.44,98,27,22.16,CTR-197,5,0,0.9666,1.0,DESERT,2024,49229310.07,84.25
MPLADS-4939,Meghalaya,LOK_SABHA,Education,7575406.58,6978961.6,243,299,78.92,CTR-071,12,20,1.2813,0.5978,PLAIN,2025,10708434.17,80.66
MPLADS-4940,Chandigarh,RAJYA_SABHA,Sports Infrastructure,13066250.62,12015276.89,247,148,67.06,CTR-037,13,26,1.3111,0.1303,COASTAL,2025,18890255.45,59.57
MPLADS-4941,Punjab,RAJYA_SABHA,Other Public Assets,4783541.81,4524361.44,194,162,77.42,CTR-081,15,0,1.048,0.7575,COASTAL,2025,5824115.39,99.54
MPLADS-4942,Himachal Pradesh,RAJYA_SABHA,Drinking Water,35998866.02,29394518.51,532,421,90.88,CTR-130,10,56,1.1076,1.0,HILLY,2024,43589213.94,123.43
MPLADS-4943,Bihar,LOK_SABHA,Roads,22562048.21,21588709.61,140,125,86.93,CTR-042,12,0,1.2668,0.3206,PLAIN,2025,31747732.57,43.23
MPLADS-4944,Punjab,RAJYA_SABHA,Education,46077049.55,46470848.3,340,47,41.13,CTR-104,0,44,1.323,1.0,DESERT,2024,77406771.99,96.37
MPLADS-4945,Andaman and Nicobar Islands,RAJYA_SABHA,Education,22879663.85,20389125.43,104,0,3.65,CTR-136,4,12,1.0947,0.825,PLAIN,2023,25154136.07,30.2
MPLADS-4946,Nagaland,RAJYA_SABHA,Community Halls,49464889.05,40404401.97,133,184,100.0,CTR-193,9,0,1.2715,0.5068,HILLY,2024,65785179.45,73.91
MPLADS-4947,Chandigarh,LOK_SABHA,Bridges,33824073.9,35506651.13,291,338,100.0,CTR-184,11,37,1.2215,0.5698,PLAIN,2023,50218085.75,48.91
MPLADS-4948,Bihar,LOK_SABHA,Other Public Assets,48548538.84,40240639.95,528,616,100.0,CTR-014,12,71,1.3304,0.4084,PLAIN,2024,65729951.82,106.49
MPLADS-4949,Odisha,LOK_SABHA,Drinking Water,31009483.89,26781052.94,315,214,72.05,CTR-089,12,72,1.3022,0.9201,PLAIN,2024,42569358.56,78.4
MPLADS-4950,Kerala,LOK_SABHA,Other Public Assets,43632401.64,37717793.8,159,99,61.6,CTR-079,9,0,1.1983,0.9425,COASTAL,2024,56997909.81,51.29
MPLADS-4951,Goa,LOK_SABHA,Bridges,25813491.59,26735046.79,343,416,77.73,CTR-150,0,89,0.9519,0.8106,COASTAL,2025,29533302.97,117.86
MPLADS-4952,Uttar Pradesh,LOK_SABHA,Bridges,10281747.03,9723365.96,212,112,54.91,CTR-123,10,45,0.9692,0.9115,PLAIN,2024,10518403.36,100.97
MPLADS-4953,Sikkim,LOK_SABHA,Electrification,46572333.2,48532042.04,93,27,38.4,CTR-052,3,35,1.0193,0.2318,DESERT,2025,54893525.8,47.88
MPLADS-4954,Bihar,LOK_SABHA,Education,14813784.06,14123893.32,461,552,100.0,CTR-046,15,74,1.0499,0.4911,PLAIN,2024,17722988.81,133.49
MPLADS-4955,Himachal Pradesh,LOK_SABHA,Other Public Assets,5937094.81,4922011.34,285,20,9.55,CTR-077,5,59,1.2959,1.0,HILLY,2024,8443404.95,102.34
MPLADS-4956,Sikkim,RAJYA_SABHA,Electrification,42835923.18,42962944.74,456,663,100.0,CTR-196,1,51,1.1597,0.9937,HILLY,2025,66565324.58,109.75
MPLADS-4957,Andaman and Nicobar Islands,LOK_SABHA,Education,32802037.83,31667116.56,264,384,87.62,CTR-020,7,48,1.0592,0.5457,COASTAL,2024,40279643.48,77.61
MPLADS-4958,Sikkim,LOK_SABHA,Bridges,14477659.83,11926398.06,136,55,44.23,CTR-060,10,0,1.2737,0.847,HILLY,2025,20408945.27,92.58
MPLADS-4959,Himachal Pradesh,LOK_SABHA,Other Public Assets,39550145.15,32786704.66,420,324,84.91,CTR-086,11,56,1.1588,0.877,HILLY,2024,52254910.74,103.62
MPLADS-4960,Madhya Pradesh,LOK_SABHA,Other Public Assets,26326890.72,27450227.77,378,272,93.81,CTR-184,11,49,1.1239,0.5933,COASTAL,2024,39955063.97,89.26
MPLADS-4961,Kerala,LOK_SABHA,Sports Infrastructure,49671028.07,39852635.02,180,16,26.42,CTR-175,11,59,1.2577,0.4579,COASTAL,2025,63580214.8,76.52
MPLADS-4962,Karnataka,RAJYA_SABHA,Healthcare,40714014.41,41215510.78,263,112,33.39,CTR-090,13,17,1.0753,0.4387,HILLY,2025,57140777.43,102.32
MPLADS-4963,Mizoram,LOK_SABHA,Sports Infrastructure,21737398.75,18244878.83,479,571,100.0,CTR-143,4,54,1.1375,0.9329,DESERT,2025,25487750.1,81.7
MPLADS-4964,Karnataka,LOK_SABHA,Roads,24253499.85,24502775.46,206,151,61.27,CTR-013,11,21,1.0735,0.3477,PLAIN,2025,29125768.07,86.12
MPLADS-4965,Maharashtra,LOK_SABHA,Bridges,3307907.5,2845021.16,504,290,64.29,CTR-149,13,78,1.0823,0.492,COASTAL,2023,3842686.43,122.66
MPLADS-4966,Puducherry,LOK_SABHA,Sanitation,33110760.32,29554604.02,227,311,100.0,CTR-058,2,48,1.0604,0.3595,PLAIN,2025,32770157.68,54.28
MPLADS-4967,Haryana,RAJYA_SABHA,Sanitation,15049993.98,12877192.42,521,737,81.94,CTR-043,11,40,1.1954,0.948,HILLY,2024,20022678.56,117.04
MPLADS-4968,Himachal Pradesh,RAJYA_SABHA,Drinking Water,6829129.67,6796609.69,107,95,98.15,CTR-007,1,45,1.2993,0.9612,DESERT,2024,11526496.2,64.82
MPLADS-4969,Bihar,LOK_SABHA,Drinking Water,14230142.34,14868921.24,197,31,0.0,CTR-050,12,0,0.9932,0.6019,PLAIN,2025,15812870.29,57.66
MPLADS-4970,Dadra and Nagar Haveli and Daman and Diu,LOK_SABHA,Other Public Assets,17034246.09,14593137.23,520,602,100.0,CTR-076,7,46,1.0185,0.4322,HILLY,2025,18500675.07,96.72
MPLADS-4971,Puducherry,RAJYA_SABHA,Healthcare,24152768.95,24904208.46,448,30,11.92,CTR-029,8,47,1.2122,0.7163,PLAIN,2025,34111606.46,86.52
MPLADS-4972,Chandigarh,RAJYA_SABHA,Roads,41927191.44,33954207.93,332,277,79.38,CTR-150,0,46,1.2482,0.3352,COASTAL,2025,50837982.87,56.03
MPLADS-4973,Assam,LOK_SABHA,Other Public Assets,5579795.05,4699020.9,367,339,82.43,CTR-081,15,87,1.1605,0.6351,PLAIN,2025,6580302.9,123.4
MPLADS-4974,Bihar,LOK_SABHA,Healthcare,27703633.67,24251011.02,274,396,75.7,CTR-146,13,72,1.0611,0.0316,PLAIN,2025,28876109.47,114.85
MPLADS-4975,Kerala,RAJYA_SABHA,Bridges,23326561.19,22612483.83,401,247,60.42,CTR-017,8,92,1.2768,0.7534,PLAIN,2024,34574804.32,103.84
MPLADS-4976,Punjab,LOK_SABHA,Drinking Water,33064508.06,27360482.87,382,220,47.3,CTR-159,8,45,1.0415,0.2778,HILLY,2023,36199852.65,89.49
MPLADS-4977,Telangana,LOK_SABHA,Healthcare,31308886.31,26973748.94,166,94,65.77,CTR-086,11,0,1.1116,0.5582,PLAIN,2025,35240563.24,37.09
MPLADS-4978,Kerala,RAJYA_SABHA,Electrification,36168164.3,34670877.12,258,134,70.9,CTR-025,12,37,1.2101,0.7752,COASTAL,2024,52387120.2,99.36
MPLADS-4979,Meghalaya,RAJYA_SABHA,Other Public Assets,40570241.48,35103407.75,230,292,100.0,CTR-105,12,27,0.9529,0.7165,HILLY,2025,43772557.3,83.67
MPLADS-4980,Telangana,RAJYA_SABHA,Healthcare,39071577.54,35035680.18,109,78,90.83,CTR-077,5,0,1.2112,0.632,HILLY,2024,55348903.82,70.05
MPLADS-4981,Ladakh,RAJYA_SABHA,Sanitation,16972631.11,15149165.29,475,567,97.54,CTR-158,8,14,1.1539,0.9202,HILLY,2024,23315717.91,90.53
MPLADS-4982,Tripura,LOK_SABHA,Sports Infrastructure,35894928.83,29342033.14,323,418,100.0,CTR-145,15,34,1.0904,0.4797,PLAIN,2023,37335927.8,78.67
MPLADS-4983,Uttar Pradesh,LOK_SABHA,Sanitation,5597600.12,5026834.03,438,570,100.0,CTR-027,6,55,1.2557,1.0,DESERT,2025,8066215.31,90.33
MPLADS-4984,Kerala,RAJYA_SABHA,Sanitation,20018990.58,19860757.76,173,160,94.02,CTR-025,12,70,1.2393,0.0214,COASTAL,2024,30861200.45,86.04
MPLADS-4985,Uttarakhand,LOK_SABHA,Bridges,44836658.34,42849477.26,325,470,93.71,CTR-172,1,68,0.9873,0.0848,PLAIN,2024,43595330.03,67.7
MPLADS-4986,Mizoram,LOK_SABHA,Roads,3629686.89,3160764.26,529,105,29.97,CTR-019,13,48,1.067,0.3084,DESERT,2024,4036472.71,97.06
MPLADS-4987,Uttarakhand,LOK_SABHA,Education,43117980.57,36290321.64,292,239,85.63,CTR-072,3,62,0.9943,0.6674,HILLY,2023,46340979.71,108.66
MPLADS-4988,Nagaland,LOK_SABHA,Community Halls,4404611.04,4045958.15,155,200,100.0,CTR-082,6,50,1.2553,0.2181,HILLY,2025,6498313.11,61.86
MPLADS-4989,Goa,RAJYA_SABHA,Sanitation,30626962.18,27464976.42,353,67,19.88,CTR-014,12,80,0.958,0.9072,COASTAL,2025,31579277.5,176.51
MPLADS-4990,Rajasthan,LOK_SABHA,Drinking Water,4278492.34,4197569.57,492,570,87.91,CTR-047,7,32,1.3478,1.0,DESERT,2025,7210706.27,105.98
MPLADS-4991,Lakshadweep,RAJYA_SABHA,Bridges,27063436.75,22622737.2,472,72,39.44,CTR-097,3,47,1.0844,0.5057,COASTAL,2023,29498417.88,52.2
MPLADS-4992,Nagaland,LOK_SABHA,Sanitation,4058698.58,3420311.84,380,22,17.64,CTR-117,0,48,1.1906,0.8705,HILLY,2024,5474686.03,84.51
MPLADS-4993,Punjab,RAJYA_SABHA,Electrification,49935647.33,42419316.09,513,153,31.91,CTR-098,10,49,1.1757,0.9062,HILLY,2025,66286148.91,96.26
MPLADS-4994,Maharashtra,LOK_SABHA,Healthcare,23383744.91,24259880.67,102,64,61.63,CTR-077,5,0,1.3186,0.5831,COASTAL,2024,39410968.44,52.8
MPLADS-4995,Arunachal Pradesh,LOK_SABHA,Community Halls,49331120.48,48424849.68,453,330,61.61,CTR-068,5,44,1.3295,0.7323,PLAIN,2024,76317161.01,65.84
MPLADS-4996,Nagaland,LOK_SABHA,Other Public Assets,2097566.95,1940230.1,340,312,78.5,CTR-018,2,47,1.0223,0.9418,HILLY,2023,2608153.95,121.19
MPLADS-4997,Maharashtra,LOK_SABHA,Sports Infrastructure,43658209.11,36229342.02,516,82,0.64,CTR-124,7,80,1.0464,0.2483,COASTAL,2025,43233836.17,104.19
MPLADS-4998,West Bengal,LOK_SABHA,Roads,45949764.19,45358054.5,91,29,0.0,CTR-146,13,49,1.1889,0.6431,HILLY,2023,71252333.08,138.67
MPLADS-4999,Kerala,RAJYA_SABHA,Sports Infrastructure,6081565.59,4942483.21,139,165,81.39,CTR-035,14,61,1.0407,0.61,COASTAL,2025,6432660.17,76.62
MPLADS-5000,Maharashtra,RAJYA_SABHA,Drinking Water,25181010.26,24848075.34,248,327,79.79,CTR-002,12,62,1.0714,0.7522,PLAIN,2023,30725991.59,126.04
